#
# There is insufficient memory for the Java Runtime Environment to continue.
# Native memory allocation (mmap) failed to map 520093696 bytes. Error detail: G1 virtual space
# Possible reasons:
#   The system is out of physical RAM or swap space
#   This process is running with CompressedOops enabled, and the Java Heap may be blocking the growth of the native heap
# Possible solutions:
#   Reduce memory load on the system
#   Increase physical memory or swap space
#   Check if swap backing store is full
#   Decrease Java heap size (-Xmx/-Xms)
#   Decrease number of Java threads
#   Decrease Java thread stack sizes (-Xss)
#   Set larger code cache with -XX:ReservedCodeCacheSize=
#   JVM is running with Unscaled Compressed Oops mode in which the Java heap is
#     placed in the first 4GB address space. The Java Heap base address is the
#     maximum limit for the native heap growth. Please use -XX:HeapBaseMinAddress
#     to set the Java Heap base and to place the Java Heap above 4GB virtual address.
# This output file may be truncated or incomplete.
#
#  Out of Memory Error (os_windows.cpp:3583), pid=11076, tid=23448
#
# JRE version: Java(TM) SE Runtime Environment (26.0.1+8) (build 26.0.1+8-34)
# Java VM: Java HotSpot(TM) 64-Bit Server VM (26.0.1+8-34, mixed mode, sharing, tiered, compressed oops, compressed class ptrs, g1 gc, windows-amd64)
# No core dump will be written. Minidumps are not enabled by default on client versions of Windows
#

---------------  S U M M A R Y ------------

Command Line: --add-opens=java.base/java.lang=ALL-UNNAMED --add-opens=java.base/java.lang.invoke=ALL-UNNAMED --add-opens=java.base/java.util=ALL-UNNAMED --add-opens=java.prefs/java.util.prefs=ALL-UNNAMED --add-exports=jdk.compiler/com.sun.tools.javac.api=ALL-UNNAMED --add-exports=jdk.compiler/com.sun.tools.javac.util=ALL-UNNAMED --add-opens=java.base/java.util=ALL-UNNAMED --add-opens=java.prefs/java.util.prefs=ALL-UNNAMED --add-opens=java.base/java.nio.charset=ALL-UNNAMED --add-opens=java.base/java.net=ALL-UNNAMED --add-opens=java.base/java.util.concurrent.atomic=ALL-UNNAMED --add-opens=java.xml/javax.xml.namespace=ALL-UNNAMED --enable-native-access=ALL-UNNAMED -Xmx1536m -Dfile.encoding=UTF-8 -Duser.country=US -Duser.language=en -Duser.variant -javaagent:C:\Users\LEGION\.gradle\wrapper\dists\gradle-8.14.3-all\10utluxaxniiv4wxiphsi49nj\gradle-8.14.3\lib\agents\gradle-instrumentation-agent-8.14.3.jar org.gradle.launcher.daemon.bootstrap.GradleDaemon 8.14.3

Host: Intel(R) Core(TM) i7-14700HX, 28 cores, 15G,  Windows 11 , 64 bit Build 26100 (10.0.26100.8328)
Time: Tue Jun  9 01:20:10 2026 SE Asia Standard Time elapsed time: 8.703985 seconds (0d 0h 0m 8s)

---------------  T H R E A D  ---------------

Current thread (0x0000019e28ae6c50):  VMThread "VM Thread"          [id=23448, stack(0x00000058ec100000,0x00000058ec200000) (1024K)]

Stack: [0x00000058ec100000,0x00000058ec200000]
Native frames: (J=compiled Java code, j=interpreted, Vv=VM code, C=native code)
V  [jvm.dll+0x7d5879]  (no source info available)
V  [jvm.dll+0x7a37dd]  (no source info available)
V  [jvm.dll+0x9b0c10]  (no source info available)
V  [jvm.dll+0x9b3061]  (no source info available)
V  [jvm.dll+0x9b3773]  (no source info available)
V  [jvm.dll+0x30df76]  (no source info available)
V  [jvm.dll+0x7d4d45]  (no source info available)
V  [jvm.dll+0x7c7f07]  (no source info available)
V  [jvm.dll+0x4087e8]  (no source info available)
V  [jvm.dll+0x410b56]  (no source info available)
V  [jvm.dll+0x3fcef4]  (no source info available)
V  [jvm.dll+0x3fd1e5]  (no source info available)
V  [jvm.dll+0x3d3b6f]  (no source info available)
V  [jvm.dll+0x3d6ddc]  (no source info available)
V  [jvm.dll+0x4223ec]  (no source info available)
V  [jvm.dll+0x420d33]  (no source info available)
V  [jvm.dll+0x3d3308]  (no source info available)
V  [jvm.dll+0x4200f3]  (no source info available)
V  [jvm.dll+0x9b9c21]  (no source info available)
V  [jvm.dll+0x9babeb]  (no source info available)
V  [jvm.dll+0x9bb0fc]  (no source info available)
V  [jvm.dll+0x9bb579]  (no source info available)
V  [jvm.dll+0x9bb823]  (no source info available)
V  [jvm.dll+0x94f649]  (no source info available)
V  [jvm.dll+0x7d7358]  (no source info available)
C  [ucrtbase.dll+0x37b0]  (no source info available)
C  [KERNEL32.DLL+0x2e957]  (no source info available)
C  [ntdll.dll+0x427c]  (no source info available)

VM_Operation (0x00000058805fef38): G1CollectForAllocation, mode: safepoint, requested by thread 0x0000019e2fd803e0


---------------  P R O C E S S  ---------------

Threads class SMR info:
_java_thread_list=0x0000019e3578a5e0, length=261, elements={
0x0000019e0ab90500, 0x0000019e28c3f2d0, 0x0000019e28c3fbd0, 0x0000019e28c42630,
0x0000019e28c44470, 0x0000019e28c45150, 0x0000019e28c45d00, 0x0000019e28c4f970,
0x0000019e28c602d0, 0x0000019e28c5e290, 0x0000019e28c60ae0, 0x0000019e29373310,
0x0000019e29450d50, 0x0000019e28c5eaa0, 0x0000019e2f638ba0, 0x0000019e2f639370,
0x0000019e2f636490, 0x0000019e2f872fa0, 0x0000019e2f879530, 0x0000019e2f8775f0,
0x0000019e2f934ba0, 0x0000019e2f93a190, 0x0000019e2f93a960, 0x0000019e31c98010,
0x0000019e31c98fb0, 0x0000019e31c97070, 0x0000019e31c99f50, 0x0000019e31c968a0,
0x0000019e31d7fd00, 0x0000019e31d7e590, 0x0000019e31d82410, 0x0000019e31d83b80,
0x0000019e2fc3acf0, 0x0000019e2fc3c460, 0x0000019e2fc3a520, 0x0000019e2fc3d400,
0x0000019e2fc3cc30, 0x0000019e2fc3dbd0, 0x0000019e2fc3eb70, 0x0000019e2fc3f340,
0x0000019e32e93080, 0x0000019e32e947f0, 0x0000019e32e94fc0, 0x0000019e32e928b0,
0x0000019e32e976d0, 0x0000019e32033f40, 0x0000019e34de4ba0, 0x0000019e34de7a80,
0x0000019e34de8250, 0x0000019e34de6ae0, 0x0000019e34de99c0, 0x0000019e34de72b0,
0x0000019e34ded070, 0x0000019e34deefb0, 0x0000019e34deb900, 0x0000019e34ef3640,
0x0000019e34ef0f30, 0x0000019e34ef6cf0, 0x0000019e34ef8460, 0x0000019e34ef5580,
0x0000019e34ef74c0, 0x0000019e34ef9bd0, 0x0000019e34efa3a0, 0x0000019e34ef8c30,
0x0000019e34efcab0, 0x0000019e34ef9400, 0x0000019e2fd7adf0, 0x0000019e2fd7e4a0,
0x0000019e2fd7cd30, 0x0000019e2fd7ec70, 0x0000019e2fd7bd90, 0x0000019e2fd803e0,
0x0000019e2fd7fc10, 0x0000019e2fd83a90, 0x0000019e2fd832c0, 0x0000019e2fd82af0,
0x0000019e2fd859d0, 0x0000019e32e3aa70, 0x0000019e32e39240, 0x0000019e2fd888b0,
0x0000019e2fd87910, 0x0000019e2fd89850, 0x0000019e2fd8afc0, 0x0000019e2fd8cf00,
0x0000019e2fd8d6d0, 0x0000019e2fd8b790, 0x0000019e2fd8a020, 0x0000019e2fd8e670,
0x0000019e2fd90d80, 0x0000019e2fd91550, 0x0000019e2fd91d20, 0x0000019e2fd93c60,
0x0000019e2fd94c00, 0x0000019e2fd95ba0, 0x0000019e2fd953d0, 0x0000019e2fd924f0,
0x0000019e2fd93490, 0x0000019e2fd982b0, 0x0000019e2fd9b190, 0x0000019e2fd9a9c0,
0x0000019e2fd5d930, 0x0000019e2fd5c990, 0x0000019e2fd5c1c0, 0x0000019e2fd5b9f0,
0x0000019e2fd5e8d0, 0x0000019e2fd617b0, 0x0000019e2fd5f0a0, 0x0000019e319aeb70,
0x0000019e2fd65630, 0x0000019e2fd63ec0, 0x0000019e2fd64690, 0x0000019e2fd64e60,
0x0000019e2fd65e00, 0x0000019e2fd6d330, 0x0000019e2fd6b3f0, 0x0000019e2fd6ac20,
0x0000019e2fd6e2d0, 0x0000019e2fd72150, 0x0000019e2fd70210, 0x0000019e2fd709e0,
0x0000019e2fd730f0, 0x0000019e2fd711b0, 0x0000019e2fd76f70, 0x0000019e2fd738c0,
0x0000019e2fd767a0, 0x0000019e2fd77740, 0x0000019e2fd786e0, 0x0000019e2fd75800,
0x0000019e2fd79e50, 0x0000019e34f10330, 0x0000019e34f11aa0, 0x0000019e34f0e3f0,
0x0000019e34f0ebc0, 0x0000019e34f0f390, 0x0000019e34f14980, 0x0000019e34f18800,
0x0000019e34f15150, 0x0000019e34f15920, 0x0000019e34f1b6e0, 0x0000019e34f19f70,
0x0000019e34f1a740, 0x0000019e34f197a0, 0x0000019e34f1d620, 0x0000019e34f1ddf0,
0x0000019e34f21c70, 0x0000019e34f214a0, 0x0000019e34f1fd30, 0x0000019e34f20cd0,
0x0000019e34f22c10, 0x0000019e34f25320, 0x0000019e34f26a90, 0x0000019e34f27260,
0x0000019e34f24b50, 0x0000019e34f24380, 0x0000019e34f291a0, 0x0000019e34f2b0e0,
0x0000019e34f28200, 0x0000019e34f2b8b0, 0x0000019e34f2c850, 0x0000019e34f2d7f0,
0x0000019e34f2e790, 0x0000019e34ef26a0, 0x0000019e34ef2e70, 0x0000019e34efe9f0,
0x0000019e34efd280, 0x0000019e34f03810, 0x0000019e34f047b0, 0x0000019e34f020a0,
0x0000019e34f018d0, 0x0000019e34f04f80, 0x0000019e34f05f20, 0x0000019e34f066f0,
0x0000019e34f07690, 0x0000019e34f0bce0, 0x0000019e34f09da0, 0x0000019e34f0a570,
0x0000019e34f0c4b0, 0x0000019e34f0cc80, 0x0000019e34f0d450, 0x0000019e34f0dc20,
0x0000019e317bd810, 0x0000019e317bc0a0, 0x0000019e317bc870, 0x0000019e317bff20,
0x0000019e317c1e60, 0x0000019e317c2e00, 0x0000019e317c2630, 0x0000019e317c4570,
0x0000019e317c83f0, 0x0000019e317c5510, 0x0000019e317c4d40, 0x0000019e317c6c80,
0x0000019e317c7450, 0x0000019e317c8bc0, 0x0000019e317c9390, 0x0000019e317c9b60,
0x0000019e317ca330, 0x0000019e317cb2d0, 0x0000019e317cbaa0, 0x0000019e317cf150,
0x0000019e317cf920, 0x0000019e317d00f0, 0x0000019e317d3f70, 0x0000019e317d1090,
0x0000019e317d7df0, 0x0000019e317d6680, 0x0000019e317d5eb0, 0x0000019e317d85c0,
0x0000019e317d56e0, 0x0000019e317da500, 0x0000019e317dacd0, 0x0000019e35b72fd0,
0x0000019e35b737a0, 0x0000019e35b73f70, 0x0000019e35b708c0, 0x0000019e35b71860,
0x0000019e35b78d90, 0x0000019e35b76e50, 0x0000019e35b75eb0, 0x0000019e35b756e0,
0x0000019e35b79d30, 0x0000019e35b7acd0, 0x0000019e35b785c0, 0x0000019e35b7e380,
0x0000019e35b7c440, 0x0000019e35b7eb50, 0x0000019e35b7cc10, 0x0000019e35b81260,
0x0000019e35b82200, 0x0000019e35b81a30, 0x0000019e35b86080, 0x0000019e35b858b0,
0x0000019e35b86850, 0x0000019e35b83970, 0x0000019e35b8aea0, 0x0000019e35b877f0,
0x0000019e35b8b670, 0x0000019e35b8be40, 0x0000019e35b89730, 0x0000019e35b88790,
0x0000019e35b8dd80, 0x0000019e35b8f4f0, 0x0000019e352fb780, 0x0000019e352fe660,
0x0000019e352fc720, 0x0000019e352fde90, 0x0000019e352fcef0, 0x0000019e35301d10,
0x0000019e35301540, 0x0000019e35302cb0, 0x0000019e35300d70, 0x0000019e35306b30,
0x0000019e353053c0, 0x0000019e35303480, 0x0000019e3530a1e0, 0x0000019e35308a70,
0x0000019e3530a9b0, 0x0000019e3530b180, 0x0000019e3530d0c0, 0x0000019e3530f000,
0x0000019e3530b950
}

Java Threads: ( => current thread )
  0x0000019e0ab90500 JavaThread "main"                              [_thread_blocked, id=22396, stack(0x00000058eb900000,0x00000058eba00000) (1024K)]
  0x0000019e28c3f2d0 JavaThread "Reference Handler"          daemon [_thread_blocked, id=31732, stack(0x00000058ec200000,0x00000058ec300000) (1024K)]
  0x0000019e28c3fbd0 JavaThread "Finalizer"                  daemon [_thread_blocked, id=29624, stack(0x00000058ec300000,0x00000058ec400000) (1024K)]
  0x0000019e28c42630 JavaThread "Signal Dispatcher"          daemon [_thread_blocked, id=8788, stack(0x00000058ec400000,0x00000058ec500000) (1024K)]
  0x0000019e28c44470 JavaThread "Attach Listener"            daemon [_thread_blocked, id=33808, stack(0x00000058ec500000,0x00000058ec600000) (1024K)]
  0x0000019e28c45150 JavaThread "Service Thread"             daemon [_thread_blocked, id=1464, stack(0x00000058ec600000,0x00000058ec700000) (1024K)]
  0x0000019e28c45d00 JavaThread "Monitor Deflation Thread"   daemon [_thread_blocked, id=21660, stack(0x00000058ec700000,0x00000058ec800000) (1024K)]
  0x0000019e28c4f970 JavaThread "C2 CompilerThread0"         daemon [_thread_blocked, id=36324, stack(0x00000058ec800000,0x00000058ec900000) (1024K)]
  0x0000019e28c602d0 JavaThread "C1 CompilerThread0"         daemon [_thread_blocked, id=48104, stack(0x00000058ec900000,0x00000058eca00000) (1024K)]
  0x0000019e28c5e290 JavaThread "C1 CompilerThread1"         daemon [_thread_blocked, id=48316, stack(0x00000058eca00000,0x00000058ecb00000) (1024K)]
  0x0000019e28c60ae0 JavaThread "C1 CompilerThread2"         daemon [_thread_blocked, id=32168, stack(0x00000058ecb00000,0x00000058ecc00000) (1024K)]
  0x0000019e29373310 JavaThread "Common-Cleaner"             daemon [_thread_blocked, id=42104, stack(0x00000058ecc00000,0x00000058ecd00000) (1024K)]
  0x0000019e29450d50 JavaThread "Notification Thread"        daemon [_thread_blocked, id=2796, stack(0x00000058ecd00000,0x00000058ece00000) (1024K)]
  0x0000019e28c5eaa0 JavaThread "C1 CompilerThread3"         daemon [_thread_blocked, id=13116, stack(0x00000058ed300000,0x00000058ed400000) (1024K)]
  0x0000019e2f638ba0 JavaThread "Daemon health stats"               [_thread_blocked, id=16836, stack(0x00000058ed400000,0x00000058ed500000) (1024K)]
  0x0000019e2f639370 JavaThread "Incoming local TCP Connector on port 58291"        [_thread_in_native, id=12396, stack(0x00000058ed500000,0x00000058ed600000) (1024K)]
  0x0000019e2f636490 JavaThread "Daemon periodic checks"            [_thread_blocked, id=43236, stack(0x00000058ed600000,0x00000058ed700000) (1024K)]
  0x0000019e2f872fa0 JavaThread "InnocuousThread-1"          daemon [_thread_blocked, id=17168, stack(0x00000058ed700000,0x00000058ed800000) (1024K)]
  0x0000019e2f879530 JavaThread "Daemon"                            [_thread_blocked, id=15516, stack(0x00000058edf00000,0x00000058ee000000) (1024K)]
  0x0000019e2f8775f0 JavaThread "Daemon worker"                     [_thread_blocked, id=43324, stack(0x00000058ee200000,0x00000058ee300000) (1024K)]
  0x0000019e2f934ba0 JavaThread "Cache worker for journal cache (C:\Users\LEGION\.gradle\caches\journal-1)"        [_thread_blocked, id=20064, stack(0x00000058ee600000,0x00000058ee700000) (1024K)]
  0x0000019e2f93a190 JavaThread "File lock request listener"        [_thread_in_native, id=42708, stack(0x00000058ee700000,0x00000058ee800000) (1024K)]
  0x0000019e2f93a960 JavaThread "Cache worker for file hash cache (C:\Users\LEGION\.gradle\caches\8.14.3\fileHashes)"        [_thread_blocked, id=46964, stack(0x00000058ee800000,0x00000058ee900000) (1024K)]
  0x0000019e31c98010 JavaThread "File watcher server"        daemon [_thread_in_native, id=11408, stack(0x00000058efa00000,0x00000058efb00000) (1024K)]
  0x0000019e31c98fb0 JavaThread "File watcher consumer"      daemon [_thread_blocked, id=29656, stack(0x00000058efb00000,0x00000058efc00000) (1024K)]
  0x0000019e31c97070 JavaThread "jar transforms"                    [_thread_blocked, id=21924, stack(0x00000058efc00000,0x00000058efd00000) (1024K)]
  0x0000019e31c99f50 JavaThread "jar transforms Thread 2"           [_thread_blocked, id=21648, stack(0x00000058efd00000,0x00000058efe00000) (1024K)]
  0x0000019e31c968a0 JavaThread "jar transforms Thread 3"           [_thread_blocked, id=50892, stack(0x00000058efe00000,0x00000058eff00000) (1024K)]
  0x0000019e31d7fd00 JavaThread "jar transforms Thread 4"           [_thread_blocked, id=8320, stack(0x00000058eff00000,0x00000058f0000000) (1024K)]
  0x0000019e31d7e590 JavaThread "jar transforms Thread 5"           [_thread_blocked, id=35168, stack(0x00000058f0000000,0x00000058f0100000) (1024K)]
  0x0000019e31d82410 JavaThread "Cache worker for file content cache (C:\Users\LEGION\.gradle\caches\8.14.3\fileContent)"        [_thread_blocked, id=15808, stack(0x00000058f0200000,0x00000058f0300000) (1024K)]
  0x0000019e31d83b80 JavaThread "jar transforms Thread 6"           [_thread_blocked, id=17524, stack(0x00000058f0300000,0x00000058f0400000) (1024K)]
  0x0000019e2fc3acf0 JavaThread "jar transforms Thread 7"           [_thread_blocked, id=11428, stack(0x00000058f0400000,0x00000058f0500000) (1024K)]
  0x0000019e2fc3c460 JavaThread "jar transforms Thread 8"           [_thread_blocked, id=32700, stack(0x00000058f0500000,0x00000058f0600000) (1024K)]
  0x0000019e2fc3a520 JavaThread "jar transforms Thread 9"           [_thread_blocked, id=10772, stack(0x00000058f0600000,0x00000058f0700000) (1024K)]
  0x0000019e2fc3d400 JavaThread "jar transforms Thread 10"          [_thread_blocked, id=29296, stack(0x00000058f0700000,0x00000058f0800000) (1024K)]
  0x0000019e2fc3cc30 JavaThread "jar transforms Thread 11"          [_thread_blocked, id=7736, stack(0x00000058f0800000,0x00000058f0900000) (1024K)]
  0x0000019e2fc3dbd0 JavaThread "jar transforms Thread 12"          [_thread_blocked, id=47356, stack(0x00000058f0900000,0x00000058f0a00000) (1024K)]
  0x0000019e2fc3eb70 JavaThread "jar transforms Thread 13"          [_thread_blocked, id=12096, stack(0x00000058f0a00000,0x00000058f0b00000) (1024K)]
  0x0000019e2fc3f340 JavaThread "jar transforms Thread 14"          [_thread_blocked, id=11812, stack(0x00000058f0b00000,0x00000058f0c00000) (1024K)]
  0x0000019e32e93080 JavaThread "jar transforms Thread 15"          [_thread_blocked, id=49148, stack(0x00000058f0c00000,0x00000058f0d00000) (1024K)]
  0x0000019e32e947f0 JavaThread "jar transforms Thread 16"          [_thread_blocked, id=28804, stack(0x00000058f0d00000,0x00000058f0e00000) (1024K)]
  0x0000019e32e94fc0 JavaThread "jar transforms Thread 17"          [_thread_blocked, id=49044, stack(0x00000058f0e00000,0x00000058f0f00000) (1024K)]
  0x0000019e32e928b0 JavaThread "jar transforms Thread 18"          [_thread_blocked, id=34040, stack(0x00000058f0f00000,0x00000058f1000000) (1024K)]
  0x0000019e32e976d0 JavaThread "jar transforms Thread 19"          [_thread_blocked, id=28264, stack(0x00000058f1000000,0x00000058f1100000) (1024K)]
  0x0000019e32033f40 JavaThread "jar transforms Thread 20"          [_thread_blocked, id=3360, stack(0x00000058f1300000,0x00000058f1400000) (1024K)]
  0x0000019e34de4ba0 JavaThread "jar transforms Thread 21"          [_thread_blocked, id=50148, stack(0x00000058f6600000,0x00000058f6700000) (1024K)]
  0x0000019e34de7a80 JavaThread "jar transforms Thread 22"          [_thread_blocked, id=51192, stack(0x00000058f6700000,0x00000058f6800000) (1024K)]
  0x0000019e34de8250 JavaThread "jar transforms Thread 23"          [_thread_blocked, id=18156, stack(0x00000058f6800000,0x00000058f6900000) (1024K)]
  0x0000019e34de6ae0 JavaThread "jar transforms Thread 24"          [_thread_blocked, id=10932, stack(0x00000058f6900000,0x00000058f6a00000) (1024K)]
  0x0000019e34de99c0 JavaThread "jar transforms Thread 25"          [_thread_blocked, id=38768, stack(0x00000058f6a00000,0x00000058f6b00000) (1024K)]
  0x0000019e34de72b0 JavaThread "Memory manager"                    [_thread_blocked, id=37300, stack(0x00000058f6b00000,0x00000058f6c00000) (1024K)]
  0x0000019e34ded070 JavaThread "jar transforms Thread 26"          [_thread_blocked, id=4948, stack(0x00000058f6c00000,0x00000058f6d00000) (1024K)]
  0x0000019e34deefb0 JavaThread "jar transforms Thread 27"          [_thread_blocked, id=50776, stack(0x00000058f6d00000,0x00000058f6e00000) (1024K)]
  0x0000019e34deb900 JavaThread "jar transforms Thread 28"          [_thread_blocked, id=16680, stack(0x00000058f6e00000,0x00000058f6f00000) (1024K)]
  0x0000019e34ef3640 JavaThread "pool-3-thread-1"                   [_thread_blocked, id=46868, stack(0x0000005883b00000,0x0000005883c00000) (1024K)]
  0x0000019e34ef0f30 JavaThread "ForkJoinPool.commonPool-worker-1" daemon [_thread_blocked, id=39492, stack(0x0000005883c00000,0x0000005883d00000) (1024K)]
  0x0000019e34ef6cf0 JavaThread "ForkJoinPool.commonPool-worker-2" daemon [_thread_blocked, id=936, stack(0x0000005883d00000,0x0000005883e00000) (1024K)]
  0x0000019e34ef8460 JavaThread "ForkJoinPool.commonPool-worker-3" daemon [_thread_blocked, id=28064, stack(0x0000005883e00000,0x0000005883f00000) (1024K)]
  0x0000019e34ef5580 JavaThread "ForkJoinPool.commonPool-worker-4" daemon [_thread_blocked, id=33208, stack(0x0000005883f00000,0x0000005884000000) (1024K)]
  0x0000019e34ef74c0 JavaThread "ForkJoinPool.commonPool-worker-5" daemon [_thread_blocked, id=3128, stack(0x0000005884000000,0x0000005884100000) (1024K)]
  0x0000019e34ef9bd0 JavaThread "ForkJoinPool.commonPool-worker-6" daemon [_thread_blocked, id=49404, stack(0x0000005884100000,0x0000005884200000) (1024K)]
  0x0000019e34efa3a0 JavaThread "ForkJoinPool.commonPool-worker-8" daemon [_thread_blocked, id=26968, stack(0x0000005884200000,0x0000005884300000) (1024K)]
  0x0000019e34ef8c30 JavaThread "ForkJoinPool.commonPool-worker-7" daemon [_thread_blocked, id=16004, stack(0x0000005884300000,0x0000005884400000) (1024K)]
  0x0000019e34efcab0 JavaThread "ForkJoinPool.commonPool-worker-9" daemon [_thread_blocked, id=10528, stack(0x0000005884400000,0x0000005884500000) (1024K)]
  0x0000019e34ef9400 JavaThread "ForkJoinPool.commonPool-worker-10" daemon [_thread_blocked, id=48552, stack(0x0000005884500000,0x0000005884600000) (1024K)]
  0x0000019e2fd7adf0 JavaThread "VFS cleanup"                       [_thread_blocked, id=11868, stack(0x0000005880000000,0x0000005880100000) (1024K)]
  0x0000019e2fd7e4a0 JavaThread "Handler for socket connection from /127.0.0.1:58291 to /127.0.0.1:51759"        [_thread_in_native, id=33280, stack(0x0000005880100000,0x0000005880200000) (1024K)]
  0x0000019e2fd7cd30 JavaThread "Cancel handler"                    [_thread_blocked, id=39220, stack(0x0000005880200000,0x0000005880300000) (1024K)]
  0x0000019e2fd7ec70 JavaThread "Asynchronous log dispatcher for DefaultDaemonConnection: socket connection from /127.0.0.1:58291 to /127.0.0.1:51759"        [_thread_blocked, id=10888, stack(0x0000005880300000,0x0000005880400000) (1024K)]
  0x0000019e2fd7bd90 JavaThread "Stdin handler"                     [_thread_blocked, id=42768, stack(0x0000005880400000,0x0000005880500000) (1024K)]
  0x0000019e2fd803e0 JavaThread "Daemon client event forwarder"        [_thread_blocked, id=26716, stack(0x0000005880500000,0x0000005880600000) (1024K)]
  0x0000019e2fd7fc10 JavaThread "Cache worker for file hash cache (C:\Users\LEGION\Documents\Projects\Fivgo-FP-PROJECT\Customer\android\.gradle\8.14.3\fileHashes)"        [_thread_blocked, id=12092, stack(0x0000005880600000,0x0000005880700000) (1024K)]
  0x0000019e2fd83a90 JavaThread "Cache worker for Build Output Cleanup Cache (C:\Users\LEGION\Documents\Projects\Fivgo-FP-PROJECT\Customer\android\.gradle\buildOutputCleanup)"        [_thread_blocked, id=44684, stack(0x0000005880700000,0x0000005880800000) (1024K)]
  0x0000019e2fd832c0 JavaThread "Cache worker for checksums cache (C:\Users\LEGION\Documents\Projects\Fivgo-FP-PROJECT\Customer\android\.gradle\8.14.3\checksums)"        [_thread_blocked, id=16844, stack(0x0000005880800000,0x0000005880900000) (1024K)]
  0x0000019e2fd82af0 JavaThread "Cache worker for cache directory md-supplier (C:\Users\LEGION\.gradle\caches\8.14.3\md-supplier)"        [_thread_blocked, id=11612, stack(0x0000005880900000,0x0000005880a00000) (1024K)]
  0x0000019e2fd859d0 JavaThread "Cache worker for cache directory md-rule (C:\Users\LEGION\.gradle\caches\8.14.3\md-rule)"        [_thread_blocked, id=39800, stack(0x0000005880a00000,0x0000005880b00000) (1024K)]
  0x0000019e32e3aa70 JavaThread "C2 CompilerThread1"         daemon [_thread_blocked, id=27904, stack(0x0000005880b00000,0x0000005880c00000) (1024K)]
  0x0000019e32e39240 JavaThread "C2 CompilerThread2"         daemon [_thread_blocked, id=18332, stack(0x0000005880c00000,0x0000005880d00000) (1024K)]
  0x0000019e2fd888b0 JavaThread "Unconstrained build operations"        [_thread_blocked, id=20156, stack(0x0000005880d00000,0x0000005880e00000) (1024K)]
  0x0000019e2fd87910 JavaThread "Unconstrained build operations Thread 2"        [_thread_blocked, id=31200, stack(0x0000005880e00000,0x0000005880f00000) (1024K)]
  0x0000019e2fd89850 JavaThread "Unconstrained build operations Thread 3"        [_thread_blocked, id=34108, stack(0x0000005880f00000,0x0000005881000000) (1024K)]
  0x0000019e2fd8afc0 JavaThread "Unconstrained build operations Thread 4"        [_thread_blocked, id=24912, stack(0x0000005881000000,0x0000005881100000) (1024K)]
  0x0000019e2fd8cf00 JavaThread "Unconstrained build operations Thread 5"        [_thread_blocked, id=17960, stack(0x0000005881100000,0x0000005881200000) (1024K)]
  0x0000019e2fd8d6d0 JavaThread "Unconstrained build operations Thread 6"        [_thread_blocked, id=12060, stack(0x0000005881200000,0x0000005881300000) (1024K)]
  0x0000019e2fd8b790 JavaThread "Unconstrained build operations Thread 7"        [_thread_blocked, id=46556, stack(0x0000005881300000,0x0000005881400000) (1024K)]
  0x0000019e2fd8a020 JavaThread "Unconstrained build operations Thread 8"        [_thread_blocked, id=4924, stack(0x0000005881400000,0x0000005881500000) (1024K)]
  0x0000019e2fd8e670 JavaThread "Unconstrained build operations Thread 9"        [_thread_blocked, id=25808, stack(0x0000005881500000,0x0000005881600000) (1024K)]
  0x0000019e2fd90d80 JavaThread "Unconstrained build operations Thread 10"        [_thread_blocked, id=17124, stack(0x0000005881600000,0x0000005881700000) (1024K)]
  0x0000019e2fd91550 JavaThread "Unconstrained build operations Thread 11"        [_thread_blocked, id=25948, stack(0x0000005881700000,0x0000005881800000) (1024K)]
  0x0000019e2fd91d20 JavaThread "Unconstrained build operations Thread 12"        [_thread_blocked, id=44764, stack(0x0000005881800000,0x0000005881900000) (1024K)]
  0x0000019e2fd93c60 JavaThread "Unconstrained build operations Thread 13"        [_thread_blocked, id=19392, stack(0x0000005881900000,0x0000005881a00000) (1024K)]
  0x0000019e2fd94c00 JavaThread "Unconstrained build operations Thread 14"        [_thread_blocked, id=38100, stack(0x0000005881a00000,0x0000005881b00000) (1024K)]
  0x0000019e2fd95ba0 JavaThread "Unconstrained build operations Thread 15"        [_thread_blocked, id=27400, stack(0x0000005881b00000,0x0000005881c00000) (1024K)]
  0x0000019e2fd953d0 JavaThread "Unconstrained build operations Thread 16"        [_thread_blocked, id=18876, stack(0x0000005881c00000,0x0000005881d00000) (1024K)]
  0x0000019e2fd924f0 JavaThread "Unconstrained build operations Thread 17"        [_thread_blocked, id=22868, stack(0x0000005881d00000,0x0000005881e00000) (1024K)]
  0x0000019e2fd93490 JavaThread "Unconstrained build operations Thread 18"        [_thread_blocked, id=9640, stack(0x0000005881e00000,0x0000005881f00000) (1024K)]
  0x0000019e2fd982b0 JavaThread "Unconstrained build operations Thread 19"        [_thread_blocked, id=30048, stack(0x0000005881f00000,0x0000005882000000) (1024K)]
  0x0000019e2fd9b190 JavaThread "Unconstrained build operations Thread 20"        [_thread_blocked, id=39632, stack(0x0000005882000000,0x0000005882100000) (1024K)]
  0x0000019e2fd9a9c0 JavaThread "Unconstrained build operations Thread 21"        [_thread_blocked, id=27816, stack(0x0000005882100000,0x0000005882200000) (1024K)]
  0x0000019e2fd5d930 JavaThread "Unconstrained build operations Thread 22"        [_thread_blocked, id=23328, stack(0x0000005882200000,0x0000005882300000) (1024K)]
  0x0000019e2fd5c990 JavaThread "Unconstrained build operations Thread 23"        [_thread_blocked, id=18808, stack(0x0000005882300000,0x0000005882400000) (1024K)]
  0x0000019e2fd5c1c0 JavaThread "Unconstrained build operations Thread 24"        [_thread_blocked, id=38168, stack(0x0000005882400000,0x0000005882500000) (1024K)]
  0x0000019e2fd5b9f0 JavaThread "Unconstrained build operations Thread 25"        [_thread_blocked, id=28408, stack(0x0000005882500000,0x0000005882600000) (1024K)]
  0x0000019e2fd5e8d0 JavaThread "Unconstrained build operations Thread 26"        [_thread_blocked, id=26080, stack(0x0000005882600000,0x0000005882700000) (1024K)]
  0x0000019e2fd617b0 JavaThread "Unconstrained build operations Thread 27"        [_thread_blocked, id=22072, stack(0x0000005882700000,0x0000005882800000) (1024K)]
  0x0000019e2fd5f0a0 JavaThread "Unconstrained build operations Thread 28"        [_thread_blocked, id=31176, stack(0x0000005882900000,0x0000005882a00000) (1024K)]
  0x0000019e319aeb70 JavaThread "C2 CompilerThread3"         daemon [_thread_blocked, id=37396, stack(0x0000005882800000,0x0000005882900000) (1024K)]
  0x0000019e2fd65630 JavaThread "Unconstrained build operations Thread 29"        [_thread_blocked, id=31208, stack(0x0000005882a00000,0x0000005882b00000) (1024K)]
  0x0000019e2fd63ec0 JavaThread "Unconstrained build operations Thread 30"        [_thread_blocked, id=17372, stack(0x0000005882b00000,0x0000005882c00000) (1024K)]
  0x0000019e2fd64690 JavaThread "Unconstrained build operations Thread 31"        [_thread_blocked, id=13700, stack(0x0000005882c00000,0x0000005882d00000) (1024K)]
  0x0000019e2fd64e60 JavaThread "Unconstrained build operations Thread 32"        [_thread_blocked, id=26944, stack(0x0000005882d00000,0x0000005882e00000) (1024K)]
  0x0000019e2fd65e00 JavaThread "Unconstrained build operations Thread 33"        [_thread_blocked, id=38948, stack(0x0000005882e00000,0x0000005882f00000) (1024K)]
  0x0000019e2fd6d330 JavaThread "Unconstrained build operations Thread 34"        [_thread_blocked, id=36048, stack(0x0000005882f00000,0x0000005883000000) (1024K)]
  0x0000019e2fd6b3f0 JavaThread "Unconstrained build operations Thread 35"        [_thread_blocked, id=3784, stack(0x0000005883000000,0x0000005883100000) (1024K)]
  0x0000019e2fd6ac20 JavaThread "Unconstrained build operations Thread 36"        [_thread_blocked, id=48768, stack(0x0000005883100000,0x0000005883200000) (1024K)]
  0x0000019e2fd6e2d0 JavaThread "Unconstrained build operations Thread 37"        [_thread_blocked, id=31996, stack(0x0000005883200000,0x0000005883300000) (1024K)]
  0x0000019e2fd72150 JavaThread "Unconstrained build operations Thread 38"        [_thread_blocked, id=39884, stack(0x0000005883300000,0x0000005883400000) (1024K)]
  0x0000019e2fd70210 JavaThread "Unconstrained build operations Thread 39"        [_thread_blocked, id=44840, stack(0x0000005883400000,0x0000005883500000) (1024K)]
  0x0000019e2fd709e0 JavaThread "Unconstrained build operations Thread 40"        [_thread_blocked, id=20832, stack(0x0000005883500000,0x0000005883600000) (1024K)]
  0x0000019e2fd730f0 JavaThread "Unconstrained build operations Thread 41"        [_thread_blocked, id=644, stack(0x0000005883600000,0x0000005883700000) (1024K)]
  0x0000019e2fd711b0 JavaThread "Unconstrained build operations Thread 42"        [_thread_blocked, id=6364, stack(0x0000005883700000,0x0000005883800000) (1024K)]
  0x0000019e2fd76f70 JavaThread "Unconstrained build operations Thread 43"        [_thread_blocked, id=19568, stack(0x0000005883800000,0x0000005883900000) (1024K)]
  0x0000019e2fd738c0 JavaThread "Unconstrained build operations Thread 44"        [_thread_blocked, id=33944, stack(0x0000005883900000,0x0000005883a00000) (1024K)]
  0x0000019e2fd767a0 JavaThread "Unconstrained build operations Thread 45"        [_thread_blocked, id=39840, stack(0x0000005883a00000,0x0000005883b00000) (1024K)]
  0x0000019e2fd77740 JavaThread "Unconstrained build operations Thread 46"        [_thread_blocked, id=7808, stack(0x0000005884600000,0x0000005884700000) (1024K)]
  0x0000019e2fd786e0 JavaThread "Unconstrained build operations Thread 47"        [_thread_blocked, id=31124, stack(0x0000005884700000,0x0000005884800000) (1024K)]
  0x0000019e2fd75800 JavaThread "Unconstrained build operations Thread 48"        [_thread_blocked, id=21788, stack(0x0000005884800000,0x0000005884900000) (1024K)]
  0x0000019e2fd79e50 JavaThread "Unconstrained build operations Thread 49"        [_thread_blocked, id=43508, stack(0x0000005884900000,0x0000005884a00000) (1024K)]
  0x0000019e34f10330 JavaThread "Unconstrained build operations Thread 50"        [_thread_blocked, id=31572, stack(0x0000005884a00000,0x0000005884b00000) (1024K)]
  0x0000019e34f11aa0 JavaThread "Unconstrained build operations Thread 51"        [_thread_blocked, id=32100, stack(0x0000005884b00000,0x0000005884c00000) (1024K)]
  0x0000019e34f0e3f0 JavaThread "Unconstrained build operations Thread 52"        [_thread_blocked, id=43436, stack(0x0000005884c00000,0x0000005884d00000) (1024K)]
  0x0000019e34f0ebc0 JavaThread "Unconstrained build operations Thread 53"        [_thread_blocked, id=36268, stack(0x0000005884d00000,0x0000005884e00000) (1024K)]
  0x0000019e34f0f390 JavaThread "Unconstrained build operations Thread 54"        [_thread_blocked, id=30832, stack(0x0000005884e00000,0x0000005884f00000) (1024K)]
  0x0000019e34f14980 JavaThread "Unconstrained build operations Thread 55"        [_thread_blocked, id=45000, stack(0x0000005884f00000,0x0000005885000000) (1024K)]
  0x0000019e34f18800 JavaThread "Unconstrained build operations Thread 56"        [_thread_blocked, id=4828, stack(0x0000005885000000,0x0000005885100000) (1024K)]
  0x0000019e34f15150 JavaThread "Unconstrained build operations Thread 57"        [_thread_blocked, id=43592, stack(0x0000005885100000,0x0000005885200000) (1024K)]
  0x0000019e34f15920 JavaThread "Unconstrained build operations Thread 58"        [_thread_blocked, id=28592, stack(0x0000005885200000,0x0000005885300000) (1024K)]
  0x0000019e34f1b6e0 JavaThread "Unconstrained build operations Thread 59"        [_thread_blocked, id=35956, stack(0x0000005885300000,0x0000005885400000) (1024K)]
  0x0000019e34f19f70 JavaThread "Unconstrained build operations Thread 60"        [_thread_blocked, id=50392, stack(0x0000005885400000,0x0000005885500000) (1024K)]
  0x0000019e34f1a740 JavaThread "Unconstrained build operations Thread 61"        [_thread_blocked, id=42040, stack(0x0000005885500000,0x0000005885600000) (1024K)]
  0x0000019e34f197a0 JavaThread "Unconstrained build operations Thread 62"        [_thread_blocked, id=5480, stack(0x0000005885600000,0x0000005885700000) (1024K)]
  0x0000019e34f1d620 JavaThread "Unconstrained build operations Thread 63"        [_thread_blocked, id=24128, stack(0x0000005885700000,0x0000005885800000) (1024K)]
  0x0000019e34f1ddf0 JavaThread "Unconstrained build operations Thread 64"        [_thread_blocked, id=45596, stack(0x0000005885800000,0x0000005885900000) (1024K)]
  0x0000019e34f21c70 JavaThread "Unconstrained build operations Thread 65"        [_thread_blocked, id=38256, stack(0x0000005885900000,0x0000005885a00000) (1024K)]
  0x0000019e34f214a0 JavaThread "Unconstrained build operations Thread 66"        [_thread_blocked, id=50120, stack(0x0000005885a00000,0x0000005885b00000) (1024K)]
  0x0000019e34f1fd30 JavaThread "Unconstrained build operations Thread 67"        [_thread_blocked, id=14568, stack(0x0000005885b00000,0x0000005885c00000) (1024K)]
  0x0000019e34f20cd0 JavaThread "Unconstrained build operations Thread 68"        [_thread_blocked, id=45752, stack(0x0000005885c00000,0x0000005885d00000) (1024K)]
  0x0000019e34f22c10 JavaThread "Unconstrained build operations Thread 69"        [_thread_blocked, id=10004, stack(0x0000005885d00000,0x0000005885e00000) (1024K)]
  0x0000019e34f25320 JavaThread "Unconstrained build operations Thread 70"        [_thread_blocked, id=19064, stack(0x0000005885e00000,0x0000005885f00000) (1024K)]
  0x0000019e34f26a90 JavaThread "Unconstrained build operations Thread 71"        [_thread_blocked, id=27320, stack(0x0000005885f00000,0x0000005886000000) (1024K)]
  0x0000019e34f27260 JavaThread "Unconstrained build operations Thread 72"        [_thread_blocked, id=23360, stack(0x0000005886000000,0x0000005886100000) (1024K)]
  0x0000019e34f24b50 JavaThread "Unconstrained build operations Thread 73"        [_thread_blocked, id=23520, stack(0x0000005886100000,0x0000005886200000) (1024K)]
  0x0000019e34f24380 JavaThread "Unconstrained build operations Thread 74"        [_thread_blocked, id=37336, stack(0x0000005886200000,0x0000005886300000) (1024K)]
  0x0000019e34f291a0 JavaThread "Unconstrained build operations Thread 75"        [_thread_blocked, id=37800, stack(0x0000005886300000,0x0000005886400000) (1024K)]
  0x0000019e34f2b0e0 JavaThread "Unconstrained build operations Thread 76"        [_thread_blocked, id=17280, stack(0x0000005886400000,0x0000005886500000) (1024K)]
  0x0000019e34f28200 JavaThread "Unconstrained build operations Thread 77"        [_thread_blocked, id=16524, stack(0x0000005886500000,0x0000005886600000) (1024K)]
  0x0000019e34f2b8b0 JavaThread "Unconstrained build operations Thread 78"        [_thread_blocked, id=27068, stack(0x0000005886600000,0x0000005886700000) (1024K)]
  0x0000019e34f2c850 JavaThread "Unconstrained build operations Thread 79"        [_thread_blocked, id=40940, stack(0x0000005886700000,0x0000005886800000) (1024K)]
  0x0000019e34f2d7f0 JavaThread "Unconstrained build operations Thread 80"        [_thread_blocked, id=39908, stack(0x0000005886800000,0x0000005886900000) (1024K)]
  0x0000019e34f2e790 JavaThread "Unconstrained build operations Thread 81"        [_thread_blocked, id=27504, stack(0x0000005886900000,0x0000005886a00000) (1024K)]
  0x0000019e34ef26a0 JavaThread "Unconstrained build operations Thread 82"        [_thread_blocked, id=49956, stack(0x0000005886a00000,0x0000005886b00000) (1024K)]
  0x0000019e34ef2e70 JavaThread "Unconstrained build operations Thread 83"        [_thread_blocked, id=34736, stack(0x0000005886b00000,0x0000005886c00000) (1024K)]
  0x0000019e34efe9f0 JavaThread "Unconstrained build operations Thread 84"        [_thread_blocked, id=44632, stack(0x0000005886c00000,0x0000005886d00000) (1024K)]
  0x0000019e34efd280 JavaThread "Unconstrained build operations Thread 85"        [_thread_blocked, id=13584, stack(0x0000005886d00000,0x0000005886e00000) (1024K)]
  0x0000019e34f03810 JavaThread "Unconstrained build operations Thread 86"        [_thread_blocked, id=35504, stack(0x0000005886e00000,0x0000005886f00000) (1024K)]
  0x0000019e34f047b0 JavaThread "Unconstrained build operations Thread 87"        [_thread_blocked, id=12444, stack(0x0000005886f00000,0x0000005887000000) (1024K)]
  0x0000019e34f020a0 JavaThread "Unconstrained build operations Thread 88"        [_thread_blocked, id=29664, stack(0x0000005887000000,0x0000005887100000) (1024K)]
  0x0000019e34f018d0 JavaThread "Unconstrained build operations Thread 89"        [_thread_blocked, id=45460, stack(0x0000005887100000,0x0000005887200000) (1024K)]
  0x0000019e34f04f80 JavaThread "Unconstrained build operations Thread 90"        [_thread_blocked, id=38268, stack(0x0000005887200000,0x0000005887300000) (1024K)]
  0x0000019e34f05f20 JavaThread "Unconstrained build operations Thread 91"        [_thread_blocked, id=40920, stack(0x0000005887300000,0x0000005887400000) (1024K)]
  0x0000019e34f066f0 JavaThread "Unconstrained build operations Thread 92"        [_thread_blocked, id=34436, stack(0x0000005887400000,0x0000005887500000) (1024K)]
  0x0000019e34f07690 JavaThread "Unconstrained build operations Thread 93"        [_thread_blocked, id=44588, stack(0x0000005887500000,0x0000005887600000) (1024K)]
  0x0000019e34f0bce0 JavaThread "Unconstrained build operations Thread 94"        [_thread_blocked, id=14612, stack(0x0000005887600000,0x0000005887700000) (1024K)]
  0x0000019e34f09da0 JavaThread "Unconstrained build operations Thread 95"        [_thread_blocked, id=36028, stack(0x0000005887700000,0x0000005887800000) (1024K)]
  0x0000019e34f0a570 JavaThread "Unconstrained build operations Thread 96"        [_thread_blocked, id=19252, stack(0x0000005887800000,0x0000005887900000) (1024K)]
  0x0000019e34f0c4b0 JavaThread "Unconstrained build operations Thread 97"        [_thread_blocked, id=7796, stack(0x0000005887900000,0x0000005887a00000) (1024K)]
  0x0000019e34f0cc80 JavaThread "Unconstrained build operations Thread 98"        [_thread_blocked, id=30164, stack(0x0000005887a00000,0x0000005887b00000) (1024K)]
  0x0000019e34f0d450 JavaThread "Unconstrained build operations Thread 99"        [_thread_blocked, id=35972, stack(0x0000005887b00000,0x0000005887c00000) (1024K)]
  0x0000019e34f0dc20 JavaThread "Unconstrained build operations Thread 100"        [_thread_blocked, id=44872, stack(0x0000005887c00000,0x0000005887d00000) (1024K)]
  0x0000019e317bd810 JavaThread "Unconstrained build operations Thread 101"        [_thread_blocked, id=47344, stack(0x0000005887d00000,0x0000005887e00000) (1024K)]
  0x0000019e317bc0a0 JavaThread "Unconstrained build operations Thread 102"        [_thread_blocked, id=18564, stack(0x0000005887e00000,0x0000005887f00000) (1024K)]
  0x0000019e317bc870 JavaThread "Unconstrained build operations Thread 103"        [_thread_blocked, id=18452, stack(0x0000005887f00000,0x0000005888000000) (1024K)]
  0x0000019e317bff20 JavaThread "Unconstrained build operations Thread 104"        [_thread_blocked, id=23580, stack(0x0000005888000000,0x0000005888100000) (1024K)]
  0x0000019e317c1e60 JavaThread "Unconstrained build operations Thread 105"        [_thread_blocked, id=9620, stack(0x0000005888100000,0x0000005888200000) (1024K)]
  0x0000019e317c2e00 JavaThread "Unconstrained build operations Thread 106"        [_thread_blocked, id=8548, stack(0x0000005888200000,0x0000005888300000) (1024K)]
  0x0000019e317c2630 JavaThread "Unconstrained build operations Thread 107"        [_thread_blocked, id=3216, stack(0x0000005888300000,0x0000005888400000) (1024K)]
  0x0000019e317c4570 JavaThread "Unconstrained build operations Thread 108"        [_thread_blocked, id=27276, stack(0x0000005888400000,0x0000005888500000) (1024K)]
  0x0000019e317c83f0 JavaThread "Unconstrained build operations Thread 109"        [_thread_blocked, id=27500, stack(0x0000005888500000,0x0000005888600000) (1024K)]
  0x0000019e317c5510 JavaThread "Unconstrained build operations Thread 110"        [_thread_blocked, id=3616, stack(0x0000005888600000,0x0000005888700000) (1024K)]
  0x0000019e317c4d40 JavaThread "Unconstrained build operations Thread 111"        [_thread_blocked, id=30560, stack(0x0000005888700000,0x0000005888800000) (1024K)]
  0x0000019e317c6c80 JavaThread "Unconstrained build operations Thread 112"        [_thread_blocked, id=29944, stack(0x0000005888800000,0x0000005888900000) (1024K)]
  0x0000019e317c7450 JavaThread "Unconstrained build operations Thread 113"        [_thread_blocked, id=46200, stack(0x0000005888900000,0x0000005888a00000) (1024K)]
  0x0000019e317c8bc0 JavaThread "Unconstrained build operations Thread 114"        [_thread_blocked, id=25132, stack(0x0000005888a00000,0x0000005888b00000) (1024K)]
  0x0000019e317c9390 JavaThread "Unconstrained build operations Thread 115"        [_thread_blocked, id=32304, stack(0x0000005888b00000,0x0000005888c00000) (1024K)]
  0x0000019e317c9b60 JavaThread "Unconstrained build operations Thread 116"        [_thread_blocked, id=2416, stack(0x0000005888c00000,0x0000005888d00000) (1024K)]
  0x0000019e317ca330 JavaThread "Unconstrained build operations Thread 117"        [_thread_blocked, id=44944, stack(0x0000005888d00000,0x0000005888e00000) (1024K)]
  0x0000019e317cb2d0 JavaThread "Unconstrained build operations Thread 118"        [_thread_blocked, id=5116, stack(0x0000005888e00000,0x0000005888f00000) (1024K)]
  0x0000019e317cbaa0 JavaThread "Unconstrained build operations Thread 119"        [_thread_blocked, id=11228, stack(0x0000005888f00000,0x0000005889000000) (1024K)]
  0x0000019e317cf150 JavaThread "Unconstrained build operations Thread 120"        [_thread_blocked, id=3576, stack(0x0000005889000000,0x0000005889100000) (1024K)]
  0x0000019e317cf920 JavaThread "Unconstrained build operations Thread 121"        [_thread_blocked, id=48440, stack(0x0000005889100000,0x0000005889200000) (1024K)]
  0x0000019e317d00f0 JavaThread "Unconstrained build operations Thread 122"        [_thread_blocked, id=20432, stack(0x0000005889200000,0x0000005889300000) (1024K)]
  0x0000019e317d3f70 JavaThread "Unconstrained build operations Thread 123"        [_thread_blocked, id=48616, stack(0x0000005889300000,0x0000005889400000) (1024K)]
  0x0000019e317d1090 JavaThread "Unconstrained build operations Thread 124"        [_thread_blocked, id=16812, stack(0x0000005889400000,0x0000005889500000) (1024K)]
  0x0000019e317d7df0 JavaThread "Unconstrained build operations Thread 125"        [_thread_blocked, id=42240, stack(0x0000005889500000,0x0000005889600000) (1024K)]
  0x0000019e317d6680 JavaThread "Unconstrained build operations Thread 126"        [_thread_blocked, id=27176, stack(0x0000005889600000,0x0000005889700000) (1024K)]
  0x0000019e317d5eb0 JavaThread "Unconstrained build operations Thread 127"        [_thread_blocked, id=47788, stack(0x0000005889700000,0x0000005889800000) (1024K)]
  0x0000019e317d85c0 JavaThread "Unconstrained build operations Thread 128"        [_thread_blocked, id=30692, stack(0x0000005889800000,0x0000005889900000) (1024K)]
  0x0000019e317d56e0 JavaThread "Unconstrained build operations Thread 129"        [_thread_blocked, id=41252, stack(0x0000005889900000,0x0000005889a00000) (1024K)]
  0x0000019e317da500 JavaThread "Unconstrained build operations Thread 130"        [_thread_blocked, id=15748, stack(0x0000005889a00000,0x0000005889b00000) (1024K)]
  0x0000019e317dacd0 JavaThread "Unconstrained build operations Thread 131"        [_thread_blocked, id=41436, stack(0x0000005889b00000,0x0000005889c00000) (1024K)]
  0x0000019e35b72fd0 JavaThread "Unconstrained build operations Thread 132"        [_thread_blocked, id=11176, stack(0x0000005889c00000,0x0000005889d00000) (1024K)]
  0x0000019e35b737a0 JavaThread "Unconstrained build operations Thread 133"        [_thread_blocked, id=37156, stack(0x0000005889d00000,0x0000005889e00000) (1024K)]
  0x0000019e35b73f70 JavaThread "Unconstrained build operations Thread 134"        [_thread_blocked, id=29432, stack(0x0000005889e00000,0x0000005889f00000) (1024K)]
  0x0000019e35b708c0 JavaThread "Unconstrained build operations Thread 135"        [_thread_blocked, id=44952, stack(0x0000005889f00000,0x000000588a000000) (1024K)]
  0x0000019e35b71860 JavaThread "Unconstrained build operations Thread 136"        [_thread_blocked, id=46016, stack(0x000000588a000000,0x000000588a100000) (1024K)]
  0x0000019e35b78d90 JavaThread "Unconstrained build operations Thread 137"        [_thread_blocked, id=29316, stack(0x000000588a100000,0x000000588a200000) (1024K)]
  0x0000019e35b76e50 JavaThread "Unconstrained build operations Thread 138"        [_thread_blocked, id=39032, stack(0x000000588a200000,0x000000588a300000) (1024K)]
  0x0000019e35b75eb0 JavaThread "Unconstrained build operations Thread 139"        [_thread_blocked, id=37708, stack(0x000000588a300000,0x000000588a400000) (1024K)]
  0x0000019e35b756e0 JavaThread "Unconstrained build operations Thread 140"        [_thread_blocked, id=26916, stack(0x000000588a400000,0x000000588a500000) (1024K)]
  0x0000019e35b79d30 JavaThread "Unconstrained build operations Thread 141"        [_thread_blocked, id=24312, stack(0x000000588a500000,0x000000588a600000) (1024K)]
  0x0000019e35b7acd0 JavaThread "Unconstrained build operations Thread 142"        [_thread_blocked, id=26016, stack(0x000000588a600000,0x000000588a700000) (1024K)]
  0x0000019e35b785c0 JavaThread "Unconstrained build operations Thread 143"        [_thread_blocked, id=15580, stack(0x000000588a700000,0x000000588a800000) (1024K)]
  0x0000019e35b7e380 JavaThread "Unconstrained build operations Thread 144"        [_thread_blocked, id=33132, stack(0x000000588a800000,0x000000588a900000) (1024K)]
  0x0000019e35b7c440 JavaThread "Unconstrained build operations Thread 145"        [_thread_blocked, id=22492, stack(0x000000588a900000,0x000000588aa00000) (1024K)]
  0x0000019e35b7eb50 JavaThread "Unconstrained build operations Thread 146"        [_thread_blocked, id=23416, stack(0x000000588aa00000,0x000000588ab00000) (1024K)]
  0x0000019e35b7cc10 JavaThread "Unconstrained build operations Thread 147"        [_thread_blocked, id=36104, stack(0x000000588ab00000,0x000000588ac00000) (1024K)]
  0x0000019e35b81260 JavaThread "Unconstrained build operations Thread 148"        [_thread_blocked, id=50204, stack(0x000000588ac00000,0x000000588ad00000) (1024K)]
  0x0000019e35b82200 JavaThread "Unconstrained build operations Thread 149"        [_thread_blocked, id=49908, stack(0x000000588ad00000,0x000000588ae00000) (1024K)]
  0x0000019e35b81a30 JavaThread "Unconstrained build operations Thread 150"        [_thread_blocked, id=40432, stack(0x000000588ae00000,0x000000588af00000) (1024K)]
  0x0000019e35b86080 JavaThread "Unconstrained build operations Thread 151"        [_thread_blocked, id=20444, stack(0x000000588af00000,0x000000588b000000) (1024K)]
  0x0000019e35b858b0 JavaThread "Unconstrained build operations Thread 152"        [_thread_blocked, id=20984, stack(0x000000588b000000,0x000000588b100000) (1024K)]
  0x0000019e35b86850 JavaThread "Unconstrained build operations Thread 153"        [_thread_blocked, id=12596, stack(0x000000588b100000,0x000000588b200000) (1024K)]
  0x0000019e35b83970 JavaThread "Unconstrained build operations Thread 154"        [_thread_blocked, id=3224, stack(0x000000588b200000,0x000000588b300000) (1024K)]
  0x0000019e35b8aea0 JavaThread "Unconstrained build operations Thread 155"        [_thread_blocked, id=24328, stack(0x000000588b300000,0x000000588b400000) (1024K)]
  0x0000019e35b877f0 JavaThread "Unconstrained build operations Thread 156"        [_thread_blocked, id=50652, stack(0x000000588b400000,0x000000588b500000) (1024K)]
  0x0000019e35b8b670 JavaThread "Unconstrained build operations Thread 157"        [_thread_blocked, id=40072, stack(0x000000588b500000,0x000000588b600000) (1024K)]
  0x0000019e35b8be40 JavaThread "Unconstrained build operations Thread 158"        [_thread_blocked, id=19752, stack(0x000000588b600000,0x000000588b700000) (1024K)]
  0x0000019e35b89730 JavaThread "Unconstrained build operations Thread 159"        [_thread_blocked, id=14676, stack(0x000000588b700000,0x000000588b800000) (1024K)]
  0x0000019e35b88790 JavaThread "Unconstrained build operations Thread 160"        [_thread_blocked, id=49440, stack(0x000000588b800000,0x000000588b900000) (1024K)]
  0x0000019e35b8dd80 JavaThread "Unconstrained build operations Thread 161"        [_thread_blocked, id=5992, stack(0x000000588b900000,0x000000588ba00000) (1024K)]
  0x0000019e35b8f4f0 JavaThread "Unconstrained build operations Thread 162"        [_thread_blocked, id=43048, stack(0x000000588ba00000,0x000000588bb00000) (1024K)]
  0x0000019e352fb780 JavaThread "Unconstrained build operations Thread 163"        [_thread_blocked, id=21136, stack(0x000000588bb00000,0x000000588bc00000) (1024K)]
  0x0000019e352fe660 JavaThread "Unconstrained build operations Thread 164"        [_thread_blocked, id=50444, stack(0x000000588bc00000,0x000000588bd00000) (1024K)]
  0x0000019e352fc720 JavaThread "Unconstrained build operations Thread 165"        [_thread_blocked, id=40204, stack(0x000000588bd00000,0x000000588be00000) (1024K)]
  0x0000019e352fde90 JavaThread "Unconstrained build operations Thread 166"        [_thread_blocked, id=15268, stack(0x000000588be00000,0x000000588bf00000) (1024K)]
  0x0000019e352fcef0 JavaThread "Unconstrained build operations Thread 167"        [_thread_blocked, id=23124, stack(0x000000588bf00000,0x000000588c000000) (1024K)]
  0x0000019e35301d10 JavaThread "Unconstrained build operations Thread 168"        [_thread_blocked, id=25048, stack(0x000000588c000000,0x000000588c100000) (1024K)]
  0x0000019e35301540 JavaThread "Unconstrained build operations Thread 169"        [_thread_blocked, id=45948, stack(0x000000588c100000,0x000000588c200000) (1024K)]
  0x0000019e35302cb0 JavaThread "Unconstrained build operations Thread 170"        [_thread_blocked, id=49016, stack(0x000000588c200000,0x000000588c300000) (1024K)]
  0x0000019e35300d70 JavaThread "Unconstrained build operations Thread 171"        [_thread_blocked, id=2232, stack(0x000000588c300000,0x000000588c400000) (1024K)]
  0x0000019e35306b30 JavaThread "Unconstrained build operations Thread 172"        [_thread_blocked, id=22960, stack(0x000000588c400000,0x000000588c500000) (1024K)]
  0x0000019e353053c0 JavaThread "Unconstrained build operations Thread 173"        [_thread_blocked, id=40180, stack(0x000000588c500000,0x000000588c600000) (1024K)]
  0x0000019e35303480 JavaThread "Unconstrained build operations Thread 174"        [_thread_blocked, id=31944, stack(0x000000588c600000,0x000000588c700000) (1024K)]
  0x0000019e3530a1e0 JavaThread "Unconstrained build operations Thread 175"        [_thread_blocked, id=21628, stack(0x000000588c700000,0x000000588c800000) (1024K)]
  0x0000019e35308a70 JavaThread "Unconstrained build operations Thread 176"        [_thread_blocked, id=13396, stack(0x000000588c800000,0x000000588c900000) (1024K)]
  0x0000019e3530a9b0 JavaThread "Unconstrained build operations Thread 177"        [_thread_blocked, id=50656, stack(0x000000588c900000,0x000000588ca00000) (1024K)]
  0x0000019e3530b180 JavaThread "Unconstrained build operations Thread 178"        [_thread_blocked, id=37188, stack(0x000000588ca00000,0x000000588cb00000) (1024K)]
  0x0000019e3530d0c0 JavaThread "Unconstrained build operations Thread 179"        [_thread_blocked, id=37248, stack(0x000000588cb00000,0x000000588cc00000) (1024K)]
  0x0000019e3530f000 JavaThread "Unconstrained build operations Thread 180"        [_thread_blocked, id=50968, stack(0x000000588cc00000,0x000000588cd00000) (1024K)]
  0x0000019e3530b950 JavaThread "Unconstrained build operations Thread 181"        [_thread_blocked, id=25404, stack(0x000000588cd00000,0x000000588ce00000) (1024K)]
Total: 261

Other Threads:
=>0x0000019e28ae6c50 VMThread "VM Thread"                           [id=23448, stack(0x00000058ec100000,0x00000058ec200000) (1024K)]
  0x0000019e28c1bb80 WatcherThread "VM Periodic Task Thread"        [id=46668, stack(0x00000058ec000000,0x00000058ec100000) (1024K)]
  0x0000019e0abcb5e0 WorkerThread "GC Thread#0"                     [id=20516, stack(0x00000058eba00000,0x00000058ebb00000) (1024K)]
  0x0000019e28ae4130 WorkerThread "GC Thread#1"                     [id=41336, stack(0x00000058ecf00000,0x00000058ed000000) (1024K)]
  0x0000019e2e868050 WorkerThread "GC Thread#2"                     [id=18916, stack(0x00000058ed800000,0x00000058ed900000) (1024K)]
  0x0000019e2e86b860 WorkerThread "GC Thread#3"                     [id=1076, stack(0x00000058ed900000,0x00000058eda00000) (1024K)]
  0x0000019e2e86dae0 WorkerThread "GC Thread#4"                     [id=10936, stack(0x00000058eda00000,0x00000058edb00000) (1024K)]
  0x0000019e2e86c550 WorkerThread "GC Thread#5"                     [id=44312, stack(0x00000058edb00000,0x00000058edc00000) (1024K)]
  0x0000019e2e86cdf0 WorkerThread "GC Thread#6"                     [id=33652, stack(0x00000058edc00000,0x00000058edd00000) (1024K)]
  0x0000019e2e869e80 WorkerThread "GC Thread#7"                     [id=35500, stack(0x00000058edd00000,0x00000058ede00000) (1024K)]
  0x0000019e2e86bcb0 WorkerThread "GC Thread#8"                     [id=18992, stack(0x00000058ede00000,0x00000058edf00000) (1024K)]
  0x0000019e2e86df30 WorkerThread "GC Thread#9"                     [id=23648, stack(0x00000058ee900000,0x00000058eea00000) (1024K)]
  0x0000019e2e86d690 WorkerThread "GC Thread#10"                    [id=31436, stack(0x00000058eea00000,0x00000058eeb00000) (1024K)]
  0x0000019e2e86e7d0 WorkerThread "GC Thread#11"                    [id=15728, stack(0x00000058eeb00000,0x00000058eec00000) (1024K)]
  0x0000019e2e86ec20 WorkerThread "GC Thread#12"                    [id=18020, stack(0x00000058eec00000,0x00000058eed00000) (1024K)]
  0x0000019e2e86f070 WorkerThread "GC Thread#13"                    [id=41792, stack(0x00000058eed00000,0x00000058eee00000) (1024K)]
  0x0000019e30ec8cb0 WorkerThread "GC Thread#14"                    [id=8220, stack(0x00000058eee00000,0x00000058eef00000) (1024K)]
  0x0000019e30ecaae0 WorkerThread "GC Thread#15"                    [id=25968, stack(0x00000058eef00000,0x00000058ef000000) (1024K)]
  0x0000019e30ecbc20 WorkerThread "GC Thread#16"                    [id=21036, stack(0x00000058ef000000,0x00000058ef100000) (1024K)]
  0x0000019e30ec7fc0 WorkerThread "GC Thread#17"                    [id=43880, stack(0x00000058ef100000,0x00000058ef200000) (1024K)]
  0x0000019e30eca240 WorkerThread "GC Thread#18"                    [id=25148, stack(0x00000058ef200000,0x00000058ef300000) (1024K)]
  0x0000019e30eca690 WorkerThread "GC Thread#19"                    [id=44580, stack(0x00000058ef300000,0x00000058ef400000) (1024K)]
  0x0000019e0abde750 ConcurrentGCThread "G1 Main Marker"            [id=44480, stack(0x00000058ebb00000,0x00000058ebc00000) (1024K)]
  0x0000019e0abe01c0 WorkerThread "G1 Conc#0"                       [id=14392, stack(0x00000058ebc00000,0x00000058ebd00000) (1024K)]
  0x0000019e30ecb7d0 WorkerThread "G1 Conc#1"                       [id=15272, stack(0x00000058ef400000,0x00000058ef500000) (1024K)]
  0x0000019e30ecc070 WorkerThread "G1 Conc#2"                       [id=48840, stack(0x00000058ef500000,0x00000058ef600000) (1024K)]
  0x0000019e30ecc4c0 WorkerThread "G1 Conc#3"                       [id=34624, stack(0x00000058ef600000,0x00000058ef700000) (1024K)]
  0x0000019e30ec8860 WorkerThread "G1 Conc#4"                       [id=45748, stack(0x00000058ef700000,0x00000058ef800000) (1024K)]
  0x0000019e28ae6800 WorkerThread "G1 Refinement Workers#0"         [id=26260, stack(0x00000058ebe00000,0x00000058ebf00000) (1024K)]
  0x0000019e0ac4e2e0 ConcurrentGCThread "G1 Refine Control"         [id=42604, stack(0x00000058ebd00000,0x00000058ebe00000) (1024K)]
  0x0000019e28af2510 ConcurrentGCThread "G1 Service"                [id=39384, stack(0x00000058ebf00000,0x00000058ec000000) (1024K)]
Total: 31

Threads with active compile tasks:
C2 CompilerThread0  8744 17235   !   4       org.gradle.api.internal.artifacts.ivyservice.resolveengine.artifact.VariantResolvingArtifactSet::select (178 bytes)
C2 CompilerThread1  8744 17745       4       org.gradle.api.internal.initialization.transform.utils.InstrumentationClasspathMerger$$Lambda/0x000000002c877848::apply (8 bytes)
C2 CompilerThread2  8744 17742       4       java.util.stream.Collectors$$Lambda/0x000000002c5789e8::accept (21 bytes)
C2 CompilerThread3  8744 17743       4       java.util.stream.Collectors::lambda$groupingBy$0 (43 bytes)
Total: 4

VM state: at safepoint (normal execution)

VM Mutex/Monitor currently owned by a thread:  ([mutex/lock_event])
[0x00007ffd631eed08] Threads_lock - owner thread: 0x0000019e28ae6c50
[0x00007ffd631eef88] Heap_lock - owner thread: 0x0000019e2fd803e0

Heap address: 0x00000000a0000000, size: 1536 MB, Compressed Oops mode: 32-bit

CDS archive(s) mapped at: [0x000000002b000000-0x000000002bde0000-0x000000002bde0000), size 14548992, SharedBaseAddress: 0x000000002b000000, ArchiveRelocationMode: 1.
Compressed class space mapped at: 0x000000002c000000-0x000000006c000000, reserved size: 1073741824
UseCompressedClassPointers 1, UseCompactObjectHeaders 0
Narrow klass pointer bits 32, Max shift 3
Narrow klass base: 0x000000002b000000, Narrow klass shift: 0
Encoding Range: [0x000000002b000000 - 0x000000012b000000), (4294967296 bytes)
Klass Range:    [0x000000002b000000 - 0x000000006c000000), (1090519040 bytes)
Klass ID Range:  [8 - 1090519033) (1090519025)
Protection zone: [0x000000002b000000 - 0x000000002b010000), (65536 bytes)

GC Precious Log:
 CardTable entry size: 512
 Card Set container configuration: InlinePtr #cards 5 size 8 Array Of Cards #cards 10 size 36 Howl #buckets 4 coarsen threshold 1843 Howl Bitmap #cards 512 size 80 coarsen threshold 460 Card regions per heap region 1 cards per card region 2048
 CPUs: 28 total, 28 available
 Memory: 16107M
 Large Page Support: Disabled
 NUMA Support: Disabled
 Compressed Oops: Enabled (32-bit)
 Heap Region Size: 1M
 Heap Min Capacity: 8M
 Heap Initial Capacity: 8M
 Heap Max Capacity: 1536M
 Pre-touch: Disabled
 Parallel Workers: 20
 Concurrent Workers: 5
 Concurrent Refinement Workers: 20
 Periodic GC: Disabled

Heap:
 garbage-first heap   total reserved 1572864K, committed 253952K, used 167892K [0x00000000a0000000, 0x0000000100000000)
  region size 1M, 0 eden (0M), 7 survivor (7M), 142 old (142M), 16 humongous (16M), 83 free (83M)

Heap Regions: E=young(eden), S=young(survivor), O=old, HS=humongous(starts), HC=humongous(continues), CS=collection set, F=free, TAMS=top-at-mark-start, PB=parsable bottom
|    0|0x00000000a0000000, 0x00000000a0100000, 0x00000000a0100000|100%| O|  |TAMS 0x00000000a0100000| PB 0x00000000a0000000| Untracked |  0
|    1|0x00000000a0100000, 0x00000000a0200000, 0x00000000a0200000|100%|HS|  |TAMS 0x00000000a0200000| PB 0x00000000a0100000| Complete  |  0
|    2|0x00000000a0200000, 0x00000000a0300000, 0x00000000a0300000|100%|HC|  |TAMS 0x00000000a0300000| PB 0x00000000a0200000| Complete  |  0
|    3|0x00000000a0300000, 0x00000000a0400000, 0x00000000a0400000|100%|HC|  |TAMS 0x00000000a0400000| PB 0x00000000a0300000| Complete  |  0
|    4|0x00000000a0400000, 0x00000000a0500000, 0x00000000a0500000|100%| O|  |TAMS 0x00000000a0500000| PB 0x00000000a0400000| Untracked |  0
|    5|0x00000000a0500000, 0x00000000a0600000, 0x00000000a0600000|100%| O|  |TAMS 0x00000000a0600000| PB 0x00000000a0500000| Untracked |  0
|    6|0x00000000a0600000, 0x00000000a0700000, 0x00000000a0700000|100%| O|  |TAMS 0x00000000a0700000| PB 0x00000000a0600000| Untracked |  0
|    7|0x00000000a0700000, 0x00000000a0800000, 0x00000000a0800000|100%| O|  |TAMS 0x00000000a0800000| PB 0x00000000a0700000| Untracked |  0
|    8|0x00000000a0800000, 0x00000000a0900000, 0x00000000a0900000|100%| O|  |TAMS 0x00000000a0900000| PB 0x00000000a0800000| Untracked |  0
|    9|0x00000000a0900000, 0x00000000a0a00000, 0x00000000a0a00000|100%|HS|  |TAMS 0x00000000a0a00000| PB 0x00000000a0900000| Complete  |  0
|   10|0x00000000a0a00000, 0x00000000a0b00000, 0x00000000a0b00000|100%| O|  |TAMS 0x00000000a0b00000| PB 0x00000000a0a00000| Untracked |  0
|   11|0x00000000a0b00000, 0x00000000a0c00000, 0x00000000a0c00000|100%| O|  |TAMS 0x00000000a0c00000| PB 0x00000000a0b00000| Untracked |  0
|   12|0x00000000a0c00000, 0x00000000a0d00000, 0x00000000a0d00000|100%| O|  |TAMS 0x00000000a0d00000| PB 0x00000000a0c00000| Untracked |  0
|   13|0x00000000a0d00000, 0x00000000a0e00000, 0x00000000a0e00000|100%| O|  |TAMS 0x00000000a0e00000| PB 0x00000000a0d00000| Untracked |  0
|   14|0x00000000a0e00000, 0x00000000a0f00000, 0x00000000a0f00000|100%| O|  |TAMS 0x00000000a0f00000| PB 0x00000000a0e00000| Untracked |  0
|   15|0x00000000a0f00000, 0x00000000a1000000, 0x00000000a1000000|100%| O|  |TAMS 0x00000000a1000000| PB 0x00000000a0f00000| Untracked |  0
|   16|0x00000000a1000000, 0x00000000a1100000, 0x00000000a1100000|100%| O|  |TAMS 0x00000000a1100000| PB 0x00000000a1000000| Untracked |  0
|   17|0x00000000a1100000, 0x00000000a1200000, 0x00000000a1200000|100%| O|  |TAMS 0x00000000a1200000| PB 0x00000000a1100000| Untracked |  0
|   18|0x00000000a1200000, 0x00000000a1300000, 0x00000000a1300000|100%| O|  |TAMS 0x00000000a1300000| PB 0x00000000a1200000| Untracked |  0
|   19|0x00000000a1300000, 0x00000000a1400000, 0x00000000a1400000|100%| O|  |TAMS 0x00000000a1400000| PB 0x00000000a1300000| Untracked |  0
|   20|0x00000000a1400000, 0x00000000a1500000, 0x00000000a1500000|100%| O|  |TAMS 0x00000000a1500000| PB 0x00000000a1400000| Untracked |  0
|   21|0x00000000a1500000, 0x00000000a1600000, 0x00000000a1600000|100%| O|  |TAMS 0x00000000a1600000| PB 0x00000000a1500000| Untracked |  0
|   22|0x00000000a1600000, 0x00000000a1700000, 0x00000000a1700000|100%| O|  |TAMS 0x00000000a1700000| PB 0x00000000a1600000| Untracked |  0
|   23|0x00000000a1700000, 0x00000000a1800000, 0x00000000a1800000|100%| O|  |TAMS 0x00000000a1800000| PB 0x00000000a1700000| Untracked |  0
|   24|0x00000000a1800000, 0x00000000a1900000, 0x00000000a1900000|100%| O|  |TAMS 0x00000000a1900000| PB 0x00000000a1800000| Untracked |  0
|   25|0x00000000a1900000, 0x00000000a1a00000, 0x00000000a1a00000|100%| O|  |TAMS 0x00000000a1a00000| PB 0x00000000a1900000| Untracked |  0
|   26|0x00000000a1a00000, 0x00000000a1b00000, 0x00000000a1b00000|100%| O|  |TAMS 0x00000000a1b00000| PB 0x00000000a1a00000| Untracked |  0
|   27|0x00000000a1b00000, 0x00000000a1c00000, 0x00000000a1c00000|100%| O|  |TAMS 0x00000000a1c00000| PB 0x00000000a1b00000| Untracked |  0
|   28|0x00000000a1c00000, 0x00000000a1d00000, 0x00000000a1d00000|100%| O|  |TAMS 0x00000000a1d00000| PB 0x00000000a1c00000| Untracked |  0
|   29|0x00000000a1d00000, 0x00000000a1e00000, 0x00000000a1e00000|100%| O|  |TAMS 0x00000000a1e00000| PB 0x00000000a1d00000| Untracked |  0
|   30|0x00000000a1e00000, 0x00000000a1f00000, 0x00000000a1f00000|100%| O|  |TAMS 0x00000000a1f00000| PB 0x00000000a1e00000| Untracked |  0
|   31|0x00000000a1f00000, 0x00000000a2000000, 0x00000000a2000000|100%| O|  |TAMS 0x00000000a2000000| PB 0x00000000a1f00000| Untracked |  0
|   32|0x00000000a2000000, 0x00000000a2100000, 0x00000000a2100000|100%| O|  |TAMS 0x00000000a2100000| PB 0x00000000a2000000| Untracked |  0
|   33|0x00000000a2100000, 0x00000000a2200000, 0x00000000a2200000|100%| O|  |TAMS 0x00000000a2200000| PB 0x00000000a2100000| Untracked |  0
|   34|0x00000000a2200000, 0x00000000a2300000, 0x00000000a2300000|100%| O|  |TAMS 0x00000000a2300000| PB 0x00000000a2200000| Untracked |  0
|   35|0x00000000a2300000, 0x00000000a2400000, 0x00000000a2400000|100%| O|  |TAMS 0x00000000a2400000| PB 0x00000000a2300000| Untracked |  0
|   36|0x00000000a2400000, 0x00000000a2500000, 0x00000000a2500000|100%| O|  |TAMS 0x00000000a2500000| PB 0x00000000a2400000| Untracked |  0
|   37|0x00000000a2500000, 0x00000000a2600000, 0x00000000a2600000|100%| O|  |TAMS 0x00000000a2600000| PB 0x00000000a2500000| Untracked |  0
|   38|0x00000000a2600000, 0x00000000a2700000, 0x00000000a2700000|100%| O|  |TAMS 0x00000000a2700000| PB 0x00000000a2600000| Untracked |  0
|   39|0x00000000a2700000, 0x00000000a2800000, 0x00000000a2800000|100%| O|  |TAMS 0x00000000a2800000| PB 0x00000000a2700000| Untracked |  0
|   40|0x00000000a2800000, 0x00000000a2900000, 0x00000000a2900000|100%| O|  |TAMS 0x00000000a2900000| PB 0x00000000a2800000| Untracked |  0
|   41|0x00000000a2900000, 0x00000000a2a00000, 0x00000000a2a00000|100%| O|  |TAMS 0x00000000a2a00000| PB 0x00000000a2900000| Untracked |  0
|   42|0x00000000a2a00000, 0x00000000a2b00000, 0x00000000a2b00000|100%| O|  |TAMS 0x00000000a2b00000| PB 0x00000000a2a00000| Untracked |  0
|   43|0x00000000a2b00000, 0x00000000a2c00000, 0x00000000a2c00000|100%|HS|  |TAMS 0x00000000a2c00000| PB 0x00000000a2b00000| Complete  |  0
|   44|0x00000000a2c00000, 0x00000000a2d00000, 0x00000000a2d00000|100%|HS|  |TAMS 0x00000000a2d00000| PB 0x00000000a2c00000| Complete  |  0
|   45|0x00000000a2d00000, 0x00000000a2e00000, 0x00000000a2e00000|100%|HS|  |TAMS 0x00000000a2e00000| PB 0x00000000a2d00000| Complete  |  0
|   46|0x00000000a2e00000, 0x00000000a2f00000, 0x00000000a2f00000|100%|HS|  |TAMS 0x00000000a2f00000| PB 0x00000000a2e00000| Complete  |  0
|   47|0x00000000a2f00000, 0x00000000a3000000, 0x00000000a3000000|100%| O|  |TAMS 0x00000000a3000000| PB 0x00000000a2f00000| Untracked |  0
|   48|0x00000000a3000000, 0x00000000a3100000, 0x00000000a3100000|100%|HS|  |TAMS 0x00000000a3100000| PB 0x00000000a3000000| Complete  |  0
|   49|0x00000000a3100000, 0x00000000a3200000, 0x00000000a3200000|100%| O|  |TAMS 0x00000000a3200000| PB 0x00000000a3100000| Untracked |  0
|   50|0x00000000a3200000, 0x00000000a3300000, 0x00000000a3300000|100%| O|  |TAMS 0x00000000a3300000| PB 0x00000000a3200000| Untracked |  0
|   51|0x00000000a3300000, 0x00000000a3400000, 0x00000000a3400000|100%|HS|  |TAMS 0x00000000a3400000| PB 0x00000000a3300000| Complete  |  0
|   52|0x00000000a3400000, 0x00000000a3500000, 0x00000000a3500000|100%| O|  |TAMS 0x00000000a3500000| PB 0x00000000a3400000| Untracked |  0
|   53|0x00000000a3500000, 0x00000000a3600000, 0x00000000a3600000|100%| O|  |TAMS 0x00000000a3600000| PB 0x00000000a3500000| Untracked |  0
|   54|0x00000000a3600000, 0x00000000a3700000, 0x00000000a3700000|100%| O|  |TAMS 0x00000000a3700000| PB 0x00000000a3600000| Untracked |  0
|   55|0x00000000a3700000, 0x00000000a3800000, 0x00000000a3800000|100%| O|  |TAMS 0x00000000a3800000| PB 0x00000000a3700000| Untracked |  0
|   56|0x00000000a3800000, 0x00000000a3900000, 0x00000000a3900000|100%| O|  |TAMS 0x00000000a3900000| PB 0x00000000a3800000| Untracked |  0
|   57|0x00000000a3900000, 0x00000000a3a00000, 0x00000000a3a00000|100%| O|  |TAMS 0x00000000a3a00000| PB 0x00000000a3900000| Untracked |  0
|   58|0x00000000a3a00000, 0x00000000a3b00000, 0x00000000a3b00000|100%| O|  |TAMS 0x00000000a3b00000| PB 0x00000000a3a00000| Untracked |  0
|   59|0x00000000a3b00000, 0x00000000a3c00000, 0x00000000a3c00000|100%| O|  |TAMS 0x00000000a3c00000| PB 0x00000000a3b00000| Untracked |  0
|   60|0x00000000a3c00000, 0x00000000a3d00000, 0x00000000a3d00000|100%| O|  |TAMS 0x00000000a3d00000| PB 0x00000000a3c00000| Untracked |  0
|   61|0x00000000a3d00000, 0x00000000a3e00000, 0x00000000a3e00000|100%| O|  |TAMS 0x00000000a3e00000| PB 0x00000000a3d00000| Untracked |  0
|   62|0x00000000a3e00000, 0x00000000a3f00000, 0x00000000a3f00000|100%| O|  |TAMS 0x00000000a3f00000| PB 0x00000000a3e00000| Untracked |  0
|   63|0x00000000a3f00000, 0x00000000a4000000, 0x00000000a4000000|100%| O|  |TAMS 0x00000000a4000000| PB 0x00000000a3f00000| Untracked |  0
|   64|0x00000000a4000000, 0x00000000a4100000, 0x00000000a4100000|100%|HS|  |TAMS 0x00000000a4100000| PB 0x00000000a4000000| Complete  |  0
|   65|0x00000000a4100000, 0x00000000a4200000, 0x00000000a4200000|100%| O|  |TAMS 0x00000000a4200000| PB 0x00000000a4100000| Untracked |  0
|   66|0x00000000a4200000, 0x00000000a4300000, 0x00000000a4300000|100%| O|  |TAMS 0x00000000a4300000| PB 0x00000000a4200000| Untracked |  0
|   67|0x00000000a4300000, 0x00000000a4400000, 0x00000000a4400000|100%| O|  |TAMS 0x00000000a4400000| PB 0x00000000a4300000| Untracked |  0
|   68|0x00000000a4400000, 0x00000000a4500000, 0x00000000a4500000|100%| O|  |TAMS 0x00000000a4500000| PB 0x00000000a4400000| Untracked |  0
|   69|0x00000000a4500000, 0x00000000a4600000, 0x00000000a4600000|100%| O|  |TAMS 0x00000000a4600000| PB 0x00000000a4500000| Untracked |  0
|   70|0x00000000a4600000, 0x00000000a4700000, 0x00000000a4700000|100%| O|  |TAMS 0x00000000a4700000| PB 0x00000000a4600000| Untracked |  0
|   71|0x00000000a4700000, 0x00000000a4800000, 0x00000000a4800000|100%| O|  |TAMS 0x00000000a4800000| PB 0x00000000a4700000| Untracked |  0
|   72|0x00000000a4800000, 0x00000000a4900000, 0x00000000a4900000|100%| O|  |TAMS 0x00000000a4900000| PB 0x00000000a4800000| Untracked |  0
|   73|0x00000000a4900000, 0x00000000a4a00000, 0x00000000a4a00000|100%| O|  |TAMS 0x00000000a4a00000| PB 0x00000000a4900000| Untracked |  0
|   74|0x00000000a4a00000, 0x00000000a4b00000, 0x00000000a4b00000|100%| O|  |TAMS 0x00000000a4b00000| PB 0x00000000a4a00000| Untracked |  0
|   75|0x00000000a4b00000, 0x00000000a4c00000, 0x00000000a4c00000|100%| O|  |TAMS 0x00000000a4c00000| PB 0x00000000a4b00000| Untracked |  0
|   76|0x00000000a4c00000, 0x00000000a4d00000, 0x00000000a4d00000|100%| O|  |TAMS 0x00000000a4d00000| PB 0x00000000a4c00000| Untracked |  0
|   77|0x00000000a4d00000, 0x00000000a4e00000, 0x00000000a4e00000|100%| O|  |TAMS 0x00000000a4e00000| PB 0x00000000a4d00000| Untracked |  0
|   78|0x00000000a4e00000, 0x00000000a4f00000, 0x00000000a4f00000|100%| O|  |TAMS 0x00000000a4f00000| PB 0x00000000a4e00000| Untracked |  0
|   79|0x00000000a4f00000, 0x00000000a5000000, 0x00000000a5000000|100%| O|  |TAMS 0x00000000a5000000| PB 0x00000000a4f00000| Untracked |  0
|   80|0x00000000a5000000, 0x00000000a5100000, 0x00000000a5100000|100%| O|  |TAMS 0x00000000a5100000| PB 0x00000000a5000000| Untracked |  0
|   81|0x00000000a5100000, 0x00000000a5200000, 0x00000000a5200000|100%| O|  |TAMS 0x00000000a5200000| PB 0x00000000a5100000| Untracked |  0
|   82|0x00000000a5200000, 0x00000000a5300000, 0x00000000a5300000|100%| O|  |TAMS 0x00000000a5300000| PB 0x00000000a5200000| Untracked |  0
|   83|0x00000000a5300000, 0x00000000a5400000, 0x00000000a5400000|100%| O|  |TAMS 0x00000000a5400000| PB 0x00000000a5300000| Untracked |  0
|   84|0x00000000a5400000, 0x00000000a5500000, 0x00000000a5500000|100%| O|  |TAMS 0x00000000a5500000| PB 0x00000000a5400000| Untracked |  0
|   85|0x00000000a5500000, 0x00000000a5600000, 0x00000000a5600000|100%| O|  |TAMS 0x00000000a5600000| PB 0x00000000a5500000| Untracked |  0
|   86|0x00000000a5600000, 0x00000000a5700000, 0x00000000a5700000|100%| O|  |TAMS 0x00000000a5700000| PB 0x00000000a5600000| Untracked |  0
|   87|0x00000000a5700000, 0x00000000a5800000, 0x00000000a5800000|100%|HS|  |TAMS 0x00000000a5800000| PB 0x00000000a5700000| Complete  |  0
|   88|0x00000000a5800000, 0x00000000a5900000, 0x00000000a5900000|100%|HC|  |TAMS 0x00000000a5900000| PB 0x00000000a5800000| Complete  |  0
|   89|0x00000000a5900000, 0x00000000a5a00000, 0x00000000a5a00000|100%|HS|  |TAMS 0x00000000a5a00000| PB 0x00000000a5900000| Complete  |  0
|   90|0x00000000a5a00000, 0x00000000a5b00000, 0x00000000a5b00000|100%|HC|  |TAMS 0x00000000a5b00000| PB 0x00000000a5a00000| Complete  |  0
|   91|0x00000000a5b00000, 0x00000000a5c00000, 0x00000000a5c00000|100%| O|  |TAMS 0x00000000a5c00000| PB 0x00000000a5b00000| Untracked |  0
|   92|0x00000000a5c00000, 0x00000000a5d00000, 0x00000000a5d00000|100%| O|  |TAMS 0x00000000a5d00000| PB 0x00000000a5c00000| Untracked |  0
|   93|0x00000000a5d00000, 0x00000000a5e00000, 0x00000000a5e00000|100%| O|  |TAMS 0x00000000a5e00000| PB 0x00000000a5d00000| Untracked |  0
|   94|0x00000000a5e00000, 0x00000000a5f00000, 0x00000000a5f00000|100%| O|  |TAMS 0x00000000a5f00000| PB 0x00000000a5e00000| Untracked |  0
|   95|0x00000000a5f00000, 0x00000000a6000000, 0x00000000a6000000|100%| O|  |TAMS 0x00000000a6000000| PB 0x00000000a5f00000| Untracked |  0
|   96|0x00000000a6000000, 0x00000000a6100000, 0x00000000a6100000|100%| O|  |TAMS 0x00000000a6100000| PB 0x00000000a6000000| Untracked |  0
|   97|0x00000000a6100000, 0x00000000a6200000, 0x00000000a6200000|100%| O|  |TAMS 0x00000000a6200000| PB 0x00000000a6100000| Untracked |  0
|   98|0x00000000a6200000, 0x00000000a6300000, 0x00000000a6300000|100%| O|  |TAMS 0x00000000a6300000| PB 0x00000000a6200000| Untracked |  0
|   99|0x00000000a6300000, 0x00000000a6400000, 0x00000000a6400000|100%| O|  |TAMS 0x00000000a6400000| PB 0x00000000a6300000| Untracked |  0
|  100|0x00000000a6400000, 0x00000000a6500000, 0x00000000a6500000|100%| O|  |TAMS 0x00000000a6500000| PB 0x00000000a6400000| Untracked |  0
|  101|0x00000000a6500000, 0x00000000a6600000, 0x00000000a6600000|100%| O|  |TAMS 0x00000000a6600000| PB 0x00000000a6500000| Untracked |  0
|  102|0x00000000a6600000, 0x00000000a6700000, 0x00000000a6700000|100%| O|  |TAMS 0x00000000a6700000| PB 0x00000000a6600000| Untracked |  0
|  103|0x00000000a6700000, 0x00000000a6800000, 0x00000000a6800000|100%| O|  |TAMS 0x00000000a6800000| PB 0x00000000a6700000| Untracked |  0
|  104|0x00000000a6800000, 0x00000000a6900000, 0x00000000a6900000|100%| O|  |TAMS 0x00000000a6900000| PB 0x00000000a6800000| Untracked |  0
|  105|0x00000000a6900000, 0x00000000a6a00000, 0x00000000a6a00000|100%| O|  |TAMS 0x00000000a6a00000| PB 0x00000000a6900000| Untracked |  0
|  106|0x00000000a6a00000, 0x00000000a6b00000, 0x00000000a6b00000|100%| O|  |TAMS 0x00000000a6b00000| PB 0x00000000a6a00000| Untracked |  0
|  107|0x00000000a6b00000, 0x00000000a6c00000, 0x00000000a6c00000|100%| O|  |TAMS 0x00000000a6c00000| PB 0x00000000a6b00000| Untracked |  0
|  108|0x00000000a6c00000, 0x00000000a6d00000, 0x00000000a6d00000|100%| O|  |TAMS 0x00000000a6d00000| PB 0x00000000a6c00000| Untracked |  0
|  109|0x00000000a6d00000, 0x00000000a6e00000, 0x00000000a6e00000|100%|HS|  |TAMS 0x00000000a6e00000| PB 0x00000000a6d00000| Complete  |  0
|  110|0x00000000a6e00000, 0x00000000a6f00000, 0x00000000a6f00000|100%| O|  |TAMS 0x00000000a6f00000| PB 0x00000000a6e00000| Untracked |  0
|  111|0x00000000a6f00000, 0x00000000a7000000, 0x00000000a7000000|100%| O|  |TAMS 0x00000000a7000000| PB 0x00000000a6f00000| Untracked |  0
|  112|0x00000000a7000000, 0x00000000a7100000, 0x00000000a7100000|100%| O|  |TAMS 0x00000000a7100000| PB 0x00000000a7000000| Untracked |  0
|  113|0x00000000a7100000, 0x00000000a7200000, 0x00000000a7200000|100%| O|  |TAMS 0x00000000a7100000| PB 0x00000000a7100000| Untracked |  0
|  114|0x00000000a7200000, 0x00000000a7300000, 0x00000000a7300000|100%| O|  |TAMS 0x00000000a7300000| PB 0x00000000a7200000| Untracked |  0
|  115|0x00000000a7300000, 0x00000000a7400000, 0x00000000a7400000|100%| O|  |TAMS 0x00000000a7400000| PB 0x00000000a7300000| Untracked |  0
|  116|0x00000000a7400000, 0x00000000a7500000, 0x00000000a7500000|100%| O|  |TAMS 0x00000000a7500000| PB 0x00000000a7400000| Untracked |  0
|  117|0x00000000a7500000, 0x00000000a7600000, 0x00000000a7600000|100%| O|  |TAMS 0x00000000a7600000| PB 0x00000000a7500000| Untracked |  0
|  118|0x00000000a7600000, 0x00000000a7700000, 0x00000000a7700000|100%| O|  |TAMS 0x00000000a7700000| PB 0x00000000a7600000| Untracked |  0
|  119|0x00000000a7700000, 0x00000000a7800000, 0x00000000a7800000|100%| O|  |TAMS 0x00000000a7800000| PB 0x00000000a7700000| Untracked |  0
|  120|0x00000000a7800000, 0x00000000a7900000, 0x00000000a7900000|100%| O|  |TAMS 0x00000000a7900000| PB 0x00000000a7800000| Untracked |  0
|  121|0x00000000a7900000, 0x00000000a7a00000, 0x00000000a7a00000|100%| O|  |TAMS 0x00000000a7a00000| PB 0x00000000a7900000| Untracked |  0
|  122|0x00000000a7a00000, 0x00000000a7b00000, 0x00000000a7b00000|100%| O|  |TAMS 0x00000000a7b00000| PB 0x00000000a7a00000| Untracked |  0
|  123|0x00000000a7b00000, 0x00000000a7c00000, 0x00000000a7c00000|100%| O|  |TAMS 0x00000000a7c00000| PB 0x00000000a7b00000| Untracked |  0
|  124|0x00000000a7c00000, 0x00000000a7d00000, 0x00000000a7d00000|100%| O|  |TAMS 0x00000000a7d00000| PB 0x00000000a7c00000| Untracked |  0
|  125|0x00000000a7d00000, 0x00000000a7e00000, 0x00000000a7e00000|100%| O|  |TAMS 0x00000000a7e00000| PB 0x00000000a7d00000| Untracked |  0
|  126|0x00000000a7e00000, 0x00000000a7f00000, 0x00000000a7f00000|100%| O|  |TAMS 0x00000000a7f00000| PB 0x00000000a7e00000| Untracked |  0
|  127|0x00000000a7f00000, 0x00000000a8000000, 0x00000000a8000000|100%| O|  |TAMS 0x00000000a8000000| PB 0x00000000a7f00000| Untracked |  0
|  128|0x00000000a8000000, 0x00000000a8100000, 0x00000000a8100000|100%| O|  |TAMS 0x00000000a8100000| PB 0x00000000a8000000| Untracked |  0
|  129|0x00000000a8100000, 0x00000000a8200000, 0x00000000a8200000|100%| O|  |TAMS 0x00000000a8200000| PB 0x00000000a8100000| Untracked |  0
|  130|0x00000000a8200000, 0x00000000a8300000, 0x00000000a8300000|100%| O|  |TAMS 0x00000000a8300000| PB 0x00000000a8200000| Untracked |  0
|  131|0x00000000a8300000, 0x00000000a8400000, 0x00000000a8400000|100%| O|  |TAMS 0x00000000a8400000| PB 0x00000000a8300000| Untracked |  0
|  132|0x00000000a8400000, 0x00000000a8500000, 0x00000000a8500000|100%| O|  |TAMS 0x00000000a8500000| PB 0x00000000a8400000| Untracked |  0
|  133|0x00000000a8500000, 0x00000000a8600000, 0x00000000a8600000|100%| O|  |TAMS 0x00000000a8600000| PB 0x00000000a8500000| Untracked |  0
|  134|0x00000000a8600000, 0x00000000a8700000, 0x00000000a8700000|100%| O|  |TAMS 0x00000000a8700000| PB 0x00000000a8600000| Untracked |  0
|  135|0x00000000a8700000, 0x00000000a8800000, 0x00000000a8800000|100%| O|  |TAMS 0x00000000a8800000| PB 0x00000000a8700000| Untracked |  0
|  136|0x00000000a8800000, 0x00000000a8900000, 0x00000000a8900000|100%| O|  |TAMS 0x00000000a8900000| PB 0x00000000a8800000| Untracked |  0
|  137|0x00000000a8900000, 0x00000000a8a00000, 0x00000000a8a00000|100%| O|  |TAMS 0x00000000a8a00000| PB 0x00000000a8900000| Untracked |  0
|  138|0x00000000a8a00000, 0x00000000a8b00000, 0x00000000a8b00000|100%| O|  |TAMS 0x00000000a8b00000| PB 0x00000000a8a00000| Untracked |  0
|  139|0x00000000a8b00000, 0x00000000a8c00000, 0x00000000a8c00000|100%| O|  |TAMS 0x00000000a8c00000| PB 0x00000000a8b00000| Untracked |  0
|  140|0x00000000a8c00000, 0x00000000a8d00000, 0x00000000a8d00000|100%| O|  |TAMS 0x00000000a8d00000| PB 0x00000000a8c00000| Untracked |  0
|  141|0x00000000a8d00000, 0x00000000a8e00000, 0x00000000a8e00000|100%| O|  |TAMS 0x00000000a8e00000| PB 0x00000000a8d00000| Untracked |  0
|  142|0x00000000a8e00000, 0x00000000a8f00000, 0x00000000a8f00000|100%| O|  |TAMS 0x00000000a8f00000| PB 0x00000000a8e00000| Untracked |  0
|  143|0x00000000a8f00000, 0x00000000a9000000, 0x00000000a9000000|100%| O|  |TAMS 0x00000000a8f5ecb8| PB 0x00000000a8f00000| Untracked |  0
|  144|0x00000000a9000000, 0x00000000a9100000, 0x00000000a9100000|100%| O|  |TAMS 0x00000000a9000000| PB 0x00000000a9000000| Untracked |  0
|  145|0x00000000a9100000, 0x00000000a9200000, 0x00000000a9200000|100%| O|  |TAMS 0x00000000a9100000| PB 0x00000000a9100000| Untracked |  0
|  146|0x00000000a9200000, 0x00000000a9200000, 0x00000000a9300000|  0%| F|  |TAMS 0x00000000a9200000| PB 0x00000000a9200000| Untracked |  0
|  147|0x00000000a9300000, 0x00000000a9300000, 0x00000000a9400000|  0%| F|  |TAMS 0x00000000a9300000| PB 0x00000000a9300000| Untracked |  0
|  148|0x00000000a9400000, 0x00000000a9400000, 0x00000000a9500000|  0%| F|  |TAMS 0x00000000a9400000| PB 0x00000000a9400000| Untracked |  0
|  149|0x00000000a9500000, 0x00000000a9500000, 0x00000000a9600000|  0%| F|  |TAMS 0x00000000a9500000| PB 0x00000000a9500000| Untracked |  0
|  150|0x00000000a9600000, 0x00000000a9700000, 0x00000000a9700000|100%| O|  |TAMS 0x00000000a9600000| PB 0x00000000a9600000| Untracked |  0
|  151|0x00000000a9700000, 0x00000000a9800000, 0x00000000a9800000|100%| O|  |TAMS 0x00000000a9700000| PB 0x00000000a9700000| Untracked |  0
|  152|0x00000000a9800000, 0x00000000a9900000, 0x00000000a9900000|100%| O|  |TAMS 0x00000000a9800000| PB 0x00000000a9800000| Untracked |  0
|  153|0x00000000a9900000, 0x00000000a9a00000, 0x00000000a9a00000|100%| O|  |TAMS 0x00000000a9900000| PB 0x00000000a9900000| Untracked |  0
|  154|0x00000000a9a00000, 0x00000000a9a14768, 0x00000000a9b00000|  7%| O|  |TAMS 0x00000000a9a00000| PB 0x00000000a9a00000| Untracked |  0
|  155|0x00000000a9b00000, 0x00000000a9b00000, 0x00000000a9c00000|  0%| F|  |TAMS 0x00000000a9b00000| PB 0x00000000a9b00000| Untracked |  0
|  156|0x00000000a9c00000, 0x00000000a9c00000, 0x00000000a9d00000|  0%| F|  |TAMS 0x00000000a9c00000| PB 0x00000000a9c00000| Untracked |  0
|  157|0x00000000a9d00000, 0x00000000a9d00000, 0x00000000a9e00000|  0%| F|  |TAMS 0x00000000a9d00000| PB 0x00000000a9d00000| Untracked |  0
|  158|0x00000000a9e00000, 0x00000000a9e00000, 0x00000000a9f00000|  0%| F|  |TAMS 0x00000000a9e00000| PB 0x00000000a9e00000| Untracked |  0
|  159|0x00000000a9f00000, 0x00000000a9f00000, 0x00000000aa000000|  0%| F|  |TAMS 0x00000000a9f00000| PB 0x00000000a9f00000| Untracked |  0
|  160|0x00000000aa000000, 0x00000000aa000000, 0x00000000aa100000|  0%| F|  |TAMS 0x00000000aa000000| PB 0x00000000aa000000| Untracked |  0
|  161|0x00000000aa100000, 0x00000000aa100000, 0x00000000aa200000|  0%| F|  |TAMS 0x00000000aa100000| PB 0x00000000aa100000| Untracked |  0
|  162|0x00000000aa200000, 0x00000000aa2e0948, 0x00000000aa300000| 87%| S|CS|TAMS 0x00000000aa200000| PB 0x00000000aa200000| Complete  |  0
|  163|0x00000000aa300000, 0x00000000aa400000, 0x00000000aa400000|100%| S|CS|TAMS 0x00000000aa300000| PB 0x00000000aa300000| Complete  |  0
|  164|0x00000000aa400000, 0x00000000aa500000, 0x00000000aa500000|100%| S|CS|TAMS 0x00000000aa400000| PB 0x00000000aa400000| Complete  |  0
|  165|0x00000000aa500000, 0x00000000aa600000, 0x00000000aa600000|100%| S|CS|TAMS 0x00000000aa500000| PB 0x00000000aa500000| Complete  |  0
|  166|0x00000000aa600000, 0x00000000aa700000, 0x00000000aa700000|100%| S|CS|TAMS 0x00000000aa600000| PB 0x00000000aa600000| Complete  |  0
|  167|0x00000000aa700000, 0x00000000aa800000, 0x00000000aa800000|100%| S|CS|TAMS 0x00000000aa700000| PB 0x00000000aa700000| Complete  |  0
|  168|0x00000000aa800000, 0x00000000aa900000, 0x00000000aa900000|100%| S|CS|TAMS 0x00000000aa800000| PB 0x00000000aa800000| Complete  |  0
|  169|0x00000000aa900000, 0x00000000aa900000, 0x00000000aaa00000|  0%| F|  |TAMS 0x00000000aa900000| PB 0x00000000aa900000| Untracked |  0
|  170|0x00000000aaa00000, 0x00000000aaa00000, 0x00000000aab00000|  0%| F|  |TAMS 0x00000000aaa00000| PB 0x00000000aaa00000| Untracked |  0
|  171|0x00000000aab00000, 0x00000000aab00000, 0x00000000aac00000|  0%| F|  |TAMS 0x00000000aab00000| PB 0x00000000aab00000| Untracked |  0
|  172|0x00000000aac00000, 0x00000000aac00000, 0x00000000aad00000|  0%| F|  |TAMS 0x00000000aac00000| PB 0x00000000aac00000| Untracked |  0
|  173|0x00000000aad00000, 0x00000000aad00000, 0x00000000aae00000|  0%| F|  |TAMS 0x00000000aad00000| PB 0x00000000aad00000| Untracked |  0
|  174|0x00000000aae00000, 0x00000000aae00000, 0x00000000aaf00000|  0%| F|  |TAMS 0x00000000aae00000| PB 0x00000000aae00000| Untracked |  0
|  175|0x00000000aaf00000, 0x00000000aaf00000, 0x00000000ab000000|  0%| F|  |TAMS 0x00000000aaf00000| PB 0x00000000aaf00000| Untracked |  0
|  176|0x00000000ab000000, 0x00000000ab000000, 0x00000000ab100000|  0%| F|  |TAMS 0x00000000ab000000| PB 0x00000000ab000000| Untracked |  0
|  177|0x00000000ab100000, 0x00000000ab100000, 0x00000000ab200000|  0%| F|  |TAMS 0x00000000ab100000| PB 0x00000000ab100000| Untracked |  0
|  178|0x00000000ab200000, 0x00000000ab200000, 0x00000000ab300000|  0%| F|  |TAMS 0x00000000ab200000| PB 0x00000000ab200000| Untracked |  0
|  179|0x00000000ab300000, 0x00000000ab300000, 0x00000000ab400000|  0%| F|  |TAMS 0x00000000ab300000| PB 0x00000000ab300000| Untracked |  0
|  180|0x00000000ab400000, 0x00000000ab400000, 0x00000000ab500000|  0%| F|  |TAMS 0x00000000ab400000| PB 0x00000000ab400000| Untracked |  0
|  181|0x00000000ab500000, 0x00000000ab500000, 0x00000000ab600000|  0%| F|  |TAMS 0x00000000ab500000| PB 0x00000000ab500000| Untracked |  0
|  182|0x00000000ab600000, 0x00000000ab600000, 0x00000000ab700000|  0%| F|  |TAMS 0x00000000ab600000| PB 0x00000000ab600000| Untracked |  0
|  183|0x00000000ab700000, 0x00000000ab700000, 0x00000000ab800000|  0%| F|  |TAMS 0x00000000ab700000| PB 0x00000000ab700000| Untracked |  0
|  184|0x00000000ab800000, 0x00000000ab800000, 0x00000000ab900000|  0%| F|  |TAMS 0x00000000ab800000| PB 0x00000000ab800000| Untracked |  0
|  185|0x00000000ab900000, 0x00000000ab900000, 0x00000000aba00000|  0%| F|  |TAMS 0x00000000ab900000| PB 0x00000000ab900000| Untracked |  0
|  186|0x00000000aba00000, 0x00000000aba00000, 0x00000000abb00000|  0%| F|  |TAMS 0x00000000aba00000| PB 0x00000000aba00000| Untracked |  0
|  187|0x00000000abb00000, 0x00000000abb00000, 0x00000000abc00000|  0%| F|  |TAMS 0x00000000abb00000| PB 0x00000000abb00000| Untracked |  0
|  188|0x00000000abc00000, 0x00000000abc00000, 0x00000000abd00000|  0%| F|  |TAMS 0x00000000abc00000| PB 0x00000000abc00000| Untracked |  0
|  189|0x00000000abd00000, 0x00000000abd00000, 0x00000000abe00000|  0%| F|  |TAMS 0x00000000abd00000| PB 0x00000000abd00000| Untracked |  0
|  190|0x00000000abe00000, 0x00000000abe00000, 0x00000000abf00000|  0%| F|  |TAMS 0x00000000abe00000| PB 0x00000000abe00000| Untracked |  0
|  191|0x00000000abf00000, 0x00000000abf00000, 0x00000000ac000000|  0%| F|  |TAMS 0x00000000abf00000| PB 0x00000000abf00000| Untracked |  0
|  192|0x00000000ac000000, 0x00000000ac000000, 0x00000000ac100000|  0%| F|  |TAMS 0x00000000ac000000| PB 0x00000000ac000000| Untracked |  0
|  193|0x00000000ac100000, 0x00000000ac100000, 0x00000000ac200000|  0%| F|  |TAMS 0x00000000ac100000| PB 0x00000000ac100000| Untracked |  0
|  194|0x00000000ac200000, 0x00000000ac200000, 0x00000000ac300000|  0%| F|  |TAMS 0x00000000ac200000| PB 0x00000000ac200000| Untracked |  0
|  195|0x00000000ac300000, 0x00000000ac300000, 0x00000000ac400000|  0%| F|  |TAMS 0x00000000ac300000| PB 0x00000000ac300000| Untracked |  0
|  196|0x00000000ac400000, 0x00000000ac400000, 0x00000000ac500000|  0%| F|  |TAMS 0x00000000ac400000| PB 0x00000000ac400000| Untracked |  0
|  197|0x00000000ac500000, 0x00000000ac500000, 0x00000000ac600000|  0%| F|  |TAMS 0x00000000ac500000| PB 0x00000000ac500000| Untracked |  0
|  198|0x00000000ac600000, 0x00000000ac600000, 0x00000000ac700000|  0%| F|  |TAMS 0x00000000ac600000| PB 0x00000000ac600000| Untracked |  0
|  199|0x00000000ac700000, 0x00000000ac700000, 0x00000000ac800000|  0%| F|  |TAMS 0x00000000ac700000| PB 0x00000000ac700000| Untracked |  0
|  200|0x00000000ac800000, 0x00000000ac800000, 0x00000000ac900000|  0%| F|  |TAMS 0x00000000ac800000| PB 0x00000000ac800000| Untracked |  0
|  201|0x00000000ac900000, 0x00000000ac900000, 0x00000000aca00000|  0%| F|  |TAMS 0x00000000ac900000| PB 0x00000000ac900000| Untracked |  0
|  202|0x00000000aca00000, 0x00000000aca00000, 0x00000000acb00000|  0%| F|  |TAMS 0x00000000aca00000| PB 0x00000000aca00000| Untracked |  0
|  203|0x00000000acb00000, 0x00000000acb00000, 0x00000000acc00000|  0%| F|  |TAMS 0x00000000acb00000| PB 0x00000000acb00000| Untracked |  0
|  204|0x00000000acc00000, 0x00000000acc00000, 0x00000000acd00000|  0%| F|  |TAMS 0x00000000acc00000| PB 0x00000000acc00000| Untracked |  0
|  205|0x00000000acd00000, 0x00000000acd00000, 0x00000000ace00000|  0%| F|  |TAMS 0x00000000acd00000| PB 0x00000000acd00000| Untracked |  0
|  206|0x00000000ace00000, 0x00000000ace00000, 0x00000000acf00000|  0%| F|  |TAMS 0x00000000ace00000| PB 0x00000000ace00000| Untracked |  0
|  207|0x00000000acf00000, 0x00000000acf00000, 0x00000000ad000000|  0%| F|  |TAMS 0x00000000acf00000| PB 0x00000000acf00000| Untracked |  0
|  208|0x00000000ad000000, 0x00000000ad000000, 0x00000000ad100000|  0%| F|  |TAMS 0x00000000ad000000| PB 0x00000000ad000000| Untracked |  0
|  209|0x00000000ad100000, 0x00000000ad100000, 0x00000000ad200000|  0%| F|  |TAMS 0x00000000ad100000| PB 0x00000000ad100000| Untracked |  0
|  210|0x00000000ad200000, 0x00000000ad200000, 0x00000000ad300000|  0%| F|  |TAMS 0x00000000ad200000| PB 0x00000000ad200000| Untracked |  0
|  211|0x00000000ad300000, 0x00000000ad300000, 0x00000000ad400000|  0%| F|  |TAMS 0x00000000ad300000| PB 0x00000000ad300000| Untracked |  0
|  212|0x00000000ad400000, 0x00000000ad400000, 0x00000000ad500000|  0%| F|  |TAMS 0x00000000ad400000| PB 0x00000000ad400000| Untracked |  0
|  213|0x00000000ad500000, 0x00000000ad500000, 0x00000000ad600000|  0%| F|  |TAMS 0x00000000ad500000| PB 0x00000000ad500000| Untracked |  0
|  214|0x00000000ad600000, 0x00000000ad600000, 0x00000000ad700000|  0%| F|  |TAMS 0x00000000ad600000| PB 0x00000000ad600000| Untracked |  0
|  215|0x00000000ad700000, 0x00000000ad700000, 0x00000000ad800000|  0%| F|  |TAMS 0x00000000ad700000| PB 0x00000000ad700000| Untracked |  0
|  216|0x00000000ad800000, 0x00000000ad800000, 0x00000000ad900000|  0%| F|  |TAMS 0x00000000ad800000| PB 0x00000000ad800000| Untracked |  0
|  217|0x00000000ad900000, 0x00000000ad900000, 0x00000000ada00000|  0%| F|  |TAMS 0x00000000ad900000| PB 0x00000000ad900000| Untracked |  0
|  218|0x00000000ada00000, 0x00000000ada00000, 0x00000000adb00000|  0%| F|  |TAMS 0x00000000ada00000| PB 0x00000000ada00000| Untracked |  0
|  219|0x00000000adb00000, 0x00000000adb00000, 0x00000000adc00000|  0%| F|  |TAMS 0x00000000adb00000| PB 0x00000000adb00000| Untracked |  0
|  220|0x00000000adc00000, 0x00000000adc00000, 0x00000000add00000|  0%| F|  |TAMS 0x00000000adc00000| PB 0x00000000adc00000| Untracked |  0
|  221|0x00000000add00000, 0x00000000add00000, 0x00000000ade00000|  0%| F|  |TAMS 0x00000000add00000| PB 0x00000000add00000| Untracked |  0
|  222|0x00000000ade00000, 0x00000000ade00000, 0x00000000adf00000|  0%| F|  |TAMS 0x00000000ade00000| PB 0x00000000ade00000| Untracked |  0
|  223|0x00000000adf00000, 0x00000000adf00000, 0x00000000ae000000|  0%| F|  |TAMS 0x00000000adf00000| PB 0x00000000adf00000| Untracked |  0
|  224|0x00000000ae000000, 0x00000000ae000000, 0x00000000ae100000|  0%| F|  |TAMS 0x00000000ae000000| PB 0x00000000ae000000| Untracked |  0
|  225|0x00000000ae100000, 0x00000000ae100000, 0x00000000ae200000|  0%| F|  |TAMS 0x00000000ae100000| PB 0x00000000ae100000| Untracked |  0
|  226|0x00000000ae200000, 0x00000000ae200000, 0x00000000ae300000|  0%| F|  |TAMS 0x00000000ae200000| PB 0x00000000ae200000| Untracked |  0
|  227|0x00000000ae300000, 0x00000000ae300000, 0x00000000ae400000|  0%| F|  |TAMS 0x00000000ae300000| PB 0x00000000ae300000| Untracked |  0
|  228|0x00000000ae400000, 0x00000000ae400000, 0x00000000ae500000|  0%| F|  |TAMS 0x00000000ae400000| PB 0x00000000ae400000| Untracked |  0
|  229|0x00000000ae500000, 0x00000000ae500000, 0x00000000ae600000|  0%| F|  |TAMS 0x00000000ae500000| PB 0x00000000ae500000| Untracked |  0
|  230|0x00000000ae600000, 0x00000000ae600000, 0x00000000ae700000|  0%| F|  |TAMS 0x00000000ae600000| PB 0x00000000ae600000| Untracked |  0
|  231|0x00000000ae700000, 0x00000000ae700000, 0x00000000ae800000|  0%| F|  |TAMS 0x00000000ae700000| PB 0x00000000ae700000| Untracked |  0
|  232|0x00000000ae800000, 0x00000000ae800000, 0x00000000ae900000|  0%| F|  |TAMS 0x00000000ae800000| PB 0x00000000ae800000| Untracked |  0
|  233|0x00000000ae900000, 0x00000000ae900000, 0x00000000aea00000|  0%| F|  |TAMS 0x00000000ae900000| PB 0x00000000ae900000| Untracked |  0
|  234|0x00000000aea00000, 0x00000000aea00000, 0x00000000aeb00000|  0%| F|  |TAMS 0x00000000aea00000| PB 0x00000000aea00000| Untracked |  0
| 1523|0x00000000ff300000, 0x00000000ff300000, 0x00000000ff400000|  0%| F|  |TAMS 0x00000000ff300000| PB 0x00000000ff300000| Untracked |  0
| 1524|0x00000000ff400000, 0x00000000ff400000, 0x00000000ff500000|  0%| F|  |TAMS 0x00000000ff400000| PB 0x00000000ff400000| Untracked |  0
| 1525|0x00000000ff500000, 0x00000000ff600000, 0x00000000ff600000|100%| O|  |TAMS 0x00000000ff600000| PB 0x00000000ff500000| Untracked |  0
| 1526|0x00000000ff600000, 0x00000000ff700000, 0x00000000ff700000|100%| O|  |TAMS 0x00000000ff700000| PB 0x00000000ff600000| Untracked |  0
| 1527|0x00000000ff700000, 0x00000000ff800000, 0x00000000ff800000|100%| O|  |TAMS 0x00000000ff800000| PB 0x00000000ff700000| Untracked |  0
| 1528|0x00000000ff800000, 0x00000000ff900000, 0x00000000ff900000|100%| O|  |TAMS 0x00000000ff900000| PB 0x00000000ff800000| Untracked |  0
| 1529|0x00000000ff900000, 0x00000000ffa00000, 0x00000000ffa00000|100%| O|  |TAMS 0x00000000ffa00000| PB 0x00000000ff900000| Untracked |  0
| 1530|0x00000000ffa00000, 0x00000000ffa00000, 0x00000000ffb00000|  0%| F|  |TAMS 0x00000000ffa00000| PB 0x00000000ffa00000| Untracked |  0
| 1531|0x00000000ffb00000, 0x00000000ffb00000, 0x00000000ffc00000|  0%| F|  |TAMS 0x00000000ffb00000| PB 0x00000000ffb00000| Untracked |  0
| 1532|0x00000000ffc00000, 0x00000000ffd00000, 0x00000000ffd00000|100%| O|  |TAMS 0x00000000ffd00000| PB 0x00000000ffc00000| Untracked |  0
| 1533|0x00000000ffd00000, 0x00000000ffd00000, 0x00000000ffe00000|  0%| F|  |TAMS 0x00000000ffd00000| PB 0x00000000ffd00000| Untracked |  0
| 1534|0x00000000ffe00000, 0x00000000fff00000, 0x00000000fff00000|100%| O|  |TAMS 0x00000000fff00000| PB 0x00000000ffe00000| Untracked |  0
| 1535|0x00000000fff00000, 0x00000000fff00000, 0x0000000100000000|  0%| F|  |TAMS 0x00000000fff00000| PB 0x00000000fff00000| Untracked |  0

Card table byte_map: [0x0000019e23f50000,0x0000019e24250000] _byte_map_base: 0x0000019e23a50000
Refinement table byte_map: [0x0000019e23c50000,0x0000019e23f50000] _byte_map_base: 0x0000019e23750000

Marking Bits: (CMBitMap*) 0x0000019e0abcbd60
 Bits: [0x0000019e24250000, 0x0000019e25a50000)

Polling page: 0x0000019e0a350000

Metaspace:
Metaspace        used 111190K, committed 113664K, reserved 1179648K
 class space     used 15709K, committed 16896K, reserved 1048576K

Usage:
  Non-class:     93.24 MB used.
      Class:     15.34 MB used.
       Both:    108.58 MB used.

Virtual space:
  Non-class space:      128.00 MB reserved,      94.50 MB ( 74%) committed,  2 nodes.
      Class space:        1.00 GB reserved,      16.50 MB (  2%) committed,  1 nodes.
             Both:        1.12 GB reserved,     111.00 MB ( 10%) committed. 

Chunk freelists:
   Non-Class:  864.00 KB
       Class:  15.33 MB
        Both:  16.18 MB

MaxMetaspaceSize: unlimited
CompressedClassSpaceSize: 1.00 GB
Initial GC threshold: 21.00 MB
Current GC threshold: 173.44 MB
CDS: on
 - commit_granule_bytes: 65536.
 - commit_granule_words: 8192.
 - virtual_space_node_default_size: 8388608.
 - enlarge_chunks_in_place: 1.
UseCompressedClassPointers 1, UseCompactObjectHeaders 0
Narrow klass pointer bits 32, Max shift 3
Narrow klass base: 0x000000002b000000, Narrow klass shift: 0
Encoding Range: [0x000000002b000000 - 0x000000012b000000), (4294967296 bytes)
Klass Range:    [0x000000002b000000 - 0x000000006c000000), (1090519040 bytes)
Klass ID Range:  [8 - 1090519033) (1090519025)
Protection zone: [0x000000002b000000 - 0x000000002b010000), (65536 bytes)


Internal statistics:

num_allocs_failed_limit: 9.
num_arena_births: 3996.
num_arena_deaths: 0.
num_vsnodes_births: 3.
num_vsnodes_deaths: 0.
num_space_committed: 1775.
num_space_uncommitted: 0.
num_chunks_returned_to_freelist: 9.
num_chunks_taken_from_freelist: 8960.
num_chunk_merges: 9.
num_chunk_splits: 6011.
num_chunks_enlarged: 3934.
num_inconsistent_stats: 0.

CodeHeap 'non-profiled nmethods': size=119168Kb used=7679Kb max_used=7679Kb free=111488Kb
 bounds [0x0000019e1b3e0000, 0x0000019e1bb60000, 0x0000019e22840000]
CodeHeap 'profiled nmethods': size=119168Kb used=21389Kb max_used=21389Kb free=97778Kb
 bounds [0x0000019e13830000, 0x0000019e14d20000, 0x0000019e1ac90000]
CodeHeap 'non-nmethods': size=7488Kb used=4478Kb max_used=4598Kb free=3009Kb
 bounds [0x0000019e1ac90000, 0x0000019e1b120000, 0x0000019e1b3e0000]
CodeCache: size=245824Kb, used=33546Kb, max_used=33666Kb, free=212275Kb
 total_blobs=16105, nmethods=15071, adapters=934, full_count=0
Compilation: enabled, stopped_count=0, restarted_count=0

Compilation events (20 events):
Event: 8.693 Thread 0x0000019e28c5eaa0 nmethod 17756 0x0000019e14d0cd08 code [0x0000019e14d0ce00, 0x0000019e14d0d0f0]
Event: 8.693 Thread 0x0000019e28c5eaa0 17757       3       org.gradle.api.internal.plugins.DefaultPluginManager$$Lambda/0x000000002c70e1e0::execute (28 bytes)
Event: 8.693 Thread 0x0000019e28c5eaa0 nmethod 17757 0x0000019e14d0d108 code [0x0000019e14d0d200, 0x0000019e14d0d428]
Event: 8.693 Thread 0x0000019e28c5eaa0 17758       3       java.lang.invoke.LambdaForm$DMH/0x000000002c0f0000::invokeVirtual (20 bytes)
Event: 8.693 Thread 0x0000019e28c60ae0 nmethod 17753 0x0000019e14d0d488 code [0x0000019e14d0d580, 0x0000019e14d0dc98]
Event: 8.693 Thread 0x0000019e28c5eaa0 nmethod 17758 0x0000019e14d0dd08 code [0x0000019e14d0de00, 0x0000019e14d0e2e8]
Event: 8.693 Thread 0x0000019e28c60ae0 17759       3       org.gradle.api.internal.collections.FilteredElementSource::realizePending (11 bytes)
Event: 8.693 Thread 0x0000019e28c5e290 nmethod 17755 0x0000019e14d0e308 code [0x0000019e14d0e400, 0x0000019e14d0ee28]
Event: 8.693 Thread 0x0000019e28c5eaa0 17760       3       org.gradle.api.internal.collections.DefaultCollectionEventRegister$FilteredEventRegister::registerEagerAddAction (19 bytes)
Event: 8.693 Thread 0x0000019e28c5e290 17761       3       org.gradle.api.internal.plugins.DefaultPluginCollection::filtered (10 bytes)
Event: 8.693 Thread 0x0000019e28c60ae0 nmethod 17759 0x0000019e14d0ee88 code [0x0000019e14d0ef80, 0x0000019e14d0f148]
Event: 8.693 Thread 0x0000019e28c60ae0 17762       3       org.gradle.api.internal.plugins.DefaultPluginCollection::<init> (7 bytes)
Event: 8.693 Thread 0x0000019e28c5e290 nmethod 17761 0x0000019e14d0f188 code [0x0000019e14d0f280, 0x0000019e14d0f488]
Event: 8.693 Thread 0x0000019e28c60ae0 nmethod 17762 0x0000019e14d0f508 code [0x0000019e14d0f600, 0x0000019e14d0f728]
Event: 8.693 Thread 0x0000019e28c5eaa0 nmethod 17760 0x0000019e14d0f808 code [0x0000019e14d0f900, 0x0000019e14d0fd08]
Event: 8.694 Thread 0x0000019e28c5eaa0 17763       3       org.gradle.api.internal.model.DefaultObjectFactory::domainObjectContainer (12 bytes)
Event: 8.694 Thread 0x0000019e28c5eaa0 nmethod 17763 0x0000019e14d0fd88 code [0x0000019e14d0fe80, 0x0000019e14d10008]
Event: 8.695 Thread 0x0000019e28c602d0 nmethod 17750 0x0000019e14d10088 code [0x0000019e14d10180, 0x0000019e14d13480]
Event: 8.695 Thread 0x0000019e28c60ae0 17764       1       com.android.builder.core.ComponentTypeImpl::getSuffix (5 bytes)
Event: 8.695 Thread 0x0000019e28c60ae0 nmethod 17764 0x0000019e1bb5fb08 code [0x0000019e1bb5fc00, 0x0000019e1bb5fcb8]

GC Heap Usage History (20 events):
Event: 5.079 {heap After GC invocations=33 (full 0):
 garbage-first heap   total reserved 1572864K, committed 241664K, used 89847K [0x00000000a0000000, 0x0000000100000000)
  region size 1M, 0 eden (0M), 5 survivor (5M), 73 old (73M), 11 humongous (11M), 147 free (147M)
}
Event: 5.480 {heap Before GC invocations=34 (full 0):
 garbage-first heap   total reserved 1572864K, committed 241664K, used 205559K [0x00000000a0000000, 0x0000000100000000)
  region size 1M, 112 eden (112M), 5 survivor (5M), 73 old (73M), 12 humongous (12M), 34 free (34M)
}
Event: 5.484 {heap After GC invocations=35 (full 0):
 garbage-first heap   total reserved 1572864K, committed 241664K, used 96572K [0x00000000a0000000, 0x0000000100000000)
  region size 1M, 0 eden (0M), 11 survivor (11M), 73 old (73M), 11 humongous (11M), 141 free (141M)
}
Event: 5.840 {heap Before GC invocations=35 (full 0):
 garbage-first heap   total reserved 1572864K, committed 241664K, used 207164K [0x00000000a0000000, 0x0000000100000000)
  region size 1M, 109 eden (109M), 11 survivor (11M), 73 old (73M), 11 humongous (11M), 32 free (32M)
}
Event: 5.845 {heap After GC invocations=36 (full 0):
 garbage-first heap   total reserved 1572864K, committed 241664K, used 103253K [0x00000000a0000000, 0x0000000100000000)
  region size 1M, 0 eden (0M), 14 survivor (14M), 76 old (76M), 11 humongous (11M), 135 free (135M)
}
Event: 6.373 {heap Before GC invocations=36 (full 0):
 garbage-first heap   total reserved 1572864K, committed 241664K, used 217941K [0x00000000a0000000, 0x0000000100000000)
  region size 1M, 108 eden (108M), 14 survivor (14M), 76 old (76M), 16 humongous (16M), 22 free (22M)
}
Event: 6.377 {heap After GC invocations=37 (full 0):
 garbage-first heap   total reserved 1572864K, committed 241664K, used 111693K [0x00000000a0000000, 0x0000000100000000)
  region size 1M, 0 eden (0M), 12 survivor (12M), 83 old (83M), 15 humongous (15M), 126 free (126M)
}
Event: 6.794 {heap Before GC invocations=37 (full 0):
 garbage-first heap   total reserved 1572864K, committed 241664K, used 218189K [0x00000000a0000000, 0x0000000100000000)
  region size 1M, 104 eden (104M), 12 survivor (12M), 83 old (83M), 15 humongous (15M), 22 free (22M)
}
Event: 6.798 {heap After GC invocations=38 (full 0):
 garbage-first heap   total reserved 1572864K, committed 241664K, used 119328K [0x00000000a0000000, 0x0000000100000000)
  region size 1M, 0 eden (0M), 13 survivor (13M), 90 old (90M), 15 humongous (15M), 118 free (118M)
}
Event: 7.140 {heap Before GC invocations=39 (full 0):
 garbage-first heap   total reserved 1572864K, committed 241664K, used 217632K [0x00000000a0000000, 0x0000000100000000)
  region size 1M, 97 eden (97M), 13 survivor (13M), 90 old (90M), 15 humongous (15M), 21 free (21M)
}
Event: 7.144 {heap After GC invocations=40 (full 0):
 garbage-first heap   total reserved 1572864K, committed 241664K, used 127880K [0x00000000a0000000, 0x0000000100000000)
  region size 1M, 0 eden (0M), 14 survivor (14M), 96 old (96M), 15 humongous (15M), 111 free (111M)
}
Event: 7.531 {heap Before GC invocations=40 (full 0):
 garbage-first heap   total reserved 1572864K, committed 241664K, used 225160K [0x00000000a0000000, 0x0000000100000000)
  region size 1M, 90 eden (90M), 14 survivor (14M), 96 old (96M), 21 humongous (21M), 15 free (15M)
}
Event: 7.538 {heap After GC invocations=41 (full 0):
 garbage-first heap   total reserved 1572864K, committed 253952K, used 138615K [0x00000000a0000000, 0x0000000100000000)
  region size 1M, 0 eden (0M), 10 survivor (10M), 110 old (110M), 16 humongous (16M), 112 free (112M)
}
Event: 7.863 {heap Before GC invocations=41 (full 0):
 garbage-first heap   total reserved 1572864K, committed 253952K, used 229751K [0x00000000a0000000, 0x0000000100000000)
  region size 1M, 89 eden (89M), 10 survivor (10M), 110 old (110M), 16 humongous (16M), 23 free (23M)
}
Event: 7.867 {heap After GC invocations=42 (full 0):
 garbage-first heap   total reserved 1572864K, committed 253952K, used 148038K [0x00000000a0000000, 0x0000000100000000)
  region size 1M, 0 eden (0M), 9 survivor (9M), 120 old (120M), 16 humongous (16M), 103 free (103M)
}
Event: 8.126 {heap Before GC invocations=43 (full 0):
 garbage-first heap   total reserved 1572864K, committed 253952K, used 230982K [0x00000000a0000000, 0x0000000100000000)
  region size 1M, 82 eden (82M), 9 survivor (9M), 120 old (120M), 16 humongous (16M), 21 free (21M)
}
Event: 8.129 {heap After GC invocations=44 (full 0):
 garbage-first heap   total reserved 1572864K, committed 253952K, used 153895K [0x00000000a0000000, 0x0000000100000000)
  region size 1M, 0 eden (0M), 7 survivor (7M), 128 old (128M), 16 humongous (16M), 97 free (97M)
}
Event: 8.533 {heap Before GC invocations=44 (full 0):
 garbage-first heap   total reserved 1572864K, committed 253952K, used 232743K [0x00000000a0000000, 0x0000000100000000)
  region size 1M, 78 eden (78M), 7 survivor (7M), 128 old (128M), 16 humongous (16M), 19 free (19M)
}
Event: 8.538 {heap After GC invocations=45 (full 0):
 garbage-first heap   total reserved 1572864K, committed 253952K, used 160739K [0x00000000a0000000, 0x0000000100000000)
  region size 1M, 0 eden (0M), 8 survivor (8M), 134 old (134M), 16 humongous (16M), 90 free (90M)
}
Event: 8.696 {heap Before GC invocations=45 (full 0):
 garbage-first heap   total reserved 1572864K, committed 253952K, used 234467K [0x00000000a0000000, 0x0000000100000000)
  region size 1M, 72 eden (72M), 8 survivor (8M), 134 old (134M), 16 humongous (16M), 18 free (18M)
}

Metaspace Usage History (20 events):
Event: 5.079 {metaspace After GC invocations=33 (full 0):
 Metaspace       used 78666K, committed 80832K, reserved 1179648K
  class space    used 11454K, committed 12480K, reserved 1048576K
}
Event: 5.480 {metaspace Before GC invocations=34 (full 0):
 Metaspace       used 80208K, committed 82368K, reserved 1179648K
  class space    used 11754K, committed 12800K, reserved 1048576K
}
Event: 5.484 {metaspace After GC invocations=35 (full 0):
 Metaspace       used 80208K, committed 82368K, reserved 1179648K
  class space    used 11754K, committed 12800K, reserved 1048576K
}
Event: 5.840 {metaspace Before GC invocations=35 (full 0):
 Metaspace       used 80775K, committed 83008K, reserved 1179648K
  class space    used 11811K, committed 12864K, reserved 1048576K
}
Event: 5.845 {metaspace After GC invocations=36 (full 0):
 Metaspace       used 80775K, committed 83008K, reserved 1179648K
  class space    used 11811K, committed 12864K, reserved 1048576K
}
Event: 6.373 {metaspace Before GC invocations=36 (full 0):
 Metaspace       used 89266K, committed 91520K, reserved 1179648K
  class space    used 12965K, committed 14016K, reserved 1048576K
}
Event: 6.377 {metaspace After GC invocations=37 (full 0):
 Metaspace       used 89266K, committed 91520K, reserved 1179648K
  class space    used 12965K, committed 14016K, reserved 1048576K
}
Event: 6.794 {metaspace Before GC invocations=37 (full 0):
 Metaspace       used 92484K, committed 94784K, reserved 1179648K
  class space    used 13447K, committed 14528K, reserved 1048576K
}
Event: 6.798 {metaspace After GC invocations=38 (full 0):
 Metaspace       used 92484K, committed 94784K, reserved 1179648K
  class space    used 13447K, committed 14528K, reserved 1048576K
}
Event: 7.140 {metaspace Before GC invocations=39 (full 0):
 Metaspace       used 93165K, committed 95552K, reserved 1179648K
  class space    used 13541K, committed 14656K, reserved 1048576K
}
Event: 7.144 {metaspace After GC invocations=40 (full 0):
 Metaspace       used 93165K, committed 95552K, reserved 1179648K
  class space    used 13541K, committed 14656K, reserved 1048576K
}
Event: 7.531 {metaspace Before GC invocations=40 (full 0):
 Metaspace       used 98828K, committed 101248K, reserved 1179648K
  class space    used 14166K, committed 15296K, reserved 1048576K
}
Event: 7.538 {metaspace After GC invocations=41 (full 0):
 Metaspace       used 98828K, committed 101248K, reserved 1179648K
  class space    used 14166K, committed 15296K, reserved 1048576K
}
Event: 7.863 {metaspace Before GC invocations=41 (full 0):
 Metaspace       used 104039K, committed 106432K, reserved 1179648K
  class space    used 14945K, committed 16064K, reserved 1048576K
}
Event: 7.867 {metaspace After GC invocations=42 (full 0):
 Metaspace       used 104039K, committed 106432K, reserved 1179648K
  class space    used 14945K, committed 16064K, reserved 1048576K
}
Event: 8.126 {metaspace Before GC invocations=43 (full 0):
 Metaspace       used 109136K, committed 111616K, reserved 1179648K
  class space    used 15531K, committed 16704K, reserved 1048576K
}
Event: 8.129 {metaspace After GC invocations=44 (full 0):
 Metaspace       used 109136K, committed 111616K, reserved 1179648K
  class space    used 15531K, committed 16704K, reserved 1048576K
}
Event: 8.533 {metaspace Before GC invocations=44 (full 0):
 Metaspace       used 111098K, committed 113536K, reserved 1179648K
  class space    used 15704K, committed 16896K, reserved 1048576K
}
Event: 8.538 {metaspace After GC invocations=45 (full 0):
 Metaspace       used 111098K, committed 113536K, reserved 1179648K
  class space    used 15704K, committed 16896K, reserved 1048576K
}
Event: 8.696 {metaspace Before GC invocations=45 (full 0):
 Metaspace       used 111190K, committed 113664K, reserved 1179648K
  class space    used 15709K, committed 16896K, reserved 1048576K
}

Dll operation events (20 events):
Event: 0.043 Attempting to load shared library C:\Program Files\Java\jdk-26.0.1\bin\nio.dll
Event: 0.044 Loaded shared library C:\Program Files\Java\jdk-26.0.1\bin\nio.dll
Event: 0.045 Attempting to load shared library C:\Program Files\Java\jdk-26.0.1\bin\zip.dll
Event: 0.045 Loaded shared library C:\Program Files\Java\jdk-26.0.1\bin\zip.dll
Event: 0.155 Attempting to load shared library C:\Program Files\Java\jdk-26.0.1\bin\jimage.dll
Event: 0.155 Loaded shared library C:\Program Files\Java\jdk-26.0.1\bin\jimage.dll
Event: 0.209 Attempting to load shared library C:\Program Files\Java\jdk-26.0.1\bin\verify.dll
Event: 0.209 Loaded shared library C:\Program Files\Java\jdk-26.0.1\bin\verify.dll
Event: 0.250 Attempting to load shared library C:\Users\LEGION\.gradle\native\1def1411415f61bf3af743bc5b6707747c0891f09f0c88961ee8f79bc544acac\windows-amd64\native-platform.dll
Event: 0.251 Loaded shared library C:\Users\LEGION\.gradle\native\1def1411415f61bf3af743bc5b6707747c0891f09f0c88961ee8f79bc544acac\windows-amd64\native-platform.dll
Event: 0.254 Attempting to load shared library C:\Users\LEGION\.gradle\native\0.2.7\x86_64-windows-gnu\gradle-fileevents.dll
Event: 0.254 Loaded shared library C:\Users\LEGION\.gradle\native\0.2.7\x86_64-windows-gnu\gradle-fileevents.dll
Event: 0.678 Attempting to load shared library C:\Program Files\Java\jdk-26.0.1\bin\management.dll
Event: 0.678 Loaded shared library C:\Program Files\Java\jdk-26.0.1\bin\management.dll
Event: 0.679 Attempting to load shared library C:\Program Files\Java\jdk-26.0.1\bin\management_ext.dll
Event: 0.679 Loaded shared library C:\Program Files\Java\jdk-26.0.1\bin\management_ext.dll
Event: 0.741 Attempting to load shared library C:\Program Files\Java\jdk-26.0.1\bin\extnet.dll
Event: 0.741 Loaded shared library C:\Program Files\Java\jdk-26.0.1\bin\extnet.dll
Event: 0.834 Attempting to load shared library C:\Program Files\Java\jdk-26.0.1\bin\sunmscapi.dll
Event: 0.835 Loaded shared library C:\Program Files\Java\jdk-26.0.1\bin\sunmscapi.dll

Deoptimization events (20 events):
Event: 8.510 Thread 0x0000019e2f8775f0 Uncommon trap: trap_request=0xffffffd6 fr.pc=0x0000019e1bb0d934 relative=0x0000000000000734
Event: 8.510 Thread 0x0000019e2f8775f0 Uncommon trap: reason=array_check action=maybe_recompile pc=0x0000019e1bb0d934 method=java.util.ComparableTimSort.binarySort([Ljava/lang/Object;III)V @ 183 c2
Event: 8.510 Thread 0x0000019e2f8775f0 DEOPT PACKING pc=0x0000019e1bb0d934 sp=0x00000058ee2f7480
Event: 8.510 Thread 0x0000019e2f8775f0 DEOPT UNPACKING pc=0x0000019e1adb4882 sp=0x00000058ee2f7420 mode 2
Event: 8.510 Thread 0x0000019e2f8775f0 Uncommon trap: trap_request=0xffffffd6 fr.pc=0x0000019e1b9d2f8c relative=0x0000000000000a0c
Event: 8.510 Thread 0x0000019e2f8775f0 Uncommon trap: reason=array_check action=maybe_recompile pc=0x0000019e1b9d2f8c method=java.util.ComparableTimSort.binarySort([Ljava/lang/Object;III)V @ 215 c2
Event: 8.510 Thread 0x0000019e2f8775f0 DEOPT PACKING pc=0x0000019e1b9d2f8c sp=0x00000058ee2f7470
Event: 8.510 Thread 0x0000019e2f8775f0 DEOPT UNPACKING pc=0x0000019e1adb4882 sp=0x00000058ee2f7420 mode 2
Event: 8.512 Thread 0x0000019e34f2b0e0 Uncommon trap: trap_request=0xffffff45 fr.pc=0x0000019e1b6eff44 relative=0x00000000000000c4
Event: 8.512 Thread 0x0000019e34f2b0e0 Uncommon trap: reason=unstable_if action=reinterpret pc=0x0000019e1b6eff44 method=jdk.internal.misc.Unsafe.getAndBitwiseAndInt(Ljava/lang/Object;JI)I @ 21 c2
Event: 8.512 Thread 0x0000019e34f2b0e0 DEOPT PACKING pc=0x0000019e1b6eff44 sp=0x00000058864ff2d0
Event: 8.512 Thread 0x0000019e34f2b0e0 DEOPT UNPACKING pc=0x0000019e1adb4882 sp=0x00000058864ff170 mode 2
Event: 8.564 Thread 0x0000019e2f8775f0 Uncommon trap: trap_request=0xffffffd6 fr.pc=0x0000019e1bb28eec relative=0x00000000000007ec
Event: 8.564 Thread 0x0000019e2f8775f0 Uncommon trap: reason=array_check action=maybe_recompile pc=0x0000019e1bb28eec method=java.util.ComparableTimSort.binarySort([Ljava/lang/Object;III)V @ 193 c2
Event: 8.564 Thread 0x0000019e2f8775f0 DEOPT PACKING pc=0x0000019e1bb28eec sp=0x00000058ee2f7480
Event: 8.564 Thread 0x0000019e2f8775f0 DEOPT UNPACKING pc=0x0000019e1adb4882 sp=0x00000058ee2f7420 mode 2
Event: 8.564 Thread 0x0000019e2f8775f0 Uncommon trap: trap_request=0xffffffd6 fr.pc=0x0000019e1bb28eec relative=0x00000000000007ec
Event: 8.565 Thread 0x0000019e2f8775f0 Uncommon trap: reason=array_check action=maybe_recompile pc=0x0000019e1bb28eec method=java.util.ComparableTimSort.binarySort([Ljava/lang/Object;III)V @ 193 c2
Event: 8.565 Thread 0x0000019e2f8775f0 DEOPT PACKING pc=0x0000019e1bb28eec sp=0x00000058ee2f7480
Event: 8.565 Thread 0x0000019e2f8775f0 DEOPT UNPACKING pc=0x0000019e1adb4882 sp=0x00000058ee2f7420 mode 2

Classes loaded (20 events):
Event: 8.012 Loading class sun/reflect/misc/MethodUtil$1
Event: 8.012 Loading class sun/reflect/misc/MethodUtil$1 done
Event: 8.081 Loading class java/util/Collections$EmptyListIterator
Event: 8.081 Loading class java/util/Collections$EmptyListIterator done
Event: 8.084 Loading class java/io/CharArrayWriter
Event: 8.084 Loading class java/io/CharArrayWriter done
Event: 8.087 Loading class java/time/Instant$1
Event: 8.087 Loading class java/time/Instant$1 done
Event: 8.113 Loading class java/util/concurrent/LinkedBlockingDeque$Itr
Event: 8.114 Loading class java/util/concurrent/LinkedBlockingDeque$AbstractItr
Event: 8.114 Loading class java/util/concurrent/LinkedBlockingDeque$AbstractItr done
Event: 8.114 Loading class java/util/concurrent/LinkedBlockingDeque$Itr done
Event: 8.122 Loading class java/net/UrlDeserializedState
Event: 8.122 Loading class java/net/UrlDeserializedState done
Event: 8.122 Loading class java/net/Proxy
Event: 8.122 Loading class java/net/Proxy done
Event: 8.124 Loading class java/util/concurrent/CompletableFuture$AsyncRun
Event: 8.124 Loading class java/util/concurrent/CompletableFuture$AsyncRun done
Event: 8.320 Loading class jdk/internal/math/FormattedFPDecimal
Event: 8.322 Loading class jdk/internal/math/FormattedFPDecimal done

Classes unloaded (0 events):
No events

Classes redefined (0 events):
No events

Internal exceptions (20 events):
Event: 8.538 Thread 0x0000019e2f8775f0 Exception <a 'java/lang/NoClassDefFoundError'{0x00000000fff021d0}: org/jetbrains/kotlin/gradle/plugin/KotlinBasePluginWrapper> (0x00000000fff021d0) 
thrown [s\open\src\hotspot\share\oops\constantPool.cpp, line 1006]
Event: 8.540 Thread 0x0000019e2f8775f0 Exception <a 'java/lang/NoClassDefFoundError'{0x00000000fff1d498}: org/jetbrains/kotlin/gradle/plugin/KotlinBasePluginWrapper> (0x00000000fff1d498) 
thrown [s\open\src\hotspot\share\oops\constantPool.cpp, line 1006]
Event: 8.541 Thread 0x0000019e2f8775f0 Exception <a 'java/lang/NoClassDefFoundError'{0x00000000fff51b10}: org/jetbrains/kotlin/gradle/plugin/KotlinBasePluginWrapper> (0x00000000fff51b10) 
thrown [s\open\src\hotspot\share\oops\constantPool.cpp, line 1006]
Event: 8.542 Thread 0x0000019e2f8775f0 Exception <a 'java/lang/NoClassDefFoundError'{0x00000000fff6a408}: org/jetbrains/kotlin/gradle/plugin/KotlinBasePluginWrapper> (0x00000000fff6a408) 
thrown [s\open\src\hotspot\share\oops\constantPool.cpp, line 1006]
Event: 8.542 Thread 0x0000019e2f8775f0 Exception <a 'java/lang/NoClassDefFoundError'{0x00000000ffd99490}: org/jetbrains/kotlin/gradle/plugin/KotlinBasePluginWrapper> (0x00000000ffd99490) 
thrown [s\open\src\hotspot\share\oops\constantPool.cpp, line 1006]
Event: 8.551 Thread 0x0000019e2f8775f0 Exception <a 'java/lang/NoClassDefFoundError'{0x00000000ff3e0d98}: org/jetbrains/kotlin/gradle/plugin/KotlinBasePluginWrapper> (0x00000000ff3e0d98) 
thrown [s\open\src\hotspot\share\oops\constantPool.cpp, line 1006]
Event: 8.582 Thread 0x0000019e2f8775f0 Exception <a 'java/lang/NoClassDefFoundError'{0x00000000ada0ec30}: org/jetbrains/kotlin/gradle/plugin/KotlinBaseApiPlugin> (0x00000000ada0ec30) 
thrown [s\open\src\hotspot\share\oops\constantPool.cpp, line 1006]
Event: 8.583 Thread 0x0000019e2f8775f0 Exception <a 'java/lang/NoClassDefFoundError'{0x00000000ada26f10}: org/jetbrains/kotlin/gradle/plugin/KotlinBasePluginWrapper> (0x00000000ada26f10) 
thrown [s\open\src\hotspot\share\oops\constantPool.cpp, line 1006]
Event: 8.585 Thread 0x0000019e2f8775f0 Exception <a 'java/lang/NoClassDefFoundError'{0x00000000ada42088}: org/jetbrains/kotlin/gradle/plugin/KotlinBasePluginWrapper> (0x00000000ada42088) 
thrown [s\open\src\hotspot\share\oops\constantPool.cpp, line 1006]
Event: 8.586 Thread 0x0000019e2f8775f0 Exception <a 'java/lang/NoClassDefFoundError'{0x00000000ada58d90}: org/jetbrains/kotlin/gradle/plugin/KotlinBasePluginWrapper> (0x00000000ada58d90) 
thrown [s\open\src\hotspot\share\oops\constantPool.cpp, line 1006]
Event: 8.587 Thread 0x0000019e2f8775f0 Exception <a 'java/lang/NoClassDefFoundError'{0x00000000ada715b8}: org/jetbrains/kotlin/gradle/plugin/KotlinBasePluginWrapper> (0x00000000ada715b8) 
thrown [s\open\src\hotspot\share\oops\constantPool.cpp, line 1006]
Event: 8.588 Thread 0x0000019e2f8775f0 Exception <a 'java/lang/NoClassDefFoundError'{0x00000000ad96c250}: org/jetbrains/kotlin/gradle/plugin/KotlinBasePluginWrapper> (0x00000000ad96c250) 
thrown [s\open\src\hotspot\share\oops\constantPool.cpp, line 1006]
Event: 8.598 Thread 0x0000019e2f8775f0 Exception <a 'java/lang/NoClassDefFoundError'{0x00000000ad5ac568}: org/jetbrains/kotlin/gradle/plugin/KotlinBasePluginWrapper> (0x00000000ad5ac568) 
thrown [s\open\src\hotspot\share\oops\constantPool.cpp, line 1006]
Event: 8.635 Thread 0x0000019e2f8775f0 Exception <a 'java/lang/NoClassDefFoundError'{0x00000000ac5ed3b0}: org/jetbrains/kotlin/gradle/plugin/KotlinBaseApiPlugin> (0x00000000ac5ed3b0) 
thrown [s\open\src\hotspot\share\oops\constantPool.cpp, line 1006]
Event: 8.636 Thread 0x0000019e2f8775f0 Exception <a 'java/lang/NoClassDefFoundError'{0x00000000ac4edfe0}: org/jetbrains/kotlin/gradle/plugin/KotlinBasePluginWrapper> (0x00000000ac4edfe0) 
thrown [s\open\src\hotspot\share\oops\constantPool.cpp, line 1006]
Event: 8.638 Thread 0x0000019e2f8775f0 Exception <a 'java/lang/NoClassDefFoundError'{0x00000000ac336a60}: org/jetbrains/kotlin/gradle/plugin/KotlinBasePluginWrapper> (0x00000000ac336a60) 
thrown [s\open\src\hotspot\share\oops\constantPool.cpp, line 1006]
Event: 8.638 Thread 0x0000019e2f8775f0 Exception <a 'java/lang/NoClassDefFoundError'{0x00000000ac34d820}: org/jetbrains/kotlin/gradle/plugin/KotlinBasePluginWrapper> (0x00000000ac34d820) 
thrown [s\open\src\hotspot\share\oops\constantPool.cpp, line 1006]
Event: 8.639 Thread 0x0000019e2f8775f0 Exception <a 'java/lang/NoClassDefFoundError'{0x00000000ac366050}: org/jetbrains/kotlin/gradle/plugin/KotlinBasePluginWrapper> (0x00000000ac366050) 
thrown [s\open\src\hotspot\share\oops\constantPool.cpp, line 1006]
Event: 8.640 Thread 0x0000019e2f8775f0 Exception <a 'java/lang/NoClassDefFoundError'{0x00000000ac3808e0}: org/jetbrains/kotlin/gradle/plugin/KotlinBasePluginWrapper> (0x00000000ac3808e0) 
thrown [s\open\src\hotspot\share\oops\constantPool.cpp, line 1006]
Event: 8.651 Thread 0x0000019e2f8775f0 Exception <a 'java/lang/NoClassDefFoundError'{0x00000000abf92048}: org/jetbrains/kotlin/gradle/plugin/KotlinBasePluginWrapper> (0x00000000abf92048) 
thrown [s\open\src\hotspot\share\oops\constantPool.cpp, line 1006]

VM Operations (20 events):
Event: 7.712 Executing non-safepoint VM operation: HandshakeAllThreads (Deoptimize) done
Event: 7.863 Executing safepoint VM operation: G1CollectForAllocation (G1 Evacuation Pause)
Event: 7.868 Executing safepoint VM operation: G1CollectForAllocation (G1 Evacuation Pause) done
Event: 7.895 Executing safepoint VM operation: G1PauseRemark
Event: 7.898 Executing safepoint VM operation: G1PauseRemark done
Event: 7.910 Executing safepoint VM operation: G1PauseCleanup
Event: 7.910 Executing safepoint VM operation: G1PauseCleanup done
Event: 7.992 Executing non-safepoint VM operation: HandshakeAllThreads (Deoptimize)
Event: 7.992 Executing non-safepoint VM operation: HandshakeAllThreads (Deoptimize) done
Event: 8.045 Executing non-safepoint VM operation: HandshakeAllThreads (Deoptimize)
Event: 8.046 Executing non-safepoint VM operation: HandshakeAllThreads (Deoptimize) done
Event: 8.075 Executing non-safepoint VM operation: HandshakeAllThreads (Deoptimize)
Event: 8.076 Executing non-safepoint VM operation: HandshakeAllThreads (Deoptimize) done
Event: 8.126 Executing safepoint VM operation: G1CollectForAllocation (G1 Evacuation Pause)
Event: 8.129 Executing safepoint VM operation: G1CollectForAllocation (G1 Evacuation Pause) done
Event: 8.180 Executing non-safepoint VM operation: HandshakeAllThreads (Deoptimize)
Event: 8.180 Executing non-safepoint VM operation: HandshakeAllThreads (Deoptimize) done
Event: 8.533 Executing safepoint VM operation: G1CollectForAllocation (G1 Evacuation Pause)
Event: 8.538 Executing safepoint VM operation: G1CollectForAllocation (G1 Evacuation Pause) done
Event: 8.696 Executing safepoint VM operation: G1CollectForAllocation (G1 Evacuation Pause)

Memory protections (0 events):
No events

Nmethod flushes (20 events):
Event: 7.897 Thread 0x0000019e28ae6c50 flushing  nmethod 0x0000019e141de608
Event: 7.897 Thread 0x0000019e28ae6c50 flushing  nmethod 0x0000019e141e1b88
Event: 7.897 Thread 0x0000019e28ae6c50 flushing  nmethod 0x0000019e14232b08
Event: 7.897 Thread 0x0000019e28ae6c50 flushing  nmethod 0x0000019e14233008
Event: 7.897 Thread 0x0000019e28ae6c50 flushing  nmethod 0x0000019e142af088
Event: 7.897 Thread 0x0000019e28ae6c50 flushing  nmethod 0x0000019e1436f888
Event: 7.897 Thread 0x0000019e28ae6c50 flushing  nmethod 0x0000019e143ce088
Event: 7.897 Thread 0x0000019e28ae6c50 flushing  nmethod 0x0000019e14451708
Event: 7.897 Thread 0x0000019e28ae6c50 flushing  nmethod 0x0000019e14453e08
Event: 7.897 Thread 0x0000019e28ae6c50 flushing  nmethod 0x0000019e14454208
Event: 7.897 Thread 0x0000019e28ae6c50 flushing  nmethod 0x0000019e14454808
Event: 7.897 Thread 0x0000019e28ae6c50 flushing  nmethod 0x0000019e144ab608
Event: 7.897 Thread 0x0000019e28ae6c50 flushing  nmethod 0x0000019e144ab908
Event: 7.897 Thread 0x0000019e28ae6c50 flushing  nmethod 0x0000019e145d5f08
Event: 7.897 Thread 0x0000019e28ae6c50 flushing  nmethod 0x0000019e1466be08
Event: 7.897 Thread 0x0000019e28ae6c50 flushing  nmethod 0x0000019e1466cf08
Event: 7.897 Thread 0x0000019e28ae6c50 flushing  nmethod 0x0000019e1466e408
Event: 7.897 Thread 0x0000019e28ae6c50 flushing  nmethod 0x0000019e1466e708
Event: 7.897 Thread 0x0000019e28ae6c50 flushing  nmethod 0x0000019e148d4408
Event: 7.897 Thread 0x0000019e28ae6c50 flushing  nmethod 0x0000019e14919388

Events (20 events):
Event: 8.684 Thread 0x0000019e2f8775f0 Thread added: 0x0000019e35b8f4f0
Event: 8.684 Thread 0x0000019e2f8775f0 Thread added: 0x0000019e352fb780
Event: 8.684 Thread 0x0000019e2f8775f0 Thread added: 0x0000019e352fe660
Event: 8.684 Thread 0x0000019e2f8775f0 Thread added: 0x0000019e352fc720
Event: 8.684 Thread 0x0000019e2f8775f0 Thread added: 0x0000019e352fde90
Event: 8.684 Thread 0x0000019e2f8775f0 Thread added: 0x0000019e352fcef0
Event: 8.684 Thread 0x0000019e2f8775f0 Thread added: 0x0000019e35301d10
Event: 8.684 Thread 0x0000019e2f8775f0 Thread added: 0x0000019e35301540
Event: 8.685 Thread 0x0000019e2f8775f0 Thread added: 0x0000019e35302cb0
Event: 8.685 Thread 0x0000019e2f8775f0 Thread added: 0x0000019e35300d70
Event: 8.685 Thread 0x0000019e2f8775f0 Thread added: 0x0000019e35306b30
Event: 8.685 Thread 0x0000019e2f8775f0 Thread added: 0x0000019e353053c0
Event: 8.685 Thread 0x0000019e2f8775f0 Thread added: 0x0000019e35303480
Event: 8.685 Thread 0x0000019e2f8775f0 Thread added: 0x0000019e3530a1e0
Event: 8.685 Thread 0x0000019e2f8775f0 Thread added: 0x0000019e35308a70
Event: 8.685 Thread 0x0000019e2f8775f0 Thread added: 0x0000019e3530a9b0
Event: 8.685 Thread 0x0000019e2f8775f0 Thread added: 0x0000019e3530b180
Event: 8.685 Thread 0x0000019e2f8775f0 Thread added: 0x0000019e3530d0c0
Event: 8.685 Thread 0x0000019e2f8775f0 Thread added: 0x0000019e3530f000
Event: 8.685 Thread 0x0000019e2f8775f0 Thread added: 0x0000019e3530b950


Dynamic libraries:
0x00007ff6a6110000 - 0x00007ff6a6120000 	C:\Program Files\Java\jdk-26.0.1\bin\java.exe
0x00007ffef5d60000 - 0x00007ffef5fc7000 	C:\Windows\SYSTEM32\ntdll.dll
0x00007ffef4f20000 - 0x00007ffef4fe9000 	C:\Windows\System32\KERNEL32.DLL
0x00007ffef2950000 - 0x00007ffef2d47000 	C:\Windows\System32\KERNELBASE.dll
0x00007ffef2e30000 - 0x00007ffef2f7b000 	C:\Windows\System32\ucrtbase.dll
0x00007ffedf390000 - 0x00007ffedf3a7000 	C:\Program Files\Java\jdk-26.0.1\bin\jli.dll
0x00007ffe89e60000 - 0x00007ffe89e7e000 	C:\Program Files\Java\jdk-26.0.1\bin\VCRUNTIME140.dll
0x00007ffef5440000 - 0x00007ffef5606000 	C:\Windows\System32\USER32.dll
0x00007ffef2d50000 - 0x00007ffef2d77000 	C:\Windows\System32\win32u.dll
0x00007ffedad30000 - 0x00007ffedafc2000 	C:\Windows\WinSxS\amd64_microsoft.windows.common-controls_6595b64144ccf1df_6.0.26100.8457_none_3e0b2faee331e92d\COMCTL32.dll
0x00007ffef5410000 - 0x00007ffef543b000 	C:\Windows\System32\GDI32.dll
0x00007ffef4500000 - 0x00007ffef45a9000 	C:\Windows\System32\msvcrt.dll
0x00007ffef2790000 - 0x00007ffef28bc000 	C:\Windows\System32\gdi32full.dll
0x00007ffef3a30000 - 0x00007ffef3ad3000 	C:\Windows\System32\msvcp_win.dll
0x00007ffef4af0000 - 0x00007ffef4b22000 	C:\Windows\System32\IMM32.DLL
0x00007ffee9df0000 - 0x00007ffee9dfc000 	C:\Program Files\Java\jdk-26.0.1\bin\vcruntime140_1.dll
0x00007ffe0a9d0000 - 0x00007ffe0aa5d000 	C:\Program Files\Java\jdk-26.0.1\bin\msvcp140.dll
0x00007ffd62410000 - 0x00007ffd632de000 	C:\Program Files\Java\jdk-26.0.1\bin\server\jvm.dll
0x00007ffef5690000 - 0x00007ffef5746000 	C:\Windows\System32\ADVAPI32.dll
0x00007ffef45b0000 - 0x00007ffef4657000 	C:\Windows\System32\sechost.dll
0x00007ffef4ff0000 - 0x00007ffef5108000 	C:\Windows\System32\RPCRT4.dll
0x00007ffef5bc0000 - 0x00007ffef5c40000 	C:\Windows\System32\WS2_32.dll
0x00007ffef1360000 - 0x00007ffef13be000 	C:\Windows\SYSTEM32\POWRPROF.dll
0x00007ffee9ae0000 - 0x00007ffee9aeb000 	C:\Windows\SYSTEM32\VERSION.dll
0x00007ffeefbd0000 - 0x00007ffeefc06000 	C:\Windows\SYSTEM32\WINMM.dll
0x00007ffef1340000 - 0x00007ffef1354000 	C:\Windows\SYSTEM32\UMPDC.dll
0x00007ffef1620000 - 0x00007ffef163b000 	C:\Windows\SYSTEM32\kernel.appcore.dll
0x00007ffee5890000 - 0x00007ffee589a000 	C:\Program Files\Java\jdk-26.0.1\bin\jimage.dll
0x00007ffef0080000 - 0x00007ffef02c2000 	C:\Windows\SYSTEM32\DBGHELP.DLL
0x00007ffef5750000 - 0x00007ffef5ad3000 	C:\Windows\System32\combase.dll
0x00007ffef5ae0000 - 0x00007ffef5bb9000 	C:\Windows\System32\OLEAUT32.dll
0x00007ffec5250000 - 0x00007ffec528b000 	C:\Windows\SYSTEM32\dbgcore.DLL
0x00007ffef2d80000 - 0x00007ffef2e28000 	C:\Windows\System32\bcryptPrimitives.dll
0x00007ffedf380000 - 0x00007ffedf390000 	C:\Program Files\Java\jdk-26.0.1\bin\instrument.dll
0x00007ffe88100000 - 0x00007ffe8811f000 	C:\Program Files\Java\jdk-26.0.1\bin\java.dll
0x00007ffef4bf0000 - 0x00007ffef4d87000 	C:\Windows\System32\ole32.dll
0x00007ffef3b70000 - 0x00007ffef42de000 	C:\Windows\System32\SHELL32.dll
0x00007ffef31c0000 - 0x00007ffef3a2c000 	C:\Windows\System32\windows.storage.dll
0x00007ffef5310000 - 0x00007ffef5406000 	C:\Windows\System32\SHCORE.dll
0x00007ffef5c50000 - 0x00007ffef5cb6000 	C:\Windows\System32\shlwapi.dll
0x00007ffef26b0000 - 0x00007ffef26d9000 	C:\Windows\SYSTEM32\profapi.dll
0x00007ffe84bb0000 - 0x00007ffe84bc7000 	C:\Program Files\Java\jdk-26.0.1\bin\zip.dll
0x00007ffe84b20000 - 0x00007ffe84b32000 	C:\Program Files\Java\jdk-26.0.1\bin\net.dll
0x00007ffef1bb0000 - 0x00007ffef1c1c000 	C:\Windows\system32\mswsock.dll
0x00007ffe84530000 - 0x00007ffe84546000 	C:\Program Files\Java\jdk-26.0.1\bin\nio.dll
0x00007ffedf360000 - 0x00007ffedf370000 	C:\Program Files\Java\jdk-26.0.1\bin\verify.dll
0x00007ffeca0f0000 - 0x00007ffeca117000 	C:\Users\LEGION\.gradle\native\1def1411415f61bf3af743bc5b6707747c0891f09f0c88961ee8f79bc544acac\windows-amd64\native-platform.dll
0x00007ffe0a850000 - 0x00007ffe0a8c8000 	C:\Users\LEGION\.gradle\native\0.2.7\x86_64-windows-gnu\gradle-fileevents.dll
0x00007ffedf0c0000 - 0x00007ffedf0ca000 	C:\Program Files\Java\jdk-26.0.1\bin\management.dll
0x00007ffe89a00000 - 0x00007ffe89a0c000 	C:\Program Files\Java\jdk-26.0.1\bin\management_ext.dll
0x00007ffef3ae0000 - 0x00007ffef3ae8000 	C:\Windows\System32\PSAPI.DLL
0x00007ffef0f70000 - 0x00007ffef0fa2000 	C:\Windows\SYSTEM32\IPHLPAPI.DLL
0x00007ffef5180000 - 0x00007ffef518a000 	C:\Windows\System32\NSI.dll
0x00007ffe88b00000 - 0x00007ffe88b09000 	C:\Program Files\Java\jdk-26.0.1\bin\extnet.dll
0x00007ffef1ea0000 - 0x00007ffef1ebb000 	C:\Windows\SYSTEM32\CRYPTSP.dll
0x00007ffef1580000 - 0x00007ffef15b9000 	C:\Windows\system32\rsaenh.dll
0x00007ffef1c60000 - 0x00007ffef1c93000 	C:\Windows\SYSTEM32\USERENV.dll
0x00007ffef2680000 - 0x00007ffef26aa000 	C:\Windows\SYSTEM32\bcrypt.dll
0x00007ffef1e90000 - 0x00007ffef1e9c000 	C:\Windows\SYSTEM32\CRYPTBASE.dll
0x00007ffe84b10000 - 0x00007ffe84b1e000 	C:\Program Files\Java\jdk-26.0.1\bin\sunmscapi.dll
0x00007ffef3040000 - 0x00007ffef31b8000 	C:\Windows\System32\CRYPT32.dll
0x00007ffef20b0000 - 0x00007ffef20e0000 	C:\Windows\SYSTEM32\ncrypt.dll
0x00007ffef2060000 - 0x00007ffef209f000 	C:\Windows\SYSTEM32\NTASN1.dll
0x00007ffea32c0000 - 0x00007ffea32c8000 	C:\Windows\system32\wshunix.dll

JVMTI agents:
C:\Users\LEGION\.gradle\wrapper\dists\gradle-8.14.3-all\10utluxaxniiv4wxiphsi49nj\gradle-8.14.3\lib\agents\gradle-instrumentation-agent-8.14.3.jar path:C:\Program Files\Java\jdk-26.0.1\bin\instrument.dll, loaded, initialized, instrumentlib options:none

dbghelp: loaded successfully - version: 4.0.5 - missing functions: none
symbol engine: initialized successfully - sym options: 0x614 - pdb path: .;C:\Program Files\Java\jdk-26.0.1\bin;C:\Windows\SYSTEM32;C:\Windows\WinSxS\amd64_microsoft.windows.common-controls_6595b64144ccf1df_6.0.26100.8457_none_3e0b2faee331e92d;C:\Program Files\Java\jdk-26.0.1\bin\server;C:\Users\LEGION\.gradle\native\1def1411415f61bf3af743bc5b6707747c0891f09f0c88961ee8f79bc544acac\windows-amd64;C:\Users\LEGION\.gradle\native\0.2.7\x86_64-windows-gnu

VM Arguments:
jvm_args: --add-opens=java.base/java.lang=ALL-UNNAMED --add-opens=java.base/java.lang.invoke=ALL-UNNAMED --add-opens=java.base/java.util=ALL-UNNAMED --add-opens=java.prefs/java.util.prefs=ALL-UNNAMED --add-exports=jdk.compiler/com.sun.tools.javac.api=ALL-UNNAMED --add-exports=jdk.compiler/com.sun.tools.javac.util=ALL-UNNAMED --add-opens=java.base/java.util=ALL-UNNAMED --add-opens=java.prefs/java.util.prefs=ALL-UNNAMED --add-opens=java.base/java.nio.charset=ALL-UNNAMED --add-opens=java.base/java.net=ALL-UNNAMED --add-opens=java.base/java.util.concurrent.atomic=ALL-UNNAMED --add-opens=java.xml/javax.xml.namespace=ALL-UNNAMED --enable-native-access=ALL-UNNAMED -Xmx1536m -Dfile.encoding=UTF-8 -Duser.country=US -Duser.language=en -Duser.variant -javaagent:C:\Users\LEGION\.gradle\wrapper\dists\gradle-8.14.3-all\10utluxaxniiv4wxiphsi49nj\gradle-8.14.3\lib\agents\gradle-instrumentation-agent-8.14.3.jar 
java_command: org.gradle.launcher.daemon.bootstrap.GradleDaemon 8.14.3
java_class_path (initial): C:\Users\LEGION\.gradle\wrapper\dists\gradle-8.14.3-all\10utluxaxniiv4wxiphsi49nj\gradle-8.14.3\lib\gradle-daemon-main-8.14.3.jar
Launcher Type: SUN_STANDARD

[Global flags]
     bool AOTAdapterCaching                        = false                                  {diagnostic} {ergonomic}
     bool AOTInvokeDynamicLinking                  = false                                  {diagnostic} {ergonomic}
     bool AOTRecordTraining                        = false                                  {diagnostic} {ergonomic}
     bool AOTReplayTraining                        = false                                  {diagnostic} {ergonomic}
     bool AOTStubCaching                           = false                                  {diagnostic} {ergonomic}
     intx CICompilerCount                          = 12                                        {product} {ergonomic}
     uint ConcGCThreads                            = 5                                         {product} {ergonomic}
     uint G1ConcRefinementThreads                  = 20                                        {product} {ergonomic}
     uint G1EagerReclaimRemSetThreshold            = 10                                   {experimental} {ergonomic}
   size_t G1HeapRegionSize                         = 1048576                                   {product} {ergonomic}
     uint G1RemSetArrayOfCardsEntries              = 10                                   {experimental} {ergonomic}
     uint G1RemSetHowlMaxNumBuckets                = 8                                    {experimental} {ergonomic}
     uint G1RemSetHowlNumBuckets                   = 4                                    {experimental} {ergonomic}
   size_t InitialHeapSize                          = 8388608                                   {product} {ergonomic}
     bool IntelJccErratumMitigation                = false                             {ARCH diagnostic} {ergonomic}
   size_t MarkStackSize                            = 4194304                                   {product} {ergonomic}
   size_t MarkStackSizeMax                         = 536870912                                 {product} {ergonomic}
   size_t MaxHeapSize                              = 1610612736                                {product} {command line}
   size_t MaxNewSize                               = 965738496                                 {product} {ergonomic}
 uint64_t MaxRAM                                   = 16890322944                               {product} {ergonomic}
   size_t MinHeapDeltaBytes                        = 1048576                                   {product} {ergonomic}
   size_t MinHeapSize                              = 8388608                                   {product} {ergonomic}
   size_t NonNMethodCodeHeapSize                   = 7667712                                {pd product} {ergonomic}
   size_t NonProfiledCodeHeapSize                  = 122028032                              {pd product} {ergonomic}
   size_t ProfiledCodeHeapSize                     = 122028032                              {pd product} {ergonomic}
   size_t ReservedCodeCacheSize                    = 251723776                              {pd product} {ergonomic}
     bool SegmentedCodeCache                       = true                                      {product} {ergonomic}
   size_t SoftMaxHeapSize                          = 1610612736                             {manageable} {ergonomic}
     bool UseCompressedOops                        = true                           {product lp64_product} {ergonomic}
     bool UseCondCardMark                          = true                                      {product} {ergonomic}
     bool UseFastUnorderedTimeStamps               = true                                 {experimental} {ergonomic}
     bool UseG1GC                                  = true                                      {product} {ergonomic}
     bool UseLargePagesIndividualAllocation        = false                                  {pd product} {ergonomic}
      int X86ICacheSync                            = 3                                 {ARCH diagnostic} {ergonomic}

Logging:
Log output configuration:
 #0: stdout all=warning uptime,level,tags foldmultilines=false
 #1: stderr all=off uptime,level,tags foldmultilines=false

Release file:
IMPLEMENTOR="Oracle Corporation" 
JAVA_RUNTIME_VERSION="26.0.1+8-34" 
JAVA_VERSION="26.0.1" 
JAVA_VERSION_DATE="2026-04-21" 
LIBC="default" 
MODULES="java.base java.compiler java.datatransfer java.xml java.prefs java.desktop java.instrument java.logging java.management java.security.sasl java.naming java.rmi java.management.rmi java.net.http java.scripting java.security.jgss java.transaction.xa java.sql java.sql.rowset java.xml.crypto java.se java.smartcardio jdk.accessibility jdk.internal.jvmstat jdk.attach jdk.charsets jdk.internal.opt jdk.zipfs jdk.compiler jdk.crypto.cryptoki jdk.crypto.ec jdk.crypto.mscapi jdk.dynalink jdk.internal.ed jdk.editpad jdk.internal.vm.ci jdk.graal.compiler jdk.graal.compiler.management jdk.hotspot.agent jdk.httpserver jdk.incubator.vector jdk.internal.le jdk.internal.md jdk.jartool jdk.javadoc jdk.jcmd jdk.management jdk.management.agent jdk.jconsole jdk.jdeps jdk.jdwp.agent jdk.jdi jdk.jfr jdk.jlink jdk.jpackage jdk.jshell jdk.jstatd jdk.localedata jdk.management.jfr jdk.naming.dns jdk.naming.rmi jdk.net jdk.nio.mapmode jdk.sctp jdk.security.auth jdk.security.jgss jdk.unsupported jdk.unsupported.desktop jdk.xml.dom" 
OS_ARCH="x86_64" 
OS_NAME="Windows" 
SOURCE=".:git:8fcde8268d22 open:git:fcc00fc4aee7" 

Environment Variables:
PATH=C:\Program Files\Common Files\Oracle\Java\javapath;C:\Windows\system32;C:\Windows;C:\Windows\System32\Wbem;C:\Windows\System32\WindowsPowerShell\v1.0\;C:\Windows\System32\OpenSSH\;C:\Program Files\NVIDIA Corporation\NVIDIA app\NvDLISR;C:\Program Files (x86)\NVIDIA Corporation\PhysX\Common;C:\laragon\bin\php\php-8.3.30-nts-Win32-vs16-x64;C:\ProgramData\ComposerSetup\bin;C:\Program Files\dotnet\;C:\Program Files\nodejs\;C:\Program Files\Cloudflare\Cloudflare WARP\;C:\Program Files\Git\cmd;C:\Users\LEGION\.local\bin;C:\Users\LEGION\AppData\Local\Microsoft\WindowsApps;C:\Users\LEGION\AppData\Roaming\Composer\vendor\bin;C:\Users\LEGION\AppData\Local\Programs\Microsoft VS Code\bin;C:\Users\LEGION\AppData\Local\Programs\Antigravity\bin;C:\Users\LEGION\AppData\Roaming\npm;C:\Users\LEGION\AppData\Local\Microsoft\WinGet\Packages\GitHub.cli_Microsoft.Winget.Source_8wekyb3d8bbwe\bin;C:\Users\LEGION\AppData\Local\Programs\Antigravity IDE\bin
USERNAME=LEGION
OS=Windows_NT
PROCESSOR_IDENTIFIER=Intel64 Family 6 Model 183 Stepping 1, GenuineIntel
TMP=C:\Users\LEGION\AppData\Local\Temp
TEMP=C:\Users\LEGION\AppData\Local\Temp




Compilation memory statistics disabled.

Periodic native trim disabled

---------------  S Y S T E M  ---------------

OS:
 Windows 11 , 64 bit Build 26100 (10.0.26100.8328)
OS uptime: 2 days 10:22 hours
Hyper-V role detected

CPU: total 28 (initial active 28) (hybrid) family 6 model 183 stepping 1 microcode 0x123, cx8, cmov, fxsr, ht, mmx, 3dnowpref, sse, sse2, sse3, ssse3, sse4.1, sse4.2, popcnt, lzcnt, tsc, tscinvbit, avx, avx2, aes, erms, clmul, bmi1, bmi2, adx, sha, fma, vzeroupper, clflush, clflushopt, clwb, hv, serialize, rdtscp, rdpid, fsrm, gfni, f16c, cet_ibt, cet_ss, hybrid
Processor Information for the first 28 processors :
  Max Mhz: 2100, Current Mhz: 2100, Mhz Limit: 2100

Memory: 4k page, system-wide physical 16107M (956M free)
TotalPageFile size 38483M (AvailPageFile size 283M)
current process WorkingSet (physical memory assigned to process): 589M, peak: 590M
current process commit charge ("private bytes"): 658M, peak: 1154M

vm_info: Java HotSpot(TM) 64-Bit Server VM (26.0.1+8-34) for windows-amd64 JRE (26.0.1+8-34), built on 2026-03-10T17:24:10Z with MS VC++ 17.13 (VS2022)

END.
