#
# There is insufficient memory for the Java Runtime Environment to continue.
# Native memory allocation (mmap) failed to map 65536 bytes. Error detail: Failed to commit metaspace.
# Possible reasons:
#   The system is out of physical RAM or swap space
#   This process is running with CompressedOops enabled, and the Java Heap may be blocking the growth of the native heap
# Possible solutions:
#   Reduce memory load on the system
#   Increase physical memory or swap space
#   Check if swap backing store is full
#   Decrease Java heap size (-Xmx/-Xms)
#   Decrease number of Java threads
#   Decrease Java thread stack sizes (-Xss)
#   Set larger code cache with -XX:ReservedCodeCacheSize=
#   JVM is running with Unscaled Compressed Oops mode in which the Java heap is
#     placed in the first 4GB address space. The Java Heap base address is the
#     maximum limit for the native heap growth. Please use -XX:HeapBaseMinAddress
#     to set the Java Heap base and to place the Java Heap above 4GB virtual address.
# This output file may be truncated or incomplete.
#
#  Out of Memory Error (virtualSpaceNode.cpp:113), pid=26120, tid=40068
#
# JRE version: OpenJDK Runtime Environment Temurin-21.0.10+7 (21.0.10+7) (build 21.0.10+7-LTS)
# Java VM: OpenJDK 64-Bit Server VM Temurin-21.0.10+7 (21.0.10+7-LTS, mixed mode, sharing, tiered, compressed oops, compressed class ptrs, g1 gc, windows-amd64)
# No core dump will be written. Minidumps are not enabled by default on client versions of Windows
#

---------------  S U M M A R Y ------------

Command Line: --add-opens=java.base/java.util=ALL-UNNAMED --add-opens=java.base/java.lang=ALL-UNNAMED --add-opens=java.base/java.lang.invoke=ALL-UNNAMED --add-opens=java.prefs/java.util.prefs=ALL-UNNAMED --add-exports=jdk.compiler/com.sun.tools.javac.api=ALL-UNNAMED --add-exports=jdk.compiler/com.sun.tools.javac.util=ALL-UNNAMED --add-opens=java.base/java.nio.charset=ALL-UNNAMED --add-opens=java.base/java.net=ALL-UNNAMED --add-opens=java.base/java.util.concurrent.atomic=ALL-UNNAMED -XX:MaxMetaspaceSize=384m -XX:+HeapDumpOnOutOfMemoryError -Xms256m -Xmx512m -Dfile.encoding=utf8 -Duser.country=US -Duser.language=en -Duser.variant -javaagent:C:\Users\LEGION\.gradle\wrapper\dists\gradle-8.9-bin\90cnw93cvbtalezasaz0blq0a\gradle-8.9\lib\agents\gradle-instrumentation-agent-8.9.jar org.gradle.launcher.daemon.bootstrap.GradleDaemon 8.9

Host: Intel(R) Core(TM) i7-14700HX, 28 cores, 15G,  Windows 11 , 64 bit Build 26100 (10.0.26100.8328)
Time: Tue Jun  9 01:35:01 2026 SE Asia Standard Time elapsed time: 3.225092 seconds (0d 0h 0m 3s)

---------------  T H R E A D  ---------------

Current thread (0x000001f06a38d900):  JavaThread "Daemon worker"        [_thread_in_vm, id=40068, stack(0x0000002086800000,0x0000002086900000) (1024K)]

Stack: [0x0000002086800000,0x0000002086900000]
Native frames: (J=compiled Java code, j=interpreted, Vv=VM code, C=native code)
V  [jvm.dll+0x6d7a39]
V  [jvm.dll+0x8b4b26]
V  [jvm.dll+0x8b70de]
V  [jvm.dll+0x8b77c3]
V  [jvm.dll+0x284346]
V  [jvm.dll+0x8b086e]
V  [jvm.dll+0x679444]
V  [jvm.dll+0x1e82bb]
V  [jvm.dll+0x1e807e]
V  [jvm.dll+0x67bd42]
V  [jvm.dll+0x67bb72]
V  [jvm.dll+0x679e1e]
V  [jvm.dll+0x3c74d3]
V  [jvm.dll+0x2116fb]
V  [jvm.dll+0x5b6479]
V  [jvm.dll+0x82ec4d]
V  [jvm.dll+0x47952e]
V  [jvm.dll+0x48c8a6]
C  [java.dll+0x1657]

Java frames: (J=compiled Java code, j=interpreted, Vv=VM code)
J 2017  java.lang.ClassLoader.defineClass0(Ljava/lang/ClassLoader;Ljava/lang/Class;Ljava/lang/String;[BIILjava/security/ProtectionDomain;ZILjava/lang/Object;)Ljava/lang/Class; java.base@21.0.10 (0 bytes) @ 0x000001f042e9f03c [0x000001f042e9ef40+0x00000000000000fc]
J 2563 c1 java.lang.System$2.defineClass(Ljava/lang/ClassLoader;Ljava/lang/Class;Ljava/lang/String;[BLjava/security/ProtectionDomain;ZILjava/lang/Object;)Ljava/lang/Class; java.base@21.0.10 (21 bytes) @ 0x000001f03b72f7f4 [0x000001f03b72f740+0x00000000000000b4]
J 2562 c1 java.lang.invoke.MethodHandles$Lookup$ClassDefiner.defineClass(ZLjava/lang/Object;)Ljava/lang/Class; java.base@21.0.10 (213 bytes) @ 0x000001f03b73017c [0x000001f03b72fc20+0x000000000000055c]
J 2867 c1 java.lang.invoke.InvokerBytecodeGenerator.loadMethod([B)Ljava/lang/invoke/MemberName; java.base@21.0.10 (39 bytes) @ 0x000001f03b7e050c [0x000001f03b7e0380+0x000000000000018c]
J 2536 c1 java.lang.invoke.InvokerBytecodeGenerator.generateCustomizedCode(Ljava/lang/invoke/LambdaForm;Ljava/lang/invoke/MethodType;)Ljava/lang/invoke/MemberName; java.base@21.0.10 (34 bytes) @ 0x000001f03b722cb4 [0x000001f03b722b00+0x00000000000001b4]
J 2681 c1 java.lang.invoke.LambdaForm.compileToBytecode()V java.base@21.0.10 (164 bytes) @ 0x000001f03b76bcf4 [0x000001f03b76bb00+0x00000000000001f4]
J 3713 c2 java.lang.invoke.BoundMethodHandle.<init>(Ljava/lang/invoke/MethodType;Ljava/lang/invoke/LambdaForm;)V java.base@21.0.10 (32 bytes) @ 0x000001f042fd2e88 [0x000001f042fd2d40+0x0000000000000148]
J 2521 c1 java.lang.invoke.BoundMethodHandle$Species_LL.make(Ljava/lang/invoke/MethodType;Ljava/lang/invoke/LambdaForm;Ljava/lang/Object;Ljava/lang/Object;)Ljava/lang/invoke/BoundMethodHandle; java.base@21.0.10 (12 bytes) @ 0x000001f03b714bd4 [0x000001f03b714ac0+0x0000000000000114]
J 2520 c1 java.lang.invoke.DirectMethodHandle$Holder.invokeStatic(Ljava/lang/Object;Ljava/lang/Object;Ljava/lang/Object;Ljava/lang/Object;Ljava/lang/Object;)Ljava/lang/Object; java.base@21.0.10 (20 bytes) @ 0x000001f03b7159bc [0x000001f03b7155e0+0x00000000000003dc]
j  java.lang.invoke.BoundMethodHandle$Species_LL.copyWith(Ljava/lang/invoke/MethodType;Ljava/lang/invoke/LambdaForm;)Ljava/lang/invoke/BoundMethodHandle;+17 java.base@21.0.10
J 2403 c1 java.lang.invoke.MethodHandleImpl.makePairwiseConvertByEditor(Ljava/lang/invoke/MethodHandle;Ljava/lang/invoke/MethodType;ZZ)Ljava/lang/invoke/MethodHandle; java.base@21.0.10 (617 bytes) @ 0x000001f03b6db52c [0x000001f03b6d75a0+0x0000000000003f8c]
J 2402 c1 java.lang.invoke.MethodHandleImpl.makePairwiseConvert(Ljava/lang/invoke/MethodHandle;Ljava/lang/invoke/MethodType;ZZ)Ljava/lang/invoke/MethodHandle; java.base@21.0.10 (22 bytes) @ 0x000001f03b6cf67c [0x000001f03b6cf540+0x000000000000013c]
J 2399 c1 java.lang.invoke.MethodHandle.asTypeUncached(Ljava/lang/invoke/MethodType;)Ljava/lang/invoke/MethodHandle; java.base@21.0.10 (54 bytes) @ 0x000001f03b6d008c [0x000001f03b6cfae0+0x00000000000005ac]
J 3345 c1 jdk.internal.reflect.MethodHandleAccessorFactory.makeSpecializedTarget(Ljava/lang/invoke/MethodHandle;ZZ)Ljava/lang/invoke/MethodHandle; java.base@21.0.10 (97 bytes) @ 0x000001f03b8e350c [0x000001f03b8e2b20+0x00000000000009ec]
J 3344 c1 jdk.internal.reflect.MethodHandleAccessorFactory.getDirectMethod(Ljava/lang/reflect/Method;Z)Ljava/lang/invoke/MethodHandle; java.base@21.0.10 (83 bytes) @ 0x000001f03b8ded9c [0x000001f03b8de860+0x000000000000053c]
J 3343 c1 jdk.internal.reflect.MethodHandleAccessorFactory.newMethodAccessor(Ljava/lang/reflect/Method;Z)Ljdk/internal/reflect/MethodAccessorImpl; java.base@21.0.10 (61 bytes) @ 0x000001f03b8ddca4 [0x000001f03b8dd800+0x00000000000004a4]
J 3342 c1 jdk.internal.reflect.ReflectionFactory.newMethodAccessor(Ljava/lang/reflect/Method;Z)Ljdk/internal/reflect/MethodAccessor; java.base@21.0.10 (69 bytes) @ 0x000001f03b8dd1c4 [0x000001f03b8dcf80+0x0000000000000244]
J 3445 c1 java.lang.reflect.Method.acquireMethodAccessor()Ljdk/internal/reflect/MethodAccessor; java.base@21.0.10 (55 bytes) @ 0x000001f03b911b7c [0x000001f03b911a20+0x000000000000015c]
J 2337 c1 java.lang.reflect.Method.invoke(Ljava/lang/Object;[Ljava/lang/Object;)Ljava/lang/Object; java.base@21.0.10 (108 bytes) @ 0x000001f03b6a9bf4 [0x000001f03b6a98c0+0x0000000000000334]
j  org.codehaus.groovy.reflection.CachedMethod.invoke(Ljava/lang/Object;[Ljava/lang/Object;)Ljava/lang/Object;+30
j  groovy.lang.MetaMethod.doMethodInvoke(Ljava/lang/Object;[Ljava/lang/Object;)Ljava/lang/Object;+9
j  org.gradle.internal.metaobject.BeanDynamicObject$MetaClassAdapter.invokeMethod(Ljava/lang/String;[Ljava/lang/Object;)Lorg/gradle/internal/metaobject/DynamicInvokeResult;+41
j  org.gradle.internal.metaobject.BeanDynamicObject$MetaClassAdapter.setProperty(Ljava/lang/String;Ljava/lang/Object;)Lorg/gradle/internal/metaobject/DynamicInvokeResult;+69
j  org.gradle.internal.metaobject.BeanDynamicObject.trySetProperty(Ljava/lang/String;Ljava/lang/Object;)Lorg/gradle/internal/metaobject/DynamicInvokeResult;+6
j  org.gradle.internal.metaobject.CompositeDynamicObject.trySetProperty(Ljava/lang/String;Ljava/lang/Object;)Lorg/gradle/internal/metaobject/DynamicInvokeResult;+29
j  org.gradle.internal.metaobject.ConfigureDelegate.setProperty(Ljava/lang/String;Ljava/lang/Object;)V+6
j  org.codehaus.groovy.runtime.InvokerHelper.setProperty(Ljava/lang/Object;Ljava/lang/String;Ljava/lang/Object;)V+23
j  groovy.lang.Closure.setProperty(Ljava/lang/String;Ljava/lang/Object;)V+143
j  org.codehaus.groovy.runtime.ScriptBytecodeAdapter.setGroovyObjectProperty(Ljava/lang/Object;Ljava/lang/Class;Lgroovy/lang/GroovyObject;Ljava/lang/String;)V+3
j  org.gradle.internal.classpath.declarations.GroovyDynamicDispatchInterceptors.intercept_setGroovyObjectProperty(Ljava/lang/Object;Ljava/lang/Class;Lgroovy/lang/GroovyObject;Ljava/lang/String;Ljava/lang/String;Lorg/gradle/internal/instrumentation/api/types/BytecodeInterceptorFilter;)V+18
j  build_3cc1li1o13buxhfx1xlm0zzp3$_run_closure1$_closure2$_closure4.doCall$original(Ljava/lang/Object;)Ljava/lang/Object;+22
j  build_3cc1li1o13buxhfx1xlm0zzp3$_run_closure1$_closure2$_closure4.doCall(Ljava/lang/Object;)Ljava/lang/Object;+6
J 1700 c1 java.lang.invoke.DirectMethodHandle$Holder.invokeSpecial(Ljava/lang/Object;Ljava/lang/Object;Ljava/lang/Object;)Ljava/lang/Object; java.base@21.0.10 (15 bytes) @ 0x000001f03b565c54 [0x000001f03b565860+0x00000000000003f4]
j  java.lang.invoke.LambdaForm$MH+0x000001f051095400.invoke(Ljava/lang/Object;Ljava/lang/Object;Ljava/lang/Object;)Ljava/lang/Object;+34 java.base@21.0.10
J 2338 c1 jdk.internal.reflect.DirectMethodHandleAccessor.invoke(Ljava/lang/Object;[Ljava/lang/Object;)Ljava/lang/Object; java.base@21.0.10 (92 bytes) @ 0x000001f03b6afbbc [0x000001f03b6adfc0+0x0000000000001bfc]
J 2337 c1 java.lang.reflect.Method.invoke(Ljava/lang/Object;[Ljava/lang/Object;)Ljava/lang/Object; java.base@21.0.10 (108 bytes) @ 0x000001f03b6a9dd4 [0x000001f03b6a98c0+0x0000000000000514]
j  org.codehaus.groovy.reflection.CachedMethod.invoke(Ljava/lang/Object;[Ljava/lang/Object;)Ljava/lang/Object;+30
j  groovy.lang.MetaMethod.doMethodInvoke(Ljava/lang/Object;[Ljava/lang/Object;)Ljava/lang/Object;+9
j  org.codehaus.groovy.runtime.metaclass.ClosureMetaClass.invokeMethod(Ljava/lang/Class;Ljava/lang/Object;Ljava/lang/String;[Ljava/lang/Object;ZZ)Ljava/lang/Object;+225
j  groovy.lang.MetaClassImpl.invokeMethod(Ljava/lang/Object;Ljava/lang/String;[Ljava/lang/Object;)Ljava/lang/Object;+10
j  groovy.lang.Closure.call([Ljava/lang/Object;)Ljava/lang/Object;+8
j  groovy.lang.Closure.call(Ljava/lang/Object;)Ljava/lang/Object;+9
j  org.gradle.util.internal.ClosureBackedAction.execute(Ljava/lang/Object;)V+80
j  org.gradle.util.internal.ConfigureUtil.configureTarget(Lgroovy/lang/Closure;Ljava/lang/Object;Lorg/gradle/internal/metaobject/ConfigureDelegate;)V+44
j  org.gradle.util.internal.ConfigureUtil.configure(Lgroovy/lang/Closure;Ljava/lang/Object;)Ljava/lang/Object;+38
j  org.gradle.util.internal.ConfigureUtil$WrappedConfigureAction.execute(Ljava/lang/Object;)V+5
j  org.gradle.api.internal.artifacts.DefaultArtifactRepositoryContainer.addRepository(Lorg/gradle/api/artifacts/repositories/ArtifactRepository;Ljava/lang/String;Lorg/gradle/api/Action;)Lorg/gradle/api/artifacts/repositories/ArtifactRepository;+2
j  org.gradle.api.internal.artifacts.dsl.DefaultRepositoryHandler.maven(Lorg/gradle/api/Action;)Lorg/gradle/api/artifacts/repositories/MavenArtifactRepository;+13
j  org.gradle.api.internal.artifacts.dsl.DefaultRepositoryHandler.maven(Lgroovy/lang/Closure;)Lorg/gradle/api/artifacts/repositories/MavenArtifactRepository;+5
j  java.lang.invoke.LambdaForm$DMH+0x000001f051249400.invokeInterface(Ljava/lang/Object;Ljava/lang/Object;Ljava/lang/Object;)Ljava/lang/Object;+24 java.base@21.0.10
j  java.lang.invoke.LambdaForm$MH+0x000001f051095000.invoke(Ljava/lang/Object;Ljava/lang/Object;Ljava/lang/Object;)Ljava/lang/Object;+52 java.base@21.0.10
J 2338 c1 jdk.internal.reflect.DirectMethodHandleAccessor.invoke(Ljava/lang/Object;[Ljava/lang/Object;)Ljava/lang/Object; java.base@21.0.10 (92 bytes) @ 0x000001f03b6afbbc [0x000001f03b6adfc0+0x0000000000001bfc]
J 2337 c1 java.lang.reflect.Method.invoke(Ljava/lang/Object;[Ljava/lang/Object;)Ljava/lang/Object; java.base@21.0.10 (108 bytes) @ 0x000001f03b6a9dd4 [0x000001f03b6a98c0+0x0000000000000514]
j  org.codehaus.groovy.reflection.CachedMethod.invoke(Ljava/lang/Object;[Ljava/lang/Object;)Ljava/lang/Object;+30
j  groovy.lang.MetaMethod.doMethodInvoke(Ljava/lang/Object;[Ljava/lang/Object;)Ljava/lang/Object;+9
j  org.gradle.internal.metaobject.BeanDynamicObject$MetaClassAdapter.invokeMethod(Ljava/lang/String;[Ljava/lang/Object;)Lorg/gradle/internal/metaobject/DynamicInvokeResult;+41
j  org.gradle.internal.metaobject.BeanDynamicObject.tryInvokeMethod(Ljava/lang/String;[Ljava/lang/Object;)Lorg/gradle/internal/metaobject/DynamicInvokeResult;+6
j  org.gradle.internal.metaobject.CompositeDynamicObject.tryInvokeMethod(Ljava/lang/String;[Ljava/lang/Object;)Lorg/gradle/internal/metaobject/DynamicInvokeResult;+29
j  org.gradle.internal.extensibility.MixInClosurePropertiesAsMethodsDynamicObject.tryInvokeMethod(Ljava/lang/String;[Ljava/lang/Object;)Lorg/gradle/internal/metaobject/DynamicInvokeResult;+3
j  org.gradle.internal.metaobject.ConfigureDelegate.invokeMethod(Ljava/lang/String;Ljava/lang/Object;)Ljava/lang/Object;+22
j  org.codehaus.groovy.runtime.metaclass.ClosureMetaClass.invokeOnDelegationObjects(ZLjava/lang/Object;ZLjava/lang/Object;Ljava/lang/String;[Ljava/lang/Object;)Ljava/lang/Object;+19
j  org.codehaus.groovy.runtime.metaclass.ClosureMetaClass.invokeMethod(Ljava/lang/Class;Ljava/lang/Object;Ljava/lang/String;[Ljava/lang/Object;ZZ)Ljava/lang/Object;+711
j  org.codehaus.groovy.runtime.callsite.PogoMetaClassSite.callCurrent(Lgroovy/lang/GroovyObject;[Ljava/lang/Object;)Ljava/lang/Object;+27
j  org.codehaus.groovy.runtime.callsite.CallSiteArray.defaultCallCurrent(Lorg/codehaus/groovy/runtime/callsite/CallSite;Lgroovy/lang/GroovyObject;[Ljava/lang/Object;)Ljava/lang/Object;+17
j  org.codehaus.groovy.runtime.callsite.AbstractCallSite.callCurrent(Lgroovy/lang/GroovyObject;[Ljava/lang/Object;)Ljava/lang/Object;+3
j  org.codehaus.groovy.runtime.callsite.AbstractCallSite.callCurrent(Lgroovy/lang/GroovyObject;Ljava/lang/Object;)Ljava/lang/Object;+33
j  build_3cc1li1o13buxhfx1xlm0zzp3$_run_closure1$_closure2.doCall$original(Ljava/lang/Object;)Ljava/lang/Object;+44
j  build_3cc1li1o13buxhfx1xlm0zzp3$_run_closure1$_closure2.doCall(Ljava/lang/Object;)Ljava/lang/Object;+6
J 1700 c1 java.lang.invoke.DirectMethodHandle$Holder.invokeSpecial(Ljava/lang/Object;Ljava/lang/Object;Ljava/lang/Object;)Ljava/lang/Object; java.base@21.0.10 (15 bytes) @ 0x000001f03b565c54 [0x000001f03b565860+0x00000000000003f4]
j  java.lang.invoke.LambdaForm$MH+0x000001f051095400.invoke(Ljava/lang/Object;Ljava/lang/Object;Ljava/lang/Object;)Ljava/lang/Object;+34 java.base@21.0.10
J 2338 c1 jdk.internal.reflect.DirectMethodHandleAccessor.invoke(Ljava/lang/Object;[Ljava/lang/Object;)Ljava/lang/Object; java.base@21.0.10 (92 bytes) @ 0x000001f03b6afbbc [0x000001f03b6adfc0+0x0000000000001bfc]
J 2337 c1 java.lang.reflect.Method.invoke(Ljava/lang/Object;[Ljava/lang/Object;)Ljava/lang/Object; java.base@21.0.10 (108 bytes) @ 0x000001f03b6a9dd4 [0x000001f03b6a98c0+0x0000000000000514]
j  org.codehaus.groovy.reflection.CachedMethod.invoke(Ljava/lang/Object;[Ljava/lang/Object;)Ljava/lang/Object;+30
j  groovy.lang.MetaMethod.doMethodInvoke(Ljava/lang/Object;[Ljava/lang/Object;)Ljava/lang/Object;+9
j  org.codehaus.groovy.runtime.metaclass.ClosureMetaClass.invokeMethod(Ljava/lang/Class;Ljava/lang/Object;Ljava/lang/String;[Ljava/lang/Object;ZZ)Ljava/lang/Object;+225
j  groovy.lang.MetaClassImpl.invokeMethod(Ljava/lang/Object;Ljava/lang/String;[Ljava/lang/Object;)Ljava/lang/Object;+10
j  groovy.lang.Closure.call([Ljava/lang/Object;)Ljava/lang/Object;+8
j  groovy.lang.Closure.call(Ljava/lang/Object;)Ljava/lang/Object;+9
j  org.gradle.util.internal.ClosureBackedAction.execute(Ljava/lang/Object;)V+80
j  org.gradle.util.internal.ConfigureUtil.configureTarget(Lgroovy/lang/Closure;Ljava/lang/Object;Lorg/gradle/internal/metaobject/ConfigureDelegate;)V+44
j  org.gradle.util.internal.ConfigureUtil.configureSelf(Lgroovy/lang/Closure;Ljava/lang/Object;)Ljava/lang/Object;+17
j  org.gradle.api.internal.artifacts.DefaultArtifactRepositoryContainer.configure(Lgroovy/lang/Closure;)Lorg/gradle/api/internal/artifacts/DefaultArtifactRepositoryContainer;+2
j  org.gradle.api.internal.artifacts.DefaultArtifactRepositoryContainer.configure(Lgroovy/lang/Closure;)Ljava/lang/Object;+2
j  org.gradle.util.internal.ConfigureUtil.configure(Lgroovy/lang/Closure;Ljava/lang/Object;)Ljava/lang/Object;+18
j  org.gradle.api.internal.initialization.DefaultScriptHandler.repositories(Lgroovy/lang/Closure;)V+5
J 2485 c1 java.lang.invoke.LambdaForm$DMH+0x000001f0510a8000.invokeInterface(Ljava/lang/Object;Ljava/lang/Object;Ljava/lang/Object;)V java.base@21.0.10 (28 bytes) @ 0x000001f03b6fcef4 [0x000001f03b6fc880+0x0000000000000674]
j  java.lang.invoke.LambdaForm$MH+0x000001f05101cc00.invoke(Ljava/lang/Object;Ljava/lang/Object;Ljava/lang/Object;)Ljava/lang/Object;+52 java.base@21.0.10
J 2338 c1 jdk.internal.reflect.DirectMethodHandleAccessor.invoke(Ljava/lang/Object;[Ljava/lang/Object;)Ljava/lang/Object; java.base@21.0.10 (92 bytes) @ 0x000001f03b6afbbc [0x000001f03b6adfc0+0x0000000000001bfc]
J 2337 c1 java.lang.reflect.Method.invoke(Ljava/lang/Object;[Ljava/lang/Object;)Ljava/lang/Object; java.base@21.0.10 (108 bytes) @ 0x000001f03b6a9dd4 [0x000001f03b6a98c0+0x0000000000000514]
j  org.codehaus.groovy.reflection.CachedMethod.invoke(Ljava/lang/Object;[Ljava/lang/Object;)Ljava/lang/Object;+30
j  groovy.lang.MetaMethod.doMethodInvoke(Ljava/lang/Object;[Ljava/lang/Object;)Ljava/lang/Object;+9
j  org.gradle.internal.metaobject.BeanDynamicObject$MetaClassAdapter.invokeMethod(Ljava/lang/String;[Ljava/lang/Object;)Lorg/gradle/internal/metaobject/DynamicInvokeResult;+41
j  org.gradle.internal.metaobject.BeanDynamicObject.tryInvokeMethod(Ljava/lang/String;[Ljava/lang/Object;)Lorg/gradle/internal/metaobject/DynamicInvokeResult;+6
j  org.gradle.internal.metaobject.ConfigureDelegate.invokeMethod(Ljava/lang/String;Ljava/lang/Object;)Ljava/lang/Object;+22
j  org.codehaus.groovy.runtime.metaclass.ClosureMetaClass.invokeOnDelegationObjects(ZLjava/lang/Object;ZLjava/lang/Object;Ljava/lang/String;[Ljava/lang/Object;)Ljava/lang/Object;+19
j  org.codehaus.groovy.runtime.metaclass.ClosureMetaClass.invokeMethod(Ljava/lang/Class;Ljava/lang/Object;Ljava/lang/String;[Ljava/lang/Object;ZZ)Ljava/lang/Object;+711
j  org.codehaus.groovy.runtime.callsite.PogoMetaClassSite.callCurrent(Lgroovy/lang/GroovyObject;[Ljava/lang/Object;)Ljava/lang/Object;+27
j  org.codehaus.groovy.runtime.callsite.CallSiteArray.defaultCallCurrent(Lorg/codehaus/groovy/runtime/callsite/CallSite;Lgroovy/lang/GroovyObject;[Ljava/lang/Object;)Ljava/lang/Object;+17
j  org.codehaus.groovy.runtime.callsite.AbstractCallSite.callCurrent(Lgroovy/lang/GroovyObject;[Ljava/lang/Object;)Ljava/lang/Object;+3
j  org.codehaus.groovy.runtime.callsite.AbstractCallSite.callCurrent(Lgroovy/lang/GroovyObject;Ljava/lang/Object;)Ljava/lang/Object;+33
j  build_3cc1li1o13buxhfx1xlm0zzp3$_run_closure1.doCall$original(Ljava/lang/Object;)Ljava/lang/Object;+22
j  build_3cc1li1o13buxhfx1xlm0zzp3$_run_closure1.doCall(Ljava/lang/Object;)Ljava/lang/Object;+6
J 1700 c1 java.lang.invoke.DirectMethodHandle$Holder.invokeSpecial(Ljava/lang/Object;Ljava/lang/Object;Ljava/lang/Object;)Ljava/lang/Object; java.base@21.0.10 (15 bytes) @ 0x000001f03b565c54 [0x000001f03b565860+0x00000000000003f4]
j  java.lang.invoke.LambdaForm$MH+0x000001f051095400.invoke(Ljava/lang/Object;Ljava/lang/Object;Ljava/lang/Object;)Ljava/lang/Object;+34 java.base@21.0.10
J 2338 c1 jdk.internal.reflect.DirectMethodHandleAccessor.invoke(Ljava/lang/Object;[Ljava/lang/Object;)Ljava/lang/Object; java.base@21.0.10 (92 bytes) @ 0x000001f03b6afbbc [0x000001f03b6adfc0+0x0000000000001bfc]
J 2337 c1 java.lang.reflect.Method.invoke(Ljava/lang/Object;[Ljava/lang/Object;)Ljava/lang/Object; java.base@21.0.10 (108 bytes) @ 0x000001f03b6a9dd4 [0x000001f03b6a98c0+0x0000000000000514]
j  org.codehaus.groovy.reflection.CachedMethod.invoke(Ljava/lang/Object;[Ljava/lang/Object;)Ljava/lang/Object;+30
j  groovy.lang.MetaMethod.doMethodInvoke(Ljava/lang/Object;[Ljava/lang/Object;)Ljava/lang/Object;+9
j  org.codehaus.groovy.runtime.metaclass.ClosureMetaClass.invokeMethod(Ljava/lang/Class;Ljava/lang/Object;Ljava/lang/String;[Ljava/lang/Object;ZZ)Ljava/lang/Object;+225
j  groovy.lang.MetaClassImpl.invokeMethod(Ljava/lang/Object;Ljava/lang/String;[Ljava/lang/Object;)Ljava/lang/Object;+10
j  groovy.lang.Closure.call([Ljava/lang/Object;)Ljava/lang/Object;+8
j  groovy.lang.Closure.call(Ljava/lang/Object;)Ljava/lang/Object;+9
j  org.gradle.util.internal.ClosureBackedAction.execute(Ljava/lang/Object;)V+80
j  org.gradle.util.internal.ConfigureUtil.configureTarget(Lgroovy/lang/Closure;Ljava/lang/Object;Lorg/gradle/internal/metaobject/ConfigureDelegate;)V+44
j  org.gradle.util.internal.ConfigureUtil.configure(Lgroovy/lang/Closure;Ljava/lang/Object;)Ljava/lang/Object;+38
j  org.gradle.api.internal.project.DefaultProject.buildscript(Lgroovy/lang/Closure;)V+5
j  org.gradle.api.internal.project.ProjectScript.buildscript(Lgroovy/lang/Closure;)V+5
j  org.gradle.api.Script$buildscript.callCurrent(Lgroovy/lang/GroovyObject;[Ljava/lang/Object;)Ljava/lang/Object;+19
j  org.codehaus.groovy.runtime.callsite.CallSiteArray.defaultCallCurrent(Lorg/codehaus/groovy/runtime/callsite/CallSite;Lgroovy/lang/GroovyObject;[Ljava/lang/Object;)Ljava/lang/Object;+17
j  org.codehaus.groovy.runtime.callsite.AbstractCallSite.callCurrent(Lgroovy/lang/GroovyObject;[Ljava/lang/Object;)Ljava/lang/Object;+3
j  org.codehaus.groovy.runtime.callsite.AbstractCallSite.callCurrent(Lgroovy/lang/GroovyObject;Ljava/lang/Object;)Ljava/lang/Object;+33
j  build_3cc1li1o13buxhfx1xlm0zzp3.run()Ljava/lang/Object;+19
j  org.gradle.groovy.scripts.internal.DefaultScriptRunnerFactory$ScriptRunnerImpl.run(Ljava/lang/Object;Lorg/gradle/internal/service/ServiceRegistry;)V+57
j  org.gradle.configuration.DefaultScriptPluginFactory$ScriptPluginImpl.apply(Ljava/lang/Object;)V+152
j  org.gradle.configuration.BuildOperationScriptPlugin$1.run(Lorg/gradle/internal/operations/BuildOperationContext;)V+11
j  org.gradle.internal.operations.DefaultBuildOperationRunner$1.execute(Lorg/gradle/internal/operations/RunnableBuildOperation;Lorg/gradle/internal/operations/BuildOperationContext;)V+2
j  org.gradle.internal.operations.DefaultBuildOperationRunner$1.execute(Lorg/gradle/internal/operations/BuildOperation;Lorg/gradle/internal/operations/BuildOperationContext;)V+6
j  org.gradle.internal.operations.DefaultBuildOperationRunner$2.execute(Lorg/gradle/internal/operations/BuildOperationDescriptor;Lorg/gradle/internal/operations/BuildOperationState;Lorg/gradle/internal/operations/BuildOperationState;Lorg/gradle/internal/operations/DefaultBuildOperationRunner$ReadableBuildOperationContext;Lorg/gradle/internal/operations/DefaultBuildOperationRunner$BuildOperationExecutionListener;)Lorg/gradle/internal/operations/BuildOperation;+22
j  org.gradle.internal.operations.DefaultBuildOperationRunner$2.execute(Lorg/gradle/internal/operations/BuildOperationDescriptor;Lorg/gradle/internal/operations/BuildOperationState;Lorg/gradle/internal/operations/BuildOperationState;Lorg/gradle/internal/operations/DefaultBuildOperationRunner$ReadableBuildOperationContext;Lorg/gradle/internal/operations/DefaultBuildOperationRunner$BuildOperationExecutionListener;)Ljava/lang/Object;+8
j  org.gradle.internal.operations.DefaultBuildOperationRunner.execute(Lorg/gradle/internal/operations/BuildOperationDescriptor$Builder;Lorg/gradle/internal/operations/BuildOperationState;Lorg/gradle/internal/operations/DefaultBuildOperationRunner$BuildOperationExecution;)Ljava/lang/Object;+141
j  org.gradle.internal.operations.DefaultBuildOperationRunner.execute(Lorg/gradle/internal/operations/BuildOperation;Lorg/gradle/internal/operations/BuildOperationWorker;Lorg/gradle/internal/operations/BuildOperationState;)V+18
j  org.gradle.internal.operations.DefaultBuildOperationRunner.run(Lorg/gradle/internal/operations/RunnableBuildOperation;)V+9
j  org.gradle.configuration.BuildOperationScriptPlugin.lambda$apply$0(Ljava/lang/Object;Lorg/gradle/internal/code/UserCodeApplicationId;)V+14
j  org.gradle.configuration.BuildOperationScriptPlugin$$Lambda+0x000001f0514cb8d8.execute(Ljava/lang/Object;)V+12
j  org.gradle.internal.code.DefaultUserCodeApplicationContext.apply(Lorg/gradle/internal/code/UserCodeSource;Lorg/gradle/api/Action;)V+37
j  org.gradle.configuration.BuildOperationScriptPlugin.apply(Ljava/lang/Object;)V+71
j  org.gradle.configuration.project.BuildScriptProcessor$$Lambda+0x000001f05169f9b0.accept(Ljava/lang/Object;)V+8
j  org.gradle.api.internal.project.DefaultProjectStateRegistry$ProjectStateImpl.lambda$applyToMutableState$1(Ljava/util/function/Consumer;Lorg/gradle/api/internal/project/ProjectInternal;)Ljava/lang/Object;+2
j  org.gradle.api.internal.project.DefaultProjectStateRegistry$ProjectStateImpl$$Lambda+0x000001f05163d388.apply(Ljava/lang/Object;)Ljava/lang/Object;+8
j  org.gradle.api.internal.project.DefaultProjectStateRegistry$ProjectStateImpl.fromMutableState(Ljava/util/function/Function;)Ljava/lang/Object;+97
j  org.gradle.api.internal.project.DefaultProjectStateRegistry$ProjectStateImpl.applyToMutableState(Ljava/util/function/Consumer;)V+7
j  org.gradle.configuration.project.BuildScriptProcessor.execute(Lorg/gradle/api/internal/project/ProjectInternal;)V+88
j  org.gradle.configuration.project.BuildScriptProcessor.execute(Ljava/lang/Object;)V+5
j  org.gradle.configuration.project.ConfigureActionsProjectEvaluator.evaluate(Lorg/gradle/api/internal/project/ProjectInternal;Lorg/gradle/api/internal/project/ProjectStateInternal;)V+33
j  org.gradle.configuration.project.LifecycleProjectEvaluator$EvaluateProject.lambda$run$0(Lorg/gradle/internal/operations/BuildOperationContext;Lorg/gradle/api/internal/project/ProjectInternal;)V+67
j  org.gradle.configuration.project.LifecycleProjectEvaluator$EvaluateProject$$Lambda+0x000001f051643878.accept(Ljava/lang/Object;)V+12
j  org.gradle.api.internal.project.DefaultProjectStateRegistry$ProjectStateImpl.lambda$applyToMutableState$1(Ljava/util/function/Consumer;Lorg/gradle/api/internal/project/ProjectInternal;)Ljava/lang/Object;+2
j  org.gradle.api.internal.project.DefaultProjectStateRegistry$ProjectStateImpl$$Lambda+0x000001f05163d388.apply(Ljava/lang/Object;)Ljava/lang/Object;+8
j  org.gradle.api.internal.project.DefaultProjectStateRegistry$ProjectStateImpl.lambda$fromMutableState$2(Ljava/util/function/Function;)Ljava/lang/Object;+5
j  org.gradle.api.internal.project.DefaultProjectStateRegistry$ProjectStateImpl$$Lambda+0x000001f05163d5d0.create()Ljava/lang/Object;+8
j  org.gradle.internal.work.DefaultWorkerLeaseService.withReplacedLocks(Ljava/util/Collection;Lorg/gradle/internal/resources/ResourceLock;Lorg/gradle/internal/Factory;)Ljava/lang/Object;+40
j  org.gradle.api.internal.project.DefaultProjectStateRegistry$ProjectStateImpl.fromMutableState(Ljava/util/function/Function;)Ljava/lang/Object;+132
j  org.gradle.api.internal.project.DefaultProjectStateRegistry$ProjectStateImpl.applyToMutableState(Ljava/util/function/Consumer;)V+7
j  org.gradle.configuration.project.LifecycleProjectEvaluator$EvaluateProject.run(Lorg/gradle/internal/operations/BuildOperationContext;)V+16
j  org.gradle.internal.operations.DefaultBuildOperationRunner$1.execute(Lorg/gradle/internal/operations/RunnableBuildOperation;Lorg/gradle/internal/operations/BuildOperationContext;)V+2
j  org.gradle.internal.operations.DefaultBuildOperationRunner$1.execute(Lorg/gradle/internal/operations/BuildOperation;Lorg/gradle/internal/operations/BuildOperationContext;)V+6
j  org.gradle.internal.operations.DefaultBuildOperationRunner$2.execute(Lorg/gradle/internal/operations/BuildOperationDescriptor;Lorg/gradle/internal/operations/BuildOperationState;Lorg/gradle/internal/operations/BuildOperationState;Lorg/gradle/internal/operations/DefaultBuildOperationRunner$ReadableBuildOperationContext;Lorg/gradle/internal/operations/DefaultBuildOperationRunner$BuildOperationExecutionListener;)Lorg/gradle/internal/operations/BuildOperation;+22
j  org.gradle.internal.operations.DefaultBuildOperationRunner$2.execute(Lorg/gradle/internal/operations/BuildOperationDescriptor;Lorg/gradle/internal/operations/BuildOperationState;Lorg/gradle/internal/operations/BuildOperationState;Lorg/gradle/internal/operations/DefaultBuildOperationRunner$ReadableBuildOperationContext;Lorg/gradle/internal/operations/DefaultBuildOperationRunner$BuildOperationExecutionListener;)Ljava/lang/Object;+8
j  org.gradle.internal.operations.DefaultBuildOperationRunner.execute(Lorg/gradle/internal/operations/BuildOperationDescriptor$Builder;Lorg/gradle/internal/operations/BuildOperationState;Lorg/gradle/internal/operations/DefaultBuildOperationRunner$BuildOperationExecution;)Ljava/lang/Object;+141
j  org.gradle.internal.operations.DefaultBuildOperationRunner.execute(Lorg/gradle/internal/operations/BuildOperation;Lorg/gradle/internal/operations/BuildOperationWorker;Lorg/gradle/internal/operations/BuildOperationState;)V+18
j  org.gradle.internal.operations.DefaultBuildOperationRunner.run(Lorg/gradle/internal/operations/RunnableBuildOperation;)V+9
j  org.gradle.configuration.project.LifecycleProjectEvaluator.evaluate(Lorg/gradle/api/internal/project/ProjectInternal;Lorg/gradle/api/internal/project/ProjectStateInternal;)V+42
j  org.gradle.api.internal.project.DefaultProject.evaluate()Lorg/gradle/api/internal/project/DefaultProject;+9
j  org.gradle.api.internal.project.DefaultProject.evaluate()Lorg/gradle/api/Project;+1
j  org.gradle.api.internal.project.ProjectLifecycleController.lambda$ensureSelfConfigured$2()V+4
j  org.gradle.api.internal.project.ProjectLifecycleController$$Lambda+0x000001f051642068.run()V+4
j  org.gradle.internal.model.StateTransitionController.lambda$doTransition$14(Ljava/lang/Runnable;)Lorg/gradle/internal/build/ExecutionResult;+1
j  org.gradle.internal.model.StateTransitionController$$Lambda+0x000001f0513b30c8.get()Ljava/lang/Object;+4
j  org.gradle.internal.model.StateTransitionController.doTransition(Lorg/gradle/internal/model/StateTransitionController$State;Lorg/gradle/internal/model/StateTransitionController$State;Ljava/util/function/Supplier;)Lorg/gradle/internal/build/ExecutionResult;+24
j  org.gradle.internal.model.StateTransitionController.doTransition(Lorg/gradle/internal/model/StateTransitionController$State;Lorg/gradle/internal/model/StateTransitionController$State;Ljava/lang/Runnable;)V+9
j  org.gradle.internal.model.StateTransitionController.lambda$maybeTransitionIfNotCurrentlyTransitioning$10(Lorg/gradle/internal/model/StateTransitionController$State;Lorg/gradle/internal/model/StateTransitionController$State;Ljava/lang/Runnable;)V+16
j  org.gradle.internal.model.StateTransitionController$$Lambda+0x000001f051642290.run()V+16
j  org.gradle.internal.work.DefaultSynchronizer.withLock(Ljava/lang/Runnable;)V+6
j  org.gradle.internal.model.StateTransitionController.maybeTransitionIfNotCurrentlyTransitioning(Lorg/gradle/internal/model/StateTransitionController$State;Lorg/gradle/internal/model/StateTransitionController$State;Ljava/lang/Runnable;)V+13
j  org.gradle.api.internal.project.ProjectLifecycleController.ensureSelfConfigured()V+16
j  org.gradle.api.internal.project.DefaultProjectStateRegistry$ProjectStateImpl.ensureConfigured()V+19
j  org.gradle.execution.TaskPathProjectEvaluator.configure(Lorg/gradle/api/internal/project/ProjectInternal;)V+6
j  org.gradle.execution.TaskPathProjectEvaluator.configureHierarchy(Lorg/gradle/api/internal/project/ProjectInternal;)V+2
j  org.gradle.configuration.DefaultProjectsPreparer.prepareProjects(Lorg/gradle/api/internal/GradleInternal;)V+29
j  org.gradle.configuration.BuildTreePreparingProjectsPreparer.prepareProjects(Lorg/gradle/api/internal/GradleInternal;)V+114
j  org.gradle.configuration.BuildOperationFiringProjectsPreparer$ConfigureBuild.run(Lorg/gradle/internal/operations/BuildOperationContext;)V+11
j  org.gradle.internal.operations.DefaultBuildOperationRunner$1.execute(Lorg/gradle/internal/operations/RunnableBuildOperation;Lorg/gradle/internal/operations/BuildOperationContext;)V+2
j  org.gradle.internal.operations.DefaultBuildOperationRunner$1.execute(Lorg/gradle/internal/operations/BuildOperation;Lorg/gradle/internal/operations/BuildOperationContext;)V+6
j  org.gradle.internal.operations.DefaultBuildOperationRunner$2.execute(Lorg/gradle/internal/operations/BuildOperationDescriptor;Lorg/gradle/internal/operations/BuildOperationState;Lorg/gradle/internal/operations/BuildOperationState;Lorg/gradle/internal/operations/DefaultBuildOperationRunner$ReadableBuildOperationContext;Lorg/gradle/internal/operations/DefaultBuildOperationRunner$BuildOperationExecutionListener;)Lorg/gradle/internal/operations/BuildOperation;+22
j  org.gradle.internal.operations.DefaultBuildOperationRunner$2.execute(Lorg/gradle/internal/operations/BuildOperationDescriptor;Lorg/gradle/internal/operations/BuildOperationState;Lorg/gradle/internal/operations/BuildOperationState;Lorg/gradle/internal/operations/DefaultBuildOperationRunner$ReadableBuildOperationContext;Lorg/gradle/internal/operations/DefaultBuildOperationRunner$BuildOperationExecutionListener;)Ljava/lang/Object;+8
j  org.gradle.internal.operations.DefaultBuildOperationRunner.execute(Lorg/gradle/internal/operations/BuildOperationDescriptor$Builder;Lorg/gradle/internal/operations/BuildOperationState;Lorg/gradle/internal/operations/DefaultBuildOperationRunner$BuildOperationExecution;)Ljava/lang/Object;+141
j  org.gradle.internal.operations.DefaultBuildOperationRunner.execute(Lorg/gradle/internal/operations/BuildOperation;Lorg/gradle/internal/operations/BuildOperationWorker;Lorg/gradle/internal/operations/BuildOperationState;)V+18
j  org.gradle.internal.operations.DefaultBuildOperationRunner.run(Lorg/gradle/internal/operations/RunnableBuildOperation;)V+9
j  org.gradle.configuration.BuildOperationFiringProjectsPreparer.prepareProjects(Lorg/gradle/api/internal/GradleInternal;)V+13
j  org.gradle.initialization.VintageBuildModelController.lambda$prepareProjects$2()V+8
j  org.gradle.initialization.VintageBuildModelController$$Lambda+0x000001f05160a800.run()V+4
j  org.gradle.internal.model.StateTransitionController.lambda$doTransition$14(Ljava/lang/Runnable;)Lorg/gradle/internal/build/ExecutionResult;+1
j  org.gradle.internal.model.StateTransitionController$$Lambda+0x000001f0513b30c8.get()Ljava/lang/Object;+4
j  org.gradle.internal.model.StateTransitionController.doTransition(Lorg/gradle/internal/model/StateTransitionController$State;Lorg/gradle/internal/model/StateTransitionController$State;Ljava/util/function/Supplier;)Lorg/gradle/internal/build/ExecutionResult;+24
j  org.gradle.internal.model.StateTransitionController.doTransition(Lorg/gradle/internal/model/StateTransitionController$State;Lorg/gradle/internal/model/StateTransitionController$State;Ljava/lang/Runnable;)V+9
j  org.gradle.internal.model.StateTransitionController.lambda$transitionIfNotPreviously$11(Lorg/gradle/internal/model/StateTransitionController$State;Lorg/gradle/internal/model/StateTransitionController$State;Ljava/lang/Runnable;)V+16
j  org.gradle.internal.model.StateTransitionController$$Lambda+0x000001f0513b3518.run()V+16
j  org.gradle.internal.work.DefaultSynchronizer.withLock(Ljava/lang/Runnable;)V+6
j  org.gradle.internal.model.StateTransitionController.transitionIfNotPreviously(Lorg/gradle/internal/model/StateTransitionController$State;Lorg/gradle/internal/model/StateTransitionController$State;Ljava/lang/Runnable;)V+13
j  org.gradle.initialization.VintageBuildModelController.prepareProjects()V+16
j  org.gradle.initialization.VintageBuildModelController.prepareToScheduleTasks()V+5
j  org.gradle.internal.build.DefaultBuildLifecycleController.lambda$prepareToScheduleTasks$6()V+9
j  org.gradle.internal.build.DefaultBuildLifecycleController$$Lambda+0x000001f0513b2c78.run()V+4
j  org.gradle.internal.model.StateTransitionController.lambda$doTransition$14(Ljava/lang/Runnable;)Lorg/gradle/internal/build/ExecutionResult;+1
j  org.gradle.internal.model.StateTransitionController$$Lambda+0x000001f0513b30c8.get()Ljava/lang/Object;+4
j  org.gradle.internal.model.StateTransitionController.doTransition(Lorg/gradle/internal/model/StateTransitionController$State;Lorg/gradle/internal/model/StateTransitionController$State;Ljava/util/function/Supplier;)Lorg/gradle/internal/build/ExecutionResult;+24
j  org.gradle.internal.model.StateTransitionController.doTransition(Lorg/gradle/internal/model/StateTransitionController$State;Lorg/gradle/internal/model/StateTransitionController$State;Ljava/lang/Runnable;)V+9
j  org.gradle.internal.model.StateTransitionController.lambda$maybeTransition$9(Lorg/gradle/internal/model/StateTransitionController$State;Lorg/gradle/internal/model/StateTransitionController$State;Ljava/lang/Runnable;)V+16
j  org.gradle.internal.model.StateTransitionController$$Lambda+0x000001f0513b2ea0.run()V+16
j  org.gradle.internal.work.DefaultSynchronizer.withLock(Ljava/lang/Runnable;)V+6
j  org.gradle.internal.model.StateTransitionController.maybeTransition(Lorg/gradle/internal/model/StateTransitionController$State;Lorg/gradle/internal/model/StateTransitionController$State;Ljava/lang/Runnable;)V+13
j  org.gradle.internal.build.DefaultBuildLifecycleController.prepareToScheduleTasks()V+16
j  org.gradle.internal.buildtree.DefaultBuildTreeWorkPreparer.scheduleRequestedTasks(Lorg/gradle/internal/buildtree/BuildTreeWorkGraph;Lorg/gradle/execution/EntryTaskSelector;)Lorg/gradle/internal/buildtree/BuildTreeWorkGraph$FinalizedGraph;+4
j  org.gradle.internal.cc.impl.VintageBuildTreeWorkController$scheduleAndRunRequestedTasks$1.apply(Lorg/gradle/internal/buildtree/BuildTreeWorkGraph;)Lorg/gradle/internal/build/ExecutionResult;+18
j  org.gradle.internal.cc.impl.VintageBuildTreeWorkController$scheduleAndRunRequestedTasks$1.apply(Ljava/lang/Object;)Ljava/lang/Object;+5
j  org.gradle.composite.internal.DefaultIncludedBuildTaskGraph.withNewWorkGraph(Ljava/util/function/Function;)Ljava/lang/Object;+30
j  org.gradle.internal.cc.impl.VintageBuildTreeWorkController.scheduleAndRunRequestedTasks(Lorg/gradle/execution/EntryTaskSelector;)Lorg/gradle/internal/build/ExecutionResult;+16
j  org.gradle.internal.buildtree.DefaultBuildTreeLifecycleController.lambda$scheduleAndRunTasks$1(Lorg/gradle/execution/EntryTaskSelector;)Lorg/gradle/internal/build/ExecutionResult;+5
j  org.gradle.internal.buildtree.DefaultBuildTreeLifecycleController$$Lambda+0x000001f0513b7c90.get()Ljava/lang/Object;+8
j  org.gradle.internal.buildtree.DefaultBuildTreeLifecycleController.lambda$runBuild$4(Ljava/util/function/Supplier;)Ljava/lang/Object;+1
j  org.gradle.internal.buildtree.DefaultBuildTreeLifecycleController$$Lambda+0x000001f0513b2000.get()Ljava/lang/Object;+8
j  org.gradle.internal.model.StateTransitionController.lambda$transition$6(Ljava/util/function/Supplier;)Lorg/gradle/internal/build/ExecutionResult;+1
j  org.gradle.internal.model.StateTransitionController$$Lambda+0x000001f0513b2450.get()Ljava/lang/Object;+4
j  org.gradle.internal.model.StateTransitionController.doTransition(Lorg/gradle/internal/model/StateTransitionController$State;Lorg/gradle/internal/model/StateTransitionController$State;Ljava/util/function/Supplier;)Lorg/gradle/internal/build/ExecutionResult;+24
j  org.gradle.internal.model.StateTransitionController.lambda$transition$7(Lorg/gradle/internal/model/StateTransitionController$State;Lorg/gradle/internal/model/StateTransitionController$State;Ljava/util/function/Supplier;)Ljava/lang/Object;+9
j  org.gradle.internal.model.StateTransitionController$$Lambda+0x000001f0513b2228.create()Ljava/lang/Object;+16
j  org.gradle.internal.work.DefaultSynchronizer.withLock(Lorg/gradle/internal/Factory;)Ljava/lang/Object;+6
j  org.gradle.internal.model.StateTransitionController.transition(Lorg/gradle/internal/model/StateTransitionController$State;Lorg/gradle/internal/model/StateTransitionController$State;Ljava/util/function/Supplier;)Ljava/lang/Object;+13
j  org.gradle.internal.buildtree.DefaultBuildTreeLifecycleController.runBuild(Ljava/util/function/Supplier;)Ljava/lang/Object;+17
j  org.gradle.internal.buildtree.DefaultBuildTreeLifecycleController.scheduleAndRunTasks(Lorg/gradle/execution/EntryTaskSelector;)V+8
j  org.gradle.internal.buildtree.DefaultBuildTreeLifecycleController.scheduleAndRunTasks()V+2
j  org.gradle.tooling.internal.provider.runner.BuildModelActionRunner.run(Lorg/gradle/internal/invocation/BuildAction;Lorg/gradle/internal/buildtree/BuildTreeLifecycleController;)Lorg/gradle/internal/buildtree/BuildActionRunner$Result;+65
j  org.gradle.launcher.exec.ChainingBuildActionRunner.run(Lorg/gradle/internal/invocation/BuildAction;Lorg/gradle/internal/buildtree/BuildTreeLifecycleController;)Lorg/gradle/internal/buildtree/BuildActionRunner$Result;+34
j  org.gradle.internal.buildtree.ProblemReportingBuildActionRunner.run(Lorg/gradle/internal/invocation/BuildAction;Lorg/gradle/internal/buildtree/BuildTreeLifecycleController;)Lorg/gradle/internal/buildtree/BuildActionRunner$Result;+12
j  org.gradle.launcher.exec.BuildOutcomeReportingBuildActionRunner.run(Lorg/gradle/internal/invocation/BuildAction;Lorg/gradle/internal/buildtree/BuildTreeLifecycleController;)Lorg/gradle/internal/buildtree/BuildActionRunner$Result;+69
j  org.gradle.tooling.internal.provider.FileSystemWatchingBuildActionRunner.run(Lorg/gradle/internal/invocation/BuildAction;Lorg/gradle/internal/buildtree/BuildTreeLifecycleController;)Lorg/gradle/internal/buildtree/BuildActionRunner$Result;+335
j  org.gradle.launcher.exec.BuildCompletionNotifyingBuildActionRunner.run(Lorg/gradle/internal/invocation/BuildAction;Lorg/gradle/internal/buildtree/BuildTreeLifecycleController;)Lorg/gradle/internal/buildtree/BuildActionRunner$Result;+6
j  org.gradle.launcher.exec.RootBuildLifecycleBuildActionExecutor.lambda$execute$0(Lorg/gradle/internal/invocation/BuildAction;Lorg/gradle/internal/buildtree/BuildTreeLifecycleController;)Lorg/gradle/internal/buildtree/BuildActionRunner$Result;+6
j  org.gradle.launcher.exec.RootBuildLifecycleBuildActionExecutor$$Lambda+0x000001f05139b888.apply(Ljava/lang/Object;)Ljava/lang/Object;+12
j  org.gradle.composite.internal.DefaultRootBuildState.run(Ljava/util/function/Function;)Ljava/lang/Object;+87
j  org.gradle.launcher.exec.RootBuildLifecycleBuildActionExecutor.execute(Lorg/gradle/internal/invocation/BuildAction;Lorg/gradle/internal/buildtree/BuildTreeContext;)Lorg/gradle/internal/buildtree/BuildActionRunner$Result;+28
j  org.gradle.internal.buildtree.InitDeprecationLoggingActionExecutor.execute(Lorg/gradle/internal/invocation/BuildAction;Lorg/gradle/internal/buildtree/BuildTreeContext;)Lorg/gradle/internal/buildtree/BuildActionRunner$Result;+83
j  org.gradle.internal.buildtree.InitProblems.execute(Lorg/gradle/internal/invocation/BuildAction;Lorg/gradle/internal/buildtree/BuildTreeContext;)Lorg/gradle/internal/buildtree/BuildActionRunner$Result;+13
j  org.gradle.internal.buildtree.DefaultBuildTreeContext.execute(Lorg/gradle/internal/invocation/BuildAction;)Lorg/gradle/internal/buildtree/BuildActionRunner$Result;+64
j  org.gradle.launcher.exec.BuildTreeLifecycleBuildActionExecutor.lambda$execute$0(Lorg/gradle/internal/invocation/BuildAction;Lorg/gradle/internal/buildtree/BuildTreeContext;)Lorg/gradle/internal/buildtree/BuildActionRunner$Result;+2
j  org.gradle.launcher.exec.BuildTreeLifecycleBuildActionExecutor$$Lambda+0x000001f0512a1538.apply(Ljava/lang/Object;)Ljava/lang/Object;+8
j  org.gradle.internal.buildtree.BuildTreeState.run(Ljava/util/function/Function;)Ljava/lang/Object;+45
j  org.gradle.launcher.exec.BuildTreeLifecycleBuildActionExecutor.execute(Lorg/gradle/internal/invocation/BuildAction;Lorg/gradle/internal/session/BuildSessionContext;)Lorg/gradle/internal/buildtree/BuildActionRunner$Result;+74
j  org.gradle.launcher.exec.RunAsBuildOperationBuildActionExecutor$3.call(Lorg/gradle/internal/operations/BuildOperationContext;)Lorg/gradle/internal/buildtree/BuildActionRunner$Result;+25
j  org.gradle.launcher.exec.RunAsBuildOperationBuildActionExecutor$3.call(Lorg/gradle/internal/operations/BuildOperationContext;)Ljava/lang/Object;+2
j  org.gradle.internal.operations.DefaultBuildOperationRunner$CallableBuildOperationWorker.execute(Lorg/gradle/internal/operations/CallableBuildOperation;Lorg/gradle/internal/operations/BuildOperationContext;)V+3
j  org.gradle.internal.operations.DefaultBuildOperationRunner$CallableBuildOperationWorker.execute(Lorg/gradle/internal/operations/BuildOperation;Lorg/gradle/internal/operations/BuildOperationContext;)V+6
j  org.gradle.internal.operations.DefaultBuildOperationRunner$2.execute(Lorg/gradle/internal/operations/BuildOperationDescriptor;Lorg/gradle/internal/operations/BuildOperationState;Lorg/gradle/internal/operations/BuildOperationState;Lorg/gradle/internal/operations/DefaultBuildOperationRunner$ReadableBuildOperationContext;Lorg/gradle/internal/operations/DefaultBuildOperationRunner$BuildOperationExecutionListener;)Lorg/gradle/internal/operations/BuildOperation;+22
j  org.gradle.internal.operations.DefaultBuildOperationRunner$2.execute(Lorg/gradle/internal/operations/BuildOperationDescriptor;Lorg/gradle/internal/operations/BuildOperationState;Lorg/gradle/internal/operations/BuildOperationState;Lorg/gradle/internal/operations/DefaultBuildOperationRunner$ReadableBuildOperationContext;Lorg/gradle/internal/operations/DefaultBuildOperationRunner$BuildOperationExecutionListener;)Ljava/lang/Object;+8
j  org.gradle.internal.operations.DefaultBuildOperationRunner.execute(Lorg/gradle/internal/operations/BuildOperationDescriptor$Builder;Lorg/gradle/internal/operations/BuildOperationState;Lorg/gradle/internal/operations/DefaultBuildOperationRunner$BuildOperationExecution;)Ljava/lang/Object;+141
j  org.gradle.internal.operations.DefaultBuildOperationRunner.execute(Lorg/gradle/internal/operations/BuildOperation;Lorg/gradle/internal/operations/BuildOperationWorker;Lorg/gradle/internal/operations/BuildOperationState;)V+18
j  org.gradle.internal.operations.DefaultBuildOperationRunner.call(Lorg/gradle/internal/operations/CallableBuildOperation;)Ljava/lang/Object;+16
j  org.gradle.launcher.exec.RunAsBuildOperationBuildActionExecutor.execute(Lorg/gradle/internal/invocation/BuildAction;Lorg/gradle/internal/session/BuildSessionContext;)Lorg/gradle/internal/buildtree/BuildActionRunner$Result;+23
j  org.gradle.launcher.exec.RunAsWorkerThreadBuildActionExecutor.lambda$execute$0(Lorg/gradle/internal/invocation/BuildAction;Lorg/gradle/internal/session/BuildSessionContext;)Lorg/gradle/internal/buildtree/BuildActionRunner$Result;+6
j  org.gradle.launcher.exec.RunAsWorkerThreadBuildActionExecutor$$Lambda+0x000001f0512787a0.create()Ljava/lang/Object;+12
j  org.gradle.internal.work.DefaultWorkerLeaseService.withLocks(Ljava/util/Collection;Lorg/gradle/internal/Factory;)Ljava/lang/Object;+28
j  org.gradle.internal.work.DefaultWorkerLeaseService.runAsWorkerThread(Lorg/gradle/internal/Factory;)Ljava/lang/Object;+33
j  org.gradle.launcher.exec.RunAsWorkerThreadBuildActionExecutor.execute(Lorg/gradle/internal/invocation/BuildAction;Lorg/gradle/internal/session/BuildSessionContext;)Lorg/gradle/internal/buildtree/BuildActionRunner$Result;+12
j  org.gradle.tooling.internal.provider.continuous.ContinuousBuildActionExecutor.execute(Lorg/gradle/internal/invocation/BuildAction;Lorg/gradle/internal/session/BuildSessionContext;)Lorg/gradle/internal/buildtree/BuildActionRunner$Result;+58
j  org.gradle.tooling.internal.provider.SubscribableBuildActionExecutor.execute(Lorg/gradle/internal/invocation/BuildAction;Lorg/gradle/internal/session/BuildSessionContext;)Lorg/gradle/internal/buildtree/BuildActionRunner$Result;+30
j  org.gradle.internal.session.DefaultBuildSessionContext.execute(Lorg/gradle/internal/invocation/BuildAction;)Lorg/gradle/internal/buildtree/BuildActionRunner$Result;+64
j  org.gradle.internal.buildprocess.execution.BuildSessionLifecycleBuildActionExecutor$ActionImpl.apply(Lorg/gradle/internal/session/BuildSessionContext;)Lorg/gradle/launcher/exec/BuildActionResult;+6
j  org.gradle.internal.buildprocess.execution.BuildSessionLifecycleBuildActionExecutor$ActionImpl.apply(Ljava/lang/Object;)Ljava/lang/Object;+5
j  org.gradle.internal.session.BuildSessionState.run(Ljava/util/function/Function;)Ljava/lang/Object;+5
j  org.gradle.internal.buildprocess.execution.BuildSessionLifecycleBuildActionExecutor.execute(Lorg/gradle/internal/invocation/BuildAction;Lorg/gradle/launcher/exec/BuildActionParameters;Lorg/gradle/initialization/BuildRequestContext;)Lorg/gradle/launcher/exec/BuildActionResult;+95
j  org.gradle.internal.buildprocess.execution.BuildSessionLifecycleBuildActionExecutor.execute(Lorg/gradle/internal/invocation/BuildAction;Ljava/lang/Object;Ljava/lang/Object;)Lorg/gradle/launcher/exec/BuildActionResult;+10
j  org.gradle.internal.buildprocess.execution.StartParamsValidatingActionExecutor.execute(Lorg/gradle/internal/invocation/BuildAction;Lorg/gradle/launcher/exec/BuildActionParameters;Lorg/gradle/initialization/BuildRequestContext;)Lorg/gradle/launcher/exec/BuildActionResult;+203
j  org.gradle.internal.buildprocess.execution.StartParamsValidatingActionExecutor.execute(Lorg/gradle/internal/invocation/BuildAction;Ljava/lang/Object;Ljava/lang/Object;)Lorg/gradle/launcher/exec/BuildActionResult;+10
j  org.gradle.internal.buildprocess.execution.SessionFailureReportingActionExecutor.execute(Lorg/gradle/internal/invocation/BuildAction;Lorg/gradle/launcher/exec/BuildActionParameters;Lorg/gradle/initialization/BuildRequestContext;)Lorg/gradle/launcher/exec/BuildActionResult;+7
j  org.gradle.internal.buildprocess.execution.SessionFailureReportingActionExecutor.execute(Lorg/gradle/internal/invocation/BuildAction;Ljava/lang/Object;Ljava/lang/Object;)Lorg/gradle/launcher/exec/BuildActionResult;+10
j  org.gradle.internal.buildprocess.execution.SetupLoggingActionExecutor.execute(Lorg/gradle/internal/invocation/BuildAction;Lorg/gradle/launcher/exec/BuildActionParameters;Lorg/gradle/initialization/BuildRequestContext;)Lorg/gradle/launcher/exec/BuildActionResult;+50
j  org.gradle.internal.buildprocess.execution.SetupLoggingActionExecutor.execute(Lorg/gradle/internal/invocation/BuildAction;Ljava/lang/Object;Ljava/lang/Object;)Lorg/gradle/launcher/exec/BuildActionResult;+10
j  org.gradle.launcher.daemon.server.exec.ExecuteBuild.doBuild(Lorg/gradle/launcher/daemon/server/api/DaemonCommandExecution;Lorg/gradle/launcher/daemon/protocol/Build;)V+147
j  org.gradle.launcher.daemon.server.exec.BuildCommandOnly.execute(Lorg/gradle/launcher/daemon/server/api/DaemonCommandExecution;)V+49
j  org.gradle.launcher.daemon.server.api.DaemonCommandExecution.proceed()Z+23
j  org.gradle.launcher.daemon.server.exec.WatchForDisconnection.execute(Lorg/gradle/launcher/daemon/server/api/DaemonCommandExecution;)V+19
j  org.gradle.launcher.daemon.server.api.DaemonCommandExecution.proceed()Z+23
j  org.gradle.launcher.daemon.server.exec.ResetDeprecationLogger.execute(Lorg/gradle/launcher/daemon/server/api/DaemonCommandExecution;)V+7
j  org.gradle.launcher.daemon.server.api.DaemonCommandExecution.proceed()Z+23
j  org.gradle.launcher.daemon.server.exec.RequestStopIfSingleUsedDaemon.execute(Lorg/gradle/launcher/daemon/server/api/DaemonCommandExecution;)V+33
j  org.gradle.launcher.daemon.server.api.DaemonCommandExecution.proceed()Z+23
j  org.gradle.launcher.daemon.server.exec.ForwardClientInput.lambda$execute$0(Lorg/gradle/launcher/daemon/server/api/DaemonCommandExecution;Lorg/gradle/internal/daemon/clientinput/StdinHandler;)Ljava/lang/Object;+11
j  org.gradle.launcher.daemon.server.exec.ForwardClientInput$$Lambda+0x000001f051189f30.apply(Ljava/lang/Object;)Ljava/lang/Object;+8
j  org.gradle.internal.daemon.clientinput.ClientInputForwarder.forwardInput(Ljava/util/function/Function;)Ljava/lang/Object;+46
j  org.gradle.launcher.daemon.server.exec.ForwardClientInput.execute(Lorg/gradle/launcher/daemon/server/api/DaemonCommandExecution;)V+10
j  org.gradle.launcher.daemon.server.api.DaemonCommandExecution.proceed()Z+23
j  org.gradle.launcher.daemon.server.exec.LogAndCheckHealth.execute(Lorg/gradle/launcher/daemon/server/api/DaemonCommandExecution;)V+51
j  org.gradle.launcher.daemon.server.api.DaemonCommandExecution.proceed()Z+23
j  org.gradle.launcher.daemon.server.exec.LogToClient.doBuild(Lorg/gradle/launcher/daemon/server/api/DaemonCommandExecution;Lorg/gradle/launcher/daemon/protocol/Build;)V+87
j  org.gradle.launcher.daemon.server.exec.BuildCommandOnly.execute(Lorg/gradle/launcher/daemon/server/api/DaemonCommandExecution;)V+49
j  org.gradle.launcher.daemon.server.api.DaemonCommandExecution.proceed()Z+23
j  org.gradle.launcher.daemon.server.exec.EstablishBuildEnvironment.doBuild(Lorg/gradle/launcher/daemon/server/api/DaemonCommandExecution;Lorg/gradle/launcher/daemon/protocol/Build;)V+356
j  org.gradle.launcher.daemon.server.exec.BuildCommandOnly.execute(Lorg/gradle/launcher/daemon/server/api/DaemonCommandExecution;)V+49
j  org.gradle.launcher.daemon.server.api.DaemonCommandExecution.proceed()Z+23
j  org.gradle.launcher.daemon.server.exec.StartBuildOrRespondWithBusy$1.run()V+44
j  org.gradle.launcher.daemon.server.DaemonStateCoordinator.lambda$runCommand$0(Ljava/lang/Runnable;)V+1
j  org.gradle.launcher.daemon.server.DaemonStateCoordinator$$Lambda+0x000001f0511888b8.run()V+8
j  org.gradle.internal.concurrent.ExecutorPolicy$CatchAndRecordFailures.onExecute(Ljava/lang/Runnable;)V+1
j  org.gradle.internal.concurrent.AbstractManagedExecutor$1.run()V+25
j  java.util.concurrent.ThreadPoolExecutor.runWorker(Ljava/util/concurrent/ThreadPoolExecutor$Worker;)V+92 java.base@21.0.10
j  java.util.concurrent.ThreadPoolExecutor$Worker.run()V+5 java.base@21.0.10
j  java.lang.Thread.runWith(Ljava/lang/Object;Ljava/lang/Runnable;)V+5 java.base@21.0.10
j  java.lang.Thread.run()V+19 java.base@21.0.10
v  ~StubRoutines::call_stub 0x000001f04267100d

Compiled method (n/a) 3241 2017     n 0       java.lang.ClassLoader::defineClass0 (native)
 total in heap  [0x000001f042e9ed90,0x000001f042e9f350] = 1472
 relocation     [0x000001f042e9eef0,0x000001f042e9ef28] = 56
 main code      [0x000001f042e9ef40,0x000001f042e9f34c] = 1036
 stub code      [0x000001f042e9f34c,0x000001f042e9f350] = 4

[Constant Pool (empty)]

[MachCode]
[Entry Point]
  # {method} {0x000001f050434930} 'defineClass0' '(Ljava/lang/ClassLoader;Ljava/lang/Class;Ljava/lang/String;[BIILjava/security/ProtectionDomain;ZILjava/lang/Object;)Ljava/lang/Class;' in 'java/lang/ClassLoader'
  # parm0:    rdx:rdx   = 'java/lang/ClassLoader'
  # parm1:    r8:r8     = 'java/lang/Class'
  # parm2:    r9:r9     = 'java/lang/String'
  # parm3:    rdi:rdi   = '[B'
  # parm4:    rsi       = int
  # parm5:    rcx       = int
  # parm6:    [sp+0xb0]   = 'java/security/ProtectionDomain'  (sp of caller)
  # parm7:    [sp+0xb8]   = boolean
  # parm8:    [sp+0xc0]   = int
  # parm9:    [sp+0xc8]   = 'java/lang/Object'
  0x000001f042e9ef40: 448b 5208 | 49bb 0000 | 0050 f001 | 0000 4d03 | d349 3bc2 | 0f84 0600 

  0x000001f042e9ef58: ;   {runtime_call ic_miss_stub}
  0x000001f042e9ef58: 0000 e921 | f881 ff90 
[Verified Entry Point]
  0x000001f042e9ef60: 8984 2400 | 80ff ff55 | 488b ec48 | 81ec a000 | 0000 6690 | 4181 7f20 | 0500 0000 

  0x000001f042e9ef7c: ;   {runtime_call StubRoutines (final stubs)}
  0x000001f042e9ef7c: 7405 e81d | 7580 ff48 | 837d 2800 | 488d 4528 | 480f 4445 | 2848 8944 | 2458 4863 | 4520 4889 
  0x000001f042e9ef9c: 4424 5048 | 6345 1848 | 8944 2448 | 4883 7d10 | 0048 8d45 | 1048 0f44 | 4510 4889 | 4424 4048 
  0x000001f042e9efbc: 894c 2438 | 4889 7424 | 3048 897c | 2478 4883 | ff00 488d | 4424 7848 | 0f44 4424 | 7848 8944 
  0x000001f042e9efdc: 2428 4c89 | 4c24 7049 | 83f9 0048 | 8d44 2470 | 480f 4444 | 2470 4889 | 4424 204c | 8944 2468 
  0x000001f042e9effc: 4983 f800 | 4c8d 4c24 | 684c 0f44 | 4c24 6848 | 8954 2460 | 4883 fa00 | 4c8d 4424 | 604c 0f44 
  0x000001f042e9f01c: ;   {oop(a 'java/lang/Class'{0x00000000e086d808} = 'java/lang/ClassLoader')}
  0x000001f042e9f01c: 4424 6049 | be08 d886 | e000 0000 | 004c 89b4 | 2490 0000 | 004c 8db4 | 2490 0000 | 0049 8bd6 
  0x000001f042e9f03c: ;   {internal_word}
  0x000001f042e9f03c: c5f8 7749 | ba3c f0e9 | 42f0 0100 | 004d 8997 | a803 0000 | 4989 a7a0 

  0x000001f042e9f054: ;   {external_word}
  0x000001f042e9f054: 0300 0049 | bac6 5c74 | 64fd 7f00 | 0041 803a | 000f 844e | 0000 0052 | 4150 4151 

  0x000001f042e9f070: ;   {metadata({method} {0x000001f050434930} 'defineClass0' '(Ljava/lang/ClassLoader;Ljava/lang/Class;Ljava/lang/String;[BIILjava/security/ProtectionDomain;ZILjava/lang/Object;)Ljava/lang/Class;' in 'java/lang/ClassLoader')}
  0x000001f042e9f070: 48ba 2849 | 4350 f001 | 0000 498b | cf48 83ec | 2040 f6c4 | 0f0f 8419 | 0000 0048 

  0x000001f042e9f08c: ;   {runtime_call}
  0x000001f042e9f08c: 83ec 0848 | b850 e11d | 64fd 7f00 | 00ff d048 | 83c4 08e9 | 0c00 0000 

  0x000001f042e9f0a4: ;   {runtime_call}
  0x000001f042e9f0a4: 48b8 50e1 | 1d64 fd7f | 0000 ffd0 | 4883 c420 | 4159 4158 | 5a49 8d8f | c003 0000 | 41c7 874c 
  0x000001f042e9f0c4: 0400 0004 

  0x000001f042e9f0c8: ;   {runtime_call}
  0x000001f042e9f0c8: 0000 0048 | b81c 1562 | d6fe 7f00 | 00ff d0c5 | f877 41c7 | 874c 0400 | 0005 0000 | 00f0 8344 
  0x000001f042e9f0e8: 24c0 0049 | 3baf 5004 | 0000 0f87 | 0e00 0000 | 4183 bf48 | 0400 0000 | 0f84 2b00 | 0000 c5f8 
  0x000001f042e9f108: 7748 8945 | f849 8bcf | 4c8b e448 | 83ec 2048 

  0x000001f042e9f118: ;   {runtime_call}
  0x000001f042e9f118: 83e4 f048 | b8d0 52e9 | 63fd 7f00 | 00ff d049 | 8be4 4d33 | e448 8b45 | f841 c787 | 4c04 0000 
  0x000001f042e9f138: 0800 0000 | 4183 bfc8 | 0400 0002 | 0f84 d501 

  0x000001f042e9f148: ;   {external_word}
  0x000001f042e9f148: 0000 49ba | c65c 7464 | fd7f 0000 | 4180 3a00 | 0f84 4c00 | 0000 4889 

  0x000001f042e9f160: ;   {metadata({method} {0x000001f050434930} 'defineClass0' '(Ljava/lang/ClassLoader;Ljava/lang/Class;Ljava/lang/String;[BIILjava/security/ProtectionDomain;ZILjava/lang/Object;)Ljava/lang/Class;' in 'java/lang/ClassLoader')}
  0x000001f042e9f160: 45f8 48ba | 2849 4350 | f001 0000 | 498b cf48 | 83ec 2040 | f6c4 0f0f | 8419 0000 | 0048 83ec 
  0x000001f042e9f180: ;   {runtime_call}
  0x000001f042e9f180: 0848 b850 | e11d 64fd | 7f00 00ff | d048 83c4 | 08e9 0c00 

  0x000001f042e9f194: ;   {runtime_call}
  0x000001f042e9f194: 0000 48b8 | 50e1 1d64 | fd7f 0000 | ffd0 4883 | c420 488b | 45f8 49c7 | 87a0 0300 | 0000 0000 
  0x000001f042e9f1b4: 0049 c787 | a803 0000 | 0000 0000 | c5f8 7748 | 85c0 0f84 | 3001 0000 | a803 0f85 | 0800 0000 
  0x000001f042e9f1d4: 488b 00e9 | 2001 0000 | a801 0f85 | 0900 0000 | 488b 40fe | e90f 0100 | 0048 8b40 | ff41 807f 
  0x000001f042e9f1f4: 4000 0f84 | 0001 0000 | 4883 f800 | 0f84 f600 | 0000 498b | 4f28 4883 | f900 0f84 | 1400 0000 
  0x000001f042e9f214: 4883 e908 | 4989 4f28 | 4903 4f38 | 4889 01e9 | d400 0000 | 4883 ec70 | 4889 0424 | 4889 4c24 
  0x000001f042e9f234: 0848 8954 | 2410 4c89 | 4424 184c | 894c 2420 | 4c89 5424 | 284c 895c | 2430 c5fb | 1144 2440 
  0x000001f042e9f254: c5fb 114c | 2448 c5fb | 1154 2450 | c5fb 115c | 2458 c5fb | 1164 2460 | c5fb 116c | 2468 498b 
  0x000001f042e9f274: d748 8bc8 | 4883 ec20 | 40f6 c40f | 0f84 1900 | 0000 4883 

  0x000001f042e9f288: ;   {runtime_call}
  0x000001f042e9f288: ec08 48b8 | f0a0 dc63 | fd7f 0000 | ffd0 4883 | c408 e90c 

  0x000001f042e9f29c: ;   {runtime_call}
  0x000001f042e9f29c: 0000 0048 | b8f0 a0dc | 63fd 7f00 | 00ff d048 | 83c4 20c5 | fb10 6c24 | 68c5 fb10 | 6424 60c5 
  0x000001f042e9f2bc: fb10 5c24 | 58c5 fb10 | 5424 50c5 | fb10 4c24 | 48c5 fb10 | 4424 404c | 8b5c 2430 | 4c8b 5424 
  0x000001f042e9f2dc: 284c 8b4c | 2420 4c8b | 4424 1848 | 8b54 2410 | 488b 4c24 | 0848 8b04 | 2448 83c4 | 70c5 f877 
  0x000001f042e9f2fc: 498b 8f30 | 0400 00c7 | 8100 0100 | 0000 0000 | 00c9 4983 | 7f08 000f | 8501 0000 

  0x000001f042e9f318: ;   {runtime_call StubRoutines (initial stubs)}
  0x000001f042e9f318: 00c3 e9e1 | 1b7d ffc5 | f877 4889 | 45f8 4c8b | e448 83ec | 2048 83e4 

  0x000001f042e9f330: ;   {runtime_call}
  0x000001f042e9f330: f048 b8a0 | 181e 64fd | 7f00 00ff | d049 8be4 | 4d33 e448 | 8b45 f8e9 | fefd ffff 
[Stub Code]
  0x000001f042e9f34c: f4f4 f4f4 
[/MachCode]


Compiled method (c1) 3253 2563       3       java.lang.System$2::defineClass (21 bytes)
 total in heap  [0x000001f03b72f590,0x000001f03b72f970] = 992
 relocation     [0x000001f03b72f6f0,0x000001f03b72f730] = 64
 main code      [0x000001f03b72f740,0x000001f03b72f878] = 312
 stub code      [0x000001f03b72f878,0x000001f03b72f8b8] = 64
 metadata       [0x000001f03b72f8b8,0x000001f03b72f8c0] = 8
 scopes data    [0x000001f03b72f8c0,0x000001f03b72f908] = 72
 scopes pcs     [0x000001f03b72f908,0x000001f03b72f958] = 80
 dependencies   [0x000001f03b72f958,0x000001f03b72f960] = 8
 nul chk table  [0x000001f03b72f960,0x000001f03b72f970] = 16

[Constant Pool (empty)]

[MachCode]
[Entry Point]
  # {method} {0x000001f050019588} 'defineClass' '(Ljava/lang/ClassLoader;Ljava/lang/Class;Ljava/lang/String;[BLjava/security/ProtectionDomain;ZILjava/lang/Object;)Ljava/lang/Class;' in 'java/lang/System$2'
  # this:     rdx:rdx   = 'java/lang/System$2'
  # parm0:    r8:r8     = 'java/lang/ClassLoader'
  # parm1:    r9:r9     = 'java/lang/Class'
  # parm2:    rdi:rdi   = 'java/lang/String'
  # parm3:    rsi:rsi   = '[B'
  # parm4:    rcx:rcx   = 'java/security/ProtectionDomain'
  # parm5:    [sp+0x70]   = boolean  (sp of caller)
  # parm6:    [sp+0x78]   = int
  # parm7:    [sp+0x80]   = 'java/lang/Object'
  0x000001f03b72f740: 448b 5208 | 49bb 0000 | 0050 f001 | 0000 4d03 | d34c 3bd0 

  0x000001f03b72f754: ;   {runtime_call ic_miss_stub}
  0x000001f03b72f754: 0f85 26f0 | f806 660f | 1f44 0000 
[Verified Entry Point]
  0x000001f03b72f760: 8984 2400 | 80ff ff55 | 4883 ec60 | 4181 7f20 | 0500 0000 

  0x000001f03b72f774: ;   {runtime_call StubRoutines (final stubs)}
  0x000001f03b72f774: 7405 e825 | 6df7 0648 

  0x000001f03b72f77c: ;   {metadata(method data for {method} {0x000001f050019588} 'defineClass' '(Ljava/lang/ClassLoader;Ljava/lang/Class;Ljava/lang/String;[BLjava/security/ProtectionDomain;ZILjava/lang/Object;)Ljava/lang/Class;' in 'java/lang/System$2')}
  0x000001f03b72f77c: 8bd9 48b9 | 3055 9965 | f001 0000 | 8b81 cc00 | 0000 83c0 | 0289 81cc | 0000 0025 | fe07 0000 
  0x000001f03b72f79c: 85c0 0f84 | 6b00 0000 | 4c8b ac24 | 8000 0000 | 448b 5c24 | 788b 4424 | 708b 4e0c 

  0x000001f03b72f7b8: ;   {metadata(method data for {method} {0x000001f050019588} 'defineClass' '(Ljava/lang/ClassLoader;Ljava/lang/Class;Ljava/lang/String;[BLjava/security/ProtectionDomain;ZILjava/lang/Object;)Ljava/lang/Class;' in 'java/lang/System$2')}
  0x000001f03b72f7b8: 48ba 3055 | 9965 f001 | 0000 4883 | 8210 0100 | 0001 498b | d04d 8bc1 | 4c8b cf48 | 8bfe be00 
  0x000001f03b72f7d8: 0000 0048 | 891c 2489 | 4424 0844 | 895c 2410 | 4c89 6c24 

  0x000001f03b72f7ec: ;   {static_call}
  0x000001f03b72f7ec: 1866 90e8 

  0x000001f03b72f7f0: ; ImmutableOopMap {}
                      ;*invokestatic defineClass0 {reexecute=0 rethrow=0 return_oop=0}
                      ; - java.lang.System$2::defineClass@17
  0x000001f03b72f7f0: 6cf7 7607 

  0x000001f03b72f7f4: ;   {other}
  0x000001f03b72f7f4: 0f1f 8400 | 6402 0000 | 4883 c460 

  0x000001f03b72f800: ;   {poll_return}
  0x000001f03b72f800: 5d49 3ba7 | 5004 0000 | 0f87 2700 

  0x000001f03b72f80c: ;   {metadata({method} {0x000001f050019588} 'defineClass' '(Ljava/lang/ClassLoader;Ljava/lang/Class;Ljava/lang/String;[BLjava/security/ProtectionDomain;ZILjava/lang/Object;)Ljava/lang/Class;' in 'java/lang/System$2')}
  0x000001f03b72f80c: 0000 c349 | ba80 9501 | 50f0 0100 | 004c 8954 | 2408 48c7 | 0424 ffff 

  0x000001f03b72f824: ;   {runtime_call counter_overflow Runtime1 stub}
  0x000001f03b72f824: ffff e8d5 

  0x000001f03b72f828: ; ImmutableOopMap {rdx=Oop r8=Oop r9=Oop rdi=Oop rsi=Oop rbx=Oop [128]=Oop }
                      ;*synchronization entry
                      ; - java.lang.System$2::defineClass@-1
  0x000001f03b72f828: 2605 07e9 | 74ff ffff 

  0x000001f03b72f830: ;   {runtime_call throw_null_pointer_exception Runtime1 stub}
  0x000001f03b72f830: e8cb c804 

  0x000001f03b72f834: ; ImmutableOopMap {r8=Oop r9=Oop rdi=Oop rsi=Oop rbx=Oop r13=Oop [128]=Oop }
                      ;*arraylength {reexecute=0 rethrow=0 return_oop=0}
                      ; - java.lang.System$2::defineClass@8
                      ;   {internal_word}
  0x000001f03b72f834: 0749 ba01 | f872 3bf0 | 0100 004d | 8997 6804 

  0x000001f03b72f844: ;   {runtime_call SafepointBlob}
  0x000001f03b72f844: 0000 e935 | 5cf9 0649 | 8b87 0005 | 0000 49c7 | 8700 0500 | 0000 0000 | 0049 c787 | 0805 0000 
  0x000001f03b72f864: 0000 0000 | 4883 c460 

  0x000001f03b72f86c: ;   {runtime_call unwind_exception Runtime1 stub}
  0x000001f03b72f86c: 5de9 8eb9 | 0407 f4f4 | f4f4 f4f4 
[Stub Code]
  0x000001f03b72f878: ;   {no_reloc}
  0x000001f03b72f878: 48bb 0000 | 0000 0000 

  0x000001f03b72f880: ;   {runtime_call nmethod}
  0x000001f03b72f880: 0000 e9fb 

  0x000001f03b72f884: ;   {runtime_call handle_exception_from_callee Runtime1 stub}
  0x000001f03b72f884: ffff ffe8 | f4ee 0407 

  0x000001f03b72f88c: ;   {external_word}
  0x000001f03b72f88c: 48b9 4053 | 4a64 fd7f | 0000 4883 

  0x000001f03b72f898: ;   {runtime_call}
  0x000001f03b72f898: e4f0 48b8 | b0c3 0c64 | fd7f 0000 

  0x000001f03b72f8a4: ;   {section_word}
  0x000001f03b72f8a4: ffd0 f449 | baa7 f872 | 3bf0 0100 

  0x000001f03b72f8b0: ;   {runtime_call DeoptimizationBlob}
  0x000001f03b72f8b0: 0041 52e9 | 684e f906 
[/MachCode]


Compiled method (c1) 3259 2562   !   3       java.lang.invoke.MethodHandles$Lookup$ClassDefiner::defineClass (213 bytes)
 total in heap  [0x000001f03b72f990,0x000001f03b730bf0] = 4704
 relocation     [0x000001f03b72faf0,0x000001f03b72fc10] = 288
 main code      [0x000001f03b72fc20,0x000001f03b730688] = 2664
 stub code      [0x000001f03b730688,0x000001f03b730700] = 120
 metadata       [0x000001f03b730700,0x000001f03b730770] = 112
 scopes data    [0x000001f03b730770,0x000001f03b730988] = 536
 scopes pcs     [0x000001f03b730988,0x000001f03b730b48] = 448
 dependencies   [0x000001f03b730b48,0x000001f03b730b60] = 24
 handler table  [0x000001f03b730b60,0x000001f03b730ba8] = 72
 nul chk table  [0x000001f03b730ba8,0x000001f03b730bf0] = 72

[Constant Pool (empty)]

[MachCode]
[Entry Point]
  # {method} {0x000001f0501eac10} 'defineClass' '(ZLjava/lang/Object;)Ljava/lang/Class;' in 'java/lang/invoke/MethodHandles$Lookup$ClassDefiner'
  # this:     rdx:rdx   = 'java/lang/invoke/MethodHandles$Lookup$ClassDefiner'
  # parm0:    r8        = boolean
  # parm1:    r9:r9     = 'java/lang/Object'
  #           [sp+0xf0]  (sp of caller)
  0x000001f03b72fc20: 448b 5208 | 49bb 0000 | 0050 f001 | 0000 4d03 | d34c 3bd0 

  0x000001f03b72fc34: ;   {runtime_call ic_miss_stub}
  0x000001f03b72fc34: 0f85 46eb | f806 660f | 1f44 0000 
[Verified Entry Point]
  0x000001f03b72fc40: 8984 2400 | 80ff ff55 | 4881 ece0 | 0000 0090 | 4181 7f20 | 0500 0000 

  0x000001f03b72fc58: ;   {runtime_call StubRoutines (final stubs)}
  0x000001f03b72fc58: 7405 e841 | 68f7 0648 | 8994 2498 | 0000 0044 | 8984 24b0 | 0000 004c | 898c 24b8 

  0x000001f03b72fc74: ;   {metadata(method data for {method} {0x000001f0501eac10} 'defineClass' '(ZLjava/lang/Object;)Ljava/lang/Class;' in 'java/lang/invoke/MethodHandles$Lookup$ClassDefiner')}
  0x000001f03b72fc74: 0000 0048 | be58 4b99 | 65f0 0100 | 008b becc | 0000 0083 | c702 89be | cc00 0000 | 81e7 fe07 
  0x000001f03b72fc94: 0000 85ff | 0f84 6b07 | 0000 8b72 | 1048 89b4 | 2490 0000 | 0048 3b06 

  0x000001f03b72fcac: ;   {metadata(method data for {method} {0x000001f0501eac10} 'defineClass' '(ZLjava/lang/Object;)Ljava/lang/Class;' in 'java/lang/invoke/MethodHandles$Lookup$ClassDefiner')}
  0x000001f03b72fcac: 488b fe48 | bb58 4b99 | 65f0 0100 | 0048 8383 | 1001 0000 | 018b 7e10 | 4889 bc24 | a800 0000 
  0x000001f03b72fccc: ; implicit exception: dispatches to 0x000001f03b73042f
  0x000001f03b72fccc: 483b 0748 

  0x000001f03b72fcd0: ;   {metadata(method data for {method} {0x000001f0501eac10} 'defineClass' '(ZLjava/lang/Object;)Ljava/lang/Class;' in 'java/lang/invoke/MethodHandles$Lookup$ClassDefiner')}
  0x000001f03b72fcd0: 8bdf 48b8 | 584b 9965 | f001 0000 | 4883 8048 | 0100 0001 

  0x000001f03b72fce4: ;   {metadata(method data for {method} {0x000001f050469178} 'getClassLoader' '()Ljava/lang/ClassLoader;' in 'java/lang/Class')}
  0x000001f03b72fce4: 48bb e062 | 0265 f001 | 0000 8b83 | cc00 0000 | 83c0 0289 | 83cc 0000 | 0025 feff | 1f00 85c0 
  0x000001f03b72fd04: 0f84 2a07 | 0000 8b5f | 3448 85db 

  0x000001f03b72fd10: ;   {metadata(method data for {method} {0x000001f050469178} 'getClassLoader' '()Ljava/lang/ClassLoader;' in 'java/lang/Class')}
  0x000001f03b72fd10: 48b8 e062 | 0265 f001 | 0000 48c7 | c110 0100 | 0075 0748 | c7c1 2001 | 0000 4c8b | 1c08 4d8d 
  0x000001f03b72fd30: 5b01 4c89 | 1c08 0f85 | 0f00 0000 

  0x000001f03b72fd3c: ;   {oop(nullptr)}
  0x000001f03b72fd3c: 48bb 0000 | 0000 0000 | 0000 e9a2 

  0x000001f03b72fd48: ;   {metadata(method data for {method} {0x000001f050469178} 'getClassLoader' '()Ljava/lang/ClassLoader;' in 'java/lang/Class')}
  0x000001f03b72fd48: 0000 0048 | b8e0 6202 | 65f0 0100 | 0048 8380 | 3001 0000 

  0x000001f03b72fd5c: ;   {metadata(method data for {method} {0x000001f05001b1d0} 'getSecurityManager' '()Ljava/lang/SecurityManager;' in 'java/lang/System')}
  0x000001f03b72fd5c: 0148 b8a0 | 6402 65f0 | 0100 008b | 88cc 0000 | 0083 c102 | 8988 cc00 | 0000 81e1 | feff 1f00 
  0x000001f03b72fd7c: 85c9 0f84 | d106 0000 

  0x000001f03b72fd84: ;   {metadata(method data for {method} {0x000001f05001b1d0} 'getSecurityManager' '()Ljava/lang/SecurityManager;' in 'java/lang/System')}
  0x000001f03b72fd84: 48b8 a064 | 0265 f001 | 0000 4883 | 8010 0100 

  0x000001f03b72fd94: ;   {metadata(method data for {method} {0x000001f05001b2e8} 'allowSecurityManager' '()Z' in 'java/lang/System')}
  0x000001f03b72fd94: 0001 48b8 | 1866 0265 | f001 0000 | 8b88 cc00 | 0000 83c1 | 0289 88cc | 0000 0081 | e1fe ff1f 
  0x000001f03b72fdb4: 0085 c90f | 84b9 0600 

  0x000001f03b72fdbc: ;   {metadata(method data for {method} {0x000001f05001b2e8} 'allowSecurityManager' '()Z' in 'java/lang/System')}
  0x000001f03b72fdbc: 0048 b818 | 6602 65f0 | 0100 00ff | 8010 0100 

  0x000001f03b72fdcc: ;   {metadata(method data for {method} {0x000001f05001b1d0} 'getSecurityManager' '()Ljava/lang/SecurityManager;' in 'java/lang/System')}
  0x000001f03b72fdcc: 0048 b8a0 | 6402 65f0 | 0100 00ff | 8020 0100 

  0x000001f03b72fddc: ;   {metadata(method data for {method} {0x000001f050469178} 'getClassLoader' '()Ljava/lang/ClassLoader;' in 'java/lang/Class')}
  0x000001f03b72fddc: 0048 b8e0 | 6202 65f0 | 0100 00ff | 8040 0100 | 0048 85db 

  0x000001f03b72fdf0: ;   {metadata(method data for {method} {0x000001f0501eac10} 'defineClass' '(ZLjava/lang/Object;)Ljava/lang/Class;' in 'java/lang/invoke/MethodHandles$Lookup$ClassDefiner')}
  0x000001f03b72fdf0: 48b8 584b | 9965 f001 | 0000 48c7 | c180 0100 | 0074 0748 | c7c1 9001 | 0000 4c8b | 1c08 4d8d 
  0x000001f03b72fe10: 5b01 4c89 | 1c08 0f84 | 4b02 0000 

  0x000001f03b72fe1c: ;   {metadata(method data for {method} {0x000001f0501eac10} 'defineClass' '(ZLjava/lang/Object;)Ljava/lang/Class;' in 'java/lang/invoke/MethodHandles$Lookup$ClassDefiner')}
  0x000001f03b72fe1c: 488b c648 | b958 4b99 | 65f0 0100 | 0048 8381 | a001 0000 

  0x000001f03b72fe30: ;   {metadata(method data for {method} {0x000001f0503e0898} 'lookupClassProtectionDomain' '()Ljava/security/ProtectionDomain;' in 'java/lang/invoke/MethodHandles$Lookup')}
  0x000001f03b72fe30: 0148 b878 | 5399 65f0 | 0100 008b | 88cc 0000 | 0083 c102 | 8988 cc00 | 0000 81e1 | feff 1f00 
  0x000001f03b72fe50: 85c9 0f84 | 3f06 0000 | 8b46 1848 

  0x000001f03b72fe5c: ;   {metadata(method data for {method} {0x000001f0503e0898} 'lookupClassProtectionDomain' '()Ljava/security/ProtectionDomain;' in 'java/lang/invoke/MethodHandles$Lookup')}
  0x000001f03b72fe5c: 85c0 48b9 | 7853 9965 | f001 0000 | 49c7 c310 | 0100 0075 | 0749 c7c3 | 2001 0000 | 4e8b 2c19 
  0x000001f03b72fe7c: 4d8d 6d01 | 4e89 2c19 | 4889 9c24 | a000 0000 | 0f85 bf01 

  0x000001f03b72fe90: ;   {metadata(method data for {method} {0x000001f0503e0898} 'lookupClassProtectionDomain' '()Ljava/security/ProtectionDomain;' in 'java/lang/invoke/MethodHandles$Lookup')}
  0x000001f03b72fe90: 0000 48b8 | 7853 9965 | f001 0000 | 4883 8030 | 0100 0001 

  0x000001f03b72fea4: ;   {metadata(method data for {method} {0x000001f050473ea0} 'getJavaLangAccess' '()Ljdk/internal/access/JavaLangAccess;' in 'jdk/internal/access/SharedSecrets')}
  0x000001f03b72fea4: 48b8 902d | 1865 f001 | 0000 8b88 | cc00 0000 | 83c1 0289 | 88cc 0000 | 0081 e1fe | ff1f 0085 
  0x000001f03b72fec4: c90f 84ed 

  0x000001f03b72fec8: ;   {oop(a 'java/lang/Class'{0x00000000e09efae8} = 'jdk/internal/access/SharedSecrets')}
  0x000001f03b72fec8: 0500 0048 | b8e8 fa9e | e000 0000 | 008b 407c | 8b4e 1048 | 85c0 0f84 | 2a00 0000 

  0x000001f03b72fee4: ;   {metadata('java/lang/System$2')}
  0x000001f03b72fee4: 48be 6082 | 0150 f001 | 0000 448b | 7008 49ba | 0000 0050 | f001 0000 | 4d03 f249 | 3b76 380f 
  0x000001f03b72ff04: 85d0 0500 | 00e9 0000 | 0000 4c8b | d848 3b00 

  0x000001f03b72ff14: ;   {metadata(method data for {method} {0x000001f0503e0898} 'lookupClassProtectionDomain' '()Ljava/security/ProtectionDomain;' in 'java/lang/invoke/MethodHandles$Lookup')}
  0x000001f03b72ff14: 48be 7853 | 9965 f001 

  0x000001f03b72ff1c: ;   {metadata('java/lang/System$2')}
  0x000001f03b72ff1c: 0000 49ba | 6082 0150 | f001 0000 | 4c89 9650 | 0100 0048 | 8386 5801 

  0x000001f03b72ff34: ;   {metadata(method data for {method} {0x000001f0500192c8} 'protectionDomain' '(Ljava/lang/Class;)Ljava/security/ProtectionDomain;' in 'java/lang/System$2')}
  0x000001f03b72ff34: 0000 0148 | bed0 5699 | 65f0 0100 | 008b 86cc | 0000 0083 | c002 8986 | cc00 0000 | 25fe ff1f 
  0x000001f03b72ff54: 0085 c00f | 8486 0500 | 0048 3b01 

  0x000001f03b72ff60: ;   {metadata(method data for {method} {0x000001f0500192c8} 'protectionDomain' '(Ljava/lang/Class;)Ljava/security/ProtectionDomain;' in 'java/lang/System$2')}
  0x000001f03b72ff60: 488b f148 | b8d0 5699 | 65f0 0100 | 0048 8380 | 1001 0000 

  0x000001f03b72ff74: ;   {metadata(method data for {method} {0x000001f050467ed0} 'protectionDomain' '()Ljava/security/ProtectionDomain;' in 'java/lang/Class')}
  0x000001f03b72ff74: 0148 be60 | 5899 65f0 | 0100 008b | 86cc 0000 | 0083 c002 | 8986 cc00 | 0000 25fe | ff1f 0085 
  0x000001f03b72ff94: c00f 846e | 0500 0048 

  0x000001f03b72ff9c: ;   {metadata(method data for {method} {0x000001f050467ed0} 'protectionDomain' '()Ljava/security/ProtectionDomain;' in 'java/lang/Class')}
  0x000001f03b72ff9c: 8bf1 48b8 | 6058 9965 | f001 0000 | 4883 8010 | 0100 0001 | 488b d10f 

  0x000001f03b72ffb4: ;   {optimized virtual_call}
  0x000001f03b72ffb4: 1f40 00e8 

  0x000001f03b72ffb8: ; ImmutableOopMap {[144]=Oop [152]=Oop [160]=Oop [168]=Oop [184]=Oop }
                      ;*invokevirtual getProtectionDomain0 {reexecute=0 rethrow=0 return_oop=0}
                      ; - java.lang.Class::protectionDomain@1
                      ; - java.lang.System$2::protectionDomain@1
                      ; - java.lang.invoke.MethodHandles$Lookup::lookupClassProtectionDomain@17
                      ; - java.lang.invoke.MethodHandles$Lookup$ClassDefiner::defineClass@23
  0x000001f03b72ffb8: 2475 7e07 

  0x000001f03b72ffbc: ;   {other}
  0x000001f03b72ffbc: 0f1f 8400 | 2c06 0000 

  0x000001f03b72ffc4: ;   {metadata(method data for {method} {0x000001f050467ed0} 'protectionDomain' '()Ljava/security/ProtectionDomain;' in 'java/lang/Class')}
  0x000001f03b72ffc4: 4885 c049 | b860 5899 | 65f0 0100 | 0049 c7c1 | 4801 0000 | 7507 49c7 | c158 0100 | 004b 8b3c 
  0x000001f03b72ffe4: 0848 8d7f | 014b 893c | 080f 8521 | 0000 000f | 1f44 0000 

  0x000001f03b72fff8: ;   {no_reloc}
  0x000001f03b72fff8: e9a5 0500 | 0000 0000 | 0000 660f | 1f44 0000 

  0x000001f03b730008: ; implicit exception: dispatches to 0x000001f03b7305ac
  0x000001f03b730008: e9b0 0500 | 0090 90e9 | 0300 0000 | 4c8b c048 | 8bb4 2490 | 0000 0045 | 0fbe 4f40 | 4585 c90f 
  0x000001f03b730028: 859a 0500 | 004d 8bd0 | 4489 5618 | f083 4424 | c000 4c8b | ce4d 33c8 | 49c1 e914 | 4983 f900 
  0x000001f03b730048: 0f85 9505 | 0000 498b 

  0x000001f03b730050: ;   {metadata(method data for {method} {0x000001f0501eac10} 'defineClass' '(ZLjava/lang/Object;)Ljava/lang/Class;' in 'java/lang/invoke/MethodHandles$Lookup$ClassDefiner')}
  0x000001f03b730050: c049 b858 | 4b99 65f0 | 0100 0041 | ff80 d801 | 0000 e912 | 0000 0048 | 899c 24a0 

  0x000001f03b73006c: ;   {oop(nullptr)}
  0x000001f03b73006c: 0000 0048 | b800 0000 | 0000 0000 | 0048 8b9c | 24a0 0000 | 0048 8bbc | 24a8 0000 | 0048 8b94 
  0x000001f03b73008c: 2498 0000 

  0x000001f03b730090: ;   {metadata(method data for {method} {0x000001f0501eac10} 'defineClass' '(ZLjava/lang/Object;)Ljava/lang/Class;' in 'java/lang/invoke/MethodHandles$Lookup$ClassDefiner')}
  0x000001f03b730090: 0049 b858 | 4b99 65f0 | 0100 0049 | 8380 f001 

  0x000001f03b7300a0: ;   {metadata(method data for {method} {0x000001f050473ea0} 'getJavaLangAccess' '()Ljdk/internal/access/JavaLangAccess;' in 'jdk/internal/access/SharedSecrets')}
  0x000001f03b7300a0: 0000 0149 | b890 2d18 | 65f0 0100 | 0045 8b88 | cc00 0000 | 4183 c102 | 4589 88cc | 0000 0041 
  0x000001f03b7300c0: 81e1 feff | 1f00 4585 | c90f 842c 

  0x000001f03b7300cc: ;   {oop(a 'java/lang/Class'{0x00000000e09efae8} = 'jdk/internal/access/SharedSecrets')}
  0x000001f03b7300cc: 0500 0049 | b8e8 fa9e | e000 0000 | 0045 8b70 | 7c8b 7214 | 8b4a 1844 | 8b4a 0c4d | 85f6 0f84 
  0x000001f03b7300ec: 2a00 0000 

  0x000001f03b7300f0: ;   {metadata('java/lang/System$2')}
  0x000001f03b7300f0: 49bb 6082 | 0150 f001 | 0000 458b | 6e08 49ba | 0000 0050 | f001 0000 | 4d03 ea4d | 3b5d 380f 
  0x000001f03b730110: 8507 0500 | 00e9 0000 | 0000 4d8b | c649 3b06 

  0x000001f03b730120: ;   {metadata(method data for {method} {0x000001f0501eac10} 'defineClass' '(ZLjava/lang/Object;)Ljava/lang/Class;' in 'java/lang/invoke/MethodHandles$Lookup$ClassDefiner')}
  0x000001f03b730120: 4d8b c648 | ba58 4b99 | 65f0 0100 

  0x000001f03b73012c: ;   {metadata('java/lang/System$2')}
  0x000001f03b73012c: 0049 ba60 | 8201 50f0 | 0100 004c | 8992 1002 | 0000 4883 | 8218 0200 | 0001 4c8b | c349 8bd1 
  0x000001f03b73014c: 4c8b cf48 | 8bfe 488b | f148 8bc8 | 8b84 24b0 | 0000 0089 | 0424 8954 | 2408 488b | 9424 b800 
  0x000001f03b73016c: 0000 4889 | 5424 1049 

  0x000001f03b730174: ;   {optimized virtual_call}
  0x000001f03b730174: 8bd6 90e8 

  0x000001f03b730178: ; ImmutableOopMap {[152]=Oop [168]=Oop }
                      ;*invokeinterface defineClass {reexecute=0 rethrow=0 return_oop=0}
                      ; - java.lang.invoke.MethodHandles$Lookup$ClassDefiner::defineClass@57
  0x000001f03b730178: e4f5 ffff 

  0x000001f03b73017c: ;   {other}
  0x000001f03b73017c: 0f1f 8400 | ec07 0001 

  0x000001f03b730184: ;   {metadata(method data for {method} {0x000001f0501eac10} 'defineClass' '(ZLjava/lang/Object;)Ljava/lang/Class;' in 'java/lang/invoke/MethodHandles$Lookup$ClassDefiner')}
  0x000001f03b730184: 49b8 584b | 9965 f001 | 0000 41ff | 8038 0200 | 0048 8b94 | 2498 0000 | 008b 721c 

  0x000001f03b7301a0: ; implicit exception: dispatches to 0x000001f03b730626
  0x000001f03b7301a0: 483b 064c 

  0x000001f03b7301a4: ;   {metadata(method data for {method} {0x000001f0501eac10} 'defineClass' '(ZLjava/lang/Object;)Ljava/lang/Class;' in 'java/lang/invoke/MethodHandles$Lookup$ClassDefiner')}
  0x000001f03b7301a4: 8bc6 49b9 | 584b 9965 | f001 0000 | 4983 8150 | 0300 0001 | 440f be46 | 0c41 83e0 | 0145 85c0 
  0x000001f03b7301c4: ;   {metadata(method data for {method} {0x000001f0501eac10} 'defineClass' '(ZLjava/lang/Object;)Ljava/lang/Class;' in 'java/lang/invoke/MethodHandles$Lookup$ClassDefiner')}
  0x000001f03b7301c4: 49b8 584b | 9965 f001 | 0000 49c7 | c188 0300 | 0074 0749 | c7c1 9803 | 0000 4b8b | 3c08 488d 
  0x000001f03b7301e4: 7f01 4b89 | 3c08 0f84 | c401 0000 

  0x000001f03b7301f0: ;   {metadata(method data for {method} {0x000001f0501eac10} 'defineClass' '(ZLjava/lang/Object;)Ljava/lang/Class;' in 'java/lang/invoke/MethodHandles$Lookup$ClassDefiner')}
  0x000001f03b7301f0: 4c8b c249 | b958 4b99 | 65f0 0100 

  0x000001f03b7301fc: ;   {metadata('java/lang/invoke/MethodHandles$Lookup$ClassDefiner')}
  0x000001f03b7301fc: 0049 bad0 | a91e 50f0 | 0100 004d | 8991 b803 | 0000 4983 | 81c0 0300 | 0001 8b7a | 1448 85c0 
  0x000001f03b73021c: ;   {metadata(method data for {method} {0x000001f0501eac10} 'defineClass' '(ZLjava/lang/Object;)Ljava/lang/Class;' in 'java/lang/invoke/MethodHandles$Lookup$ClassDefiner')}
  0x000001f03b73021c: 49b8 584b | 9965 f001 | 0000 49c7 | c1e0 0300 | 0074 0749 | c7c1 f003 | 0000 4b8b | 1c08 488d 
  0x000001f03b73023c: 5b01 4b89 | 1c08 0f84 | 2b01 0000 | e9bd 0000 | 0048 8b94 | 2498 0000 | 0049 8b87 | 0005 0000 
  0x000001f03b73025c: 4d33 d24d | 8997 0005 | 0000 4d33 | d24d 8997 | 0805 0000 | 8b72 1c48 | 3b06 4c8b 

  0x000001f03b730278: ;   {metadata(method data for {method} {0x000001f0501eac10} 'defineClass' '(ZLjava/lang/Object;)Ljava/lang/Class;' in 'java/lang/invoke/MethodHandles$Lookup$ClassDefiner')}
  0x000001f03b730278: c649 b958 | 4b99 65f0 | 0100 0049 | 8381 8804 | 0000 0144 | 0fbe 460c | 4183 e001 

  0x000001f03b730294: ;   {metadata(method data for {method} {0x000001f0501eac10} 'defineClass' '(ZLjava/lang/Object;)Ljava/lang/Class;' in 'java/lang/invoke/MethodHandles$Lookup$ClassDefiner')}
  0x000001f03b730294: 4585 c049 | b858 4b99 | 65f0 0100 | 0049 c7c1 | c004 0000 | 7407 49c7 | c1d0 0400 | 004b 8b3c 
  0x000001f03b7302b4: 0848 8d7f | 014b 893c | 080f 8441 | 0100 004c 

  0x000001f03b7302c4: ;   {metadata(method data for {method} {0x000001f0501eac10} 'defineClass' '(ZLjava/lang/Object;)Ljava/lang/Class;' in 'java/lang/invoke/MethodHandles$Lookup$ClassDefiner')}
  0x000001f03b7302c4: 8bc2 49b9 | 584b 9965 | f001 0000 

  0x000001f03b7302d0: ;   {metadata('java/lang/invoke/MethodHandles$Lookup$ClassDefiner')}
  0x000001f03b7302d0: 49ba d0a9 | 1e50 f001 | 0000 4d89 | 91f0 0400 | 0049 8381 | f804 0000 | 018b 7a14 

  0x000001f03b7302ec: ;   {metadata(method data for {method} {0x000001f0501eac10} 'defineClass' '(ZLjava/lang/Object;)Ljava/lang/Class;' in 'java/lang/invoke/MethodHandles$Lookup$ClassDefiner')}
  0x000001f03b7302ec: 49b8 584b | 9965 f001 | 0000 41ff | 8018 0500 | 0048 8984 | 24c8 0000 | 00e9 c000 | 0000 8b52 
  0x000001f03b73030c: 184c 8bc6 

  0x000001f03b730310: ;   {metadata(method data for {method} {0x000001f0501eac10} 'defineClass' '(ZLjava/lang/Object;)Ljava/lang/Class;' in 'java/lang/invoke/MethodHandles$Lookup$ClassDefiner')}
  0x000001f03b730310: 49b9 584b | 9965 f001 | 0000 4983 | 8100 0400 | 0001 4c8b | c74c 8bc8 | 488b fa48 | 8bd6 4889 
  0x000001f03b730330: 8424 c000 

  0x000001f03b730334: ;   {optimized virtual_call}
  0x000001f03b730334: 0000 90e8 

  0x000001f03b730338: ; ImmutableOopMap {[192]=Oop }
                      ;*invokevirtual dumpClass {reexecute=0 rethrow=0 return_oop=0}
                      ; - java.lang.invoke.MethodHandles$Lookup$ClassDefiner::defineClass@134
  0x000001f03b730338: 44e7 f806 

  0x000001f03b73033c: ;   {other}
  0x000001f03b73033c: 0f1f 8400 | ac09 0002 

  0x000001f03b730344: ;   {metadata(method data for {method} {0x000001f0501eac10} 'defineClass' '(ZLjava/lang/Object;)Ljava/lang/Class;' in 'java/lang/invoke/MethodHandles$Lookup$ClassDefiner')}
  0x000001f03b730344: 49b8 584b | 9965 f001 | 0000 41ff | 8038 0400 | 0048 8b84 | 24c0 0000 | 0048 81c4 | e000 0000 
  0x000001f03b730364: ;   {poll_return}
  0x000001f03b730364: 5d49 3ba7 | 5004 0000 | 0f87 be02 | 0000 c348 | 8984 24c0 | 0000 0044 | 8b4a 184c 

  0x000001f03b730380: ;   {metadata(method data for {method} {0x000001f0501eac10} 'defineClass' '(ZLjava/lang/Object;)Ljava/lang/Class;' in 'java/lang/invoke/MethodHandles$Lookup$ClassDefiner')}
  0x000001f03b730380: 8bc6 48ba | 584b 9965 | f001 0000 | 4883 8250 | 0400 0001 | 4c8b c748 | 8bd6 0f1f 

  0x000001f03b73039c: ;   {optimized virtual_call}
  0x000001f03b73039c: 4400 00e8 

  0x000001f03b7303a0: ; ImmutableOopMap {[192]=Oop }
                      ;*invokevirtual dumpFailedClass {reexecute=0 rethrow=0 return_oop=0}
                      ; - java.lang.invoke.MethodHandles$Lookup$ClassDefiner::defineClass@150
  0x000001f03b7303a0: dce6 f806 

  0x000001f03b7303a4: ;   {other}
  0x000001f03b7303a4: 0f1f 8400 | 140a 0003 | 488b 8424 | c000 0000 | 4881 c4e0 | 0000 005d 

  0x000001f03b7303bc: ;   {poll_return}
  0x000001f03b7303bc: 493b a750 | 0400 000f | 877d 0200 | 00c3 448b | 4a18 4c8b 

  0x000001f03b7303d0: ;   {metadata(method data for {method} {0x000001f0501eac10} 'defineClass' '(ZLjava/lang/Object;)Ljava/lang/Class;' in 'java/lang/invoke/MethodHandles$Lookup$ClassDefiner')}
  0x000001f03b7303d0: c648 ba58 | 4b99 65f0 | 0100 0048 | 8382 8805 | 0000 014c | 8bc7 488b | d666 0f1f 

  0x000001f03b7303ec: ;   {optimized virtual_call}
  0x000001f03b7303ec: 4400 00e8 

  0x000001f03b7303f0: ; ImmutableOopMap {[200]=Oop }
                      ;*invokevirtual dumpFailedClass {reexecute=0 rethrow=0 return_oop=0}
                      ; - java.lang.invoke.MethodHandles$Lookup$ClassDefiner::defineClass@207
  0x000001f03b7303f0: 8ce6 f806 

  0x000001f03b7303f4: ;   {other}
  0x000001f03b7303f4: 0f1f 8400 | 640a 0004 | 488b 8424 | c800 0000 | e970 0200 

  0x000001f03b730408: ;   {metadata({method} {0x000001f0501eac10} 'defineClass' '(ZLjava/lang/Object;)Ljava/lang/Class;' in 'java/lang/invoke/MethodHandles$Lookup$ClassDefiner')}
  0x000001f03b730408: 0049 ba08 | ac1e 50f0 | 0100 004c | 8954 2408 | 48c7 0424 | ffff ffff 

  0x000001f03b730420: ;   {runtime_call counter_overflow Runtime1 stub}
  0x000001f03b730420: e8db 1a05 

  0x000001f03b730424: ; ImmutableOopMap {rdx=Oop r9=Oop [152]=Oop [184]=Oop }
                      ;*synchronization entry
                      ; - java.lang.invoke.MethodHandles$Lookup$ClassDefiner::defineClass@-1
  0x000001f03b730424: 07e9 74f8 

  0x000001f03b730428: ;   {runtime_call throw_null_pointer_exception Runtime1 stub}
  0x000001f03b730428: ffff e8d1 

  0x000001f03b73042c: ; ImmutableOopMap {rdx=Oop r9=Oop rsi=Oop [144]=Oop [152]=Oop [184]=Oop }
                      ;*invokevirtual lookupClass {reexecute=0 rethrow=0 return_oop=0}
                      ; - java.lang.invoke.MethodHandles$Lookup$ClassDefiner::defineClass@4
                      ;   {runtime_call throw_null_pointer_exception Runtime1 stub}
  0x000001f03b73042c: bc04 07e8 

  0x000001f03b730430: ; ImmutableOopMap {rdx=Oop r9=Oop rsi=Oop rdi=Oop [144]=Oop [152]=Oop [168]=Oop [184]=Oop }
                      ;*invokevirtual getClassLoader {reexecute=0 rethrow=0 return_oop=0}
                      ; - java.lang.invoke.MethodHandles$Lookup$ClassDefiner::defineClass@9
  0x000001f03b730430: ccbc 0407 

  0x000001f03b730434: ;   {metadata({method} {0x000001f050469178} 'getClassLoader' '()Ljava/lang/ClassLoader;' in 'java/lang/Class')}
  0x000001f03b730434: 49ba 7091 | 4650 f001 | 0000 4c89 | 5424 0848 | c704 24ff 

  0x000001f03b730448: ;   {runtime_call counter_overflow Runtime1 stub}
  0x000001f03b730448: ffff ffe8 

  0x000001f03b73044c: ; ImmutableOopMap {rdx=Oop r9=Oop rsi=Oop rdi=Oop [144]=Oop [152]=Oop [168]=Oop [184]=Oop }
                      ;*synchronization entry
                      ; - java.lang.Class::getClassLoader@-1
                      ; - java.lang.invoke.MethodHandles$Lookup$ClassDefiner::defineClass@9
  0x000001f03b73044c: b01a 0507 | e9b5 f8ff 

  0x000001f03b730454: ;   {metadata({method} {0x000001f05001b1d0} 'getSecurityManager' '()Ljava/lang/SecurityManager;' in 'java/lang/System')}
  0x000001f03b730454: ff49 bac8 | b101 50f0 | 0100 004c | 8954 2408 | 48c7 0424 | ffff ffff 

  0x000001f03b73046c: ;   {runtime_call counter_overflow Runtime1 stub}
  0x000001f03b73046c: e88f 1a05 

  0x000001f03b730470: ; ImmutableOopMap {rdx=Oop r9=Oop rsi=Oop rdi=Oop rbx=Oop [144]=Oop [152]=Oop [168]=Oop [184]=Oop }
                      ;*synchronization entry
                      ; - java.lang.System::getSecurityManager@-1
                      ; - java.lang.Class::getClassLoader@11
                      ; - java.lang.invoke.MethodHandles$Lookup$ClassDefiner::defineClass@9
  0x000001f03b730470: 07e9 0ef9 

  0x000001f03b730474: ;   {metadata({method} {0x000001f05001b2e8} 'allowSecurityManager' '()Z' in 'java/lang/System')}
  0x000001f03b730474: ffff 49ba | e0b2 0150 | f001 0000 | 4c89 5424 | 0848 c704 | 24ff ffff 

  0x000001f03b73048c: ;   {runtime_call counter_overflow Runtime1 stub}
  0x000001f03b73048c: ffe8 6e1a 

  0x000001f03b730490: ; ImmutableOopMap {rdx=Oop r9=Oop rsi=Oop rdi=Oop rbx=Oop [144]=Oop [152]=Oop [168]=Oop [184]=Oop }
                      ;*synchronization entry
                      ; - java.lang.System::allowSecurityManager@-1
                      ; - java.lang.System::getSecurityManager@0
                      ; - java.lang.Class::getClassLoader@11
                      ; - java.lang.invoke.MethodHandles$Lookup$ClassDefiner::defineClass@9
  0x000001f03b730490: 0507 e926 

  0x000001f03b730494: ;   {metadata({method} {0x000001f0503e0898} 'lookupClassProtectionDomain' '()Ljava/security/ProtectionDomain;' in 'java/lang/invoke/MethodHandles$Lookup')}
  0x000001f03b730494: f9ff ff49 | ba90 083e | 50f0 0100 | 004c 8954 | 2408 48c7 | 0424 ffff 

  0x000001f03b7304ac: ;   {runtime_call counter_overflow Runtime1 stub}
  0x000001f03b7304ac: ffff e84d 

  0x000001f03b7304b0: ; ImmutableOopMap {rdx=Oop r9=Oop rsi=Oop rdi=Oop rbx=Oop [144]=Oop [152]=Oop [168]=Oop [184]=Oop }
                      ;*synchronization entry
                      ; - java.lang.invoke.MethodHandles$Lookup::lookupClassProtectionDomain@-1
                      ; - java.lang.invoke.MethodHandles$Lookup$ClassDefiner::defineClass@23
  0x000001f03b7304b0: 1a05 07e9 | a0f9 ffff 

  0x000001f03b7304b8: ;   {metadata({method} {0x000001f050473ea0} 'getJavaLangAccess' '()Ljdk/internal/access/JavaLangAccess;' in 'jdk/internal/access/SharedSecrets')}
  0x000001f03b7304b8: 49ba 983e | 4750 f001 | 0000 4c89 | 5424 0848 | c704 24ff 

  0x000001f03b7304cc: ;   {runtime_call counter_overflow Runtime1 stub}
  0x000001f03b7304cc: ffff ffe8 

  0x000001f03b7304d0: ; ImmutableOopMap {rsi=Oop [144]=Oop [152]=Oop [160]=Oop [168]=Oop [184]=Oop }
                      ;*synchronization entry
                      ; - jdk.internal.access.SharedSecrets::getJavaLangAccess@-1
                      ; - java.lang.invoke.MethodHandles$Lookup::lookupClassProtectionDomain@10
                      ; - java.lang.invoke.MethodHandles$Lookup$ClassDefiner::defineClass@23
  0x000001f03b7304d0: 2c1a 0507 | e9f2 f9ff 

  0x000001f03b7304d8: ;   {runtime_call throw_incompatible_class_change_error Runtime1 stub}
  0x000001f03b7304d8: ffe8 a2eb 

  0x000001f03b7304dc: ; ImmutableOopMap {rax=Oop rcx=Oop [144]=Oop [152]=Oop [160]=Oop [168]=Oop [184]=Oop }
                      ;*invokeinterface protectionDomain {reexecute=0 rethrow=0 return_oop=0}
                      ; - java.lang.invoke.MethodHandles$Lookup::lookupClassProtectionDomain@17
                      ; - java.lang.invoke.MethodHandles$Lookup$ClassDefiner::defineClass@23
                      ;   {runtime_call throw_null_pointer_exception Runtime1 stub}
  0x000001f03b7304dc: 0407 e81d 

  0x000001f03b7304e0: ; ImmutableOopMap {rax=Oop rcx=Oop [144]=Oop [152]=Oop [160]=Oop [168]=Oop [184]=Oop }
                      ;*invokeinterface protectionDomain {reexecute=0 rethrow=0 return_oop=0}
                      ; - java.lang.invoke.MethodHandles$Lookup::lookupClassProtectionDomain@17
                      ; - java.lang.invoke.MethodHandles$Lookup$ClassDefiner::defineClass@23
                      ;   {metadata({method} {0x000001f0500192c8} 'protectionDomain' '(Ljava/lang/Class;)Ljava/security/ProtectionDomain;' in 'java/lang/System$2')}
  0x000001f03b7304e0: bc04 0749 | bac0 9201 | 50f0 0100 | 004c 8954 | 2408 48c7 | 0424 ffff 

  0x000001f03b7304f8: ;   {runtime_call counter_overflow Runtime1 stub}
  0x000001f03b7304f8: ffff e801 

  0x000001f03b7304fc: ; ImmutableOopMap {rcx=Oop [144]=Oop [152]=Oop [160]=Oop [168]=Oop [184]=Oop }
                      ;*synchronization entry
                      ; - java.lang.System$2::protectionDomain@-1
                      ; - java.lang.invoke.MethodHandles$Lookup::lookupClassProtectionDomain@17
                      ; - java.lang.invoke.MethodHandles$Lookup$ClassDefiner::defineClass@23
  0x000001f03b7304fc: 1a05 07e9 | 59fa ffff 

  0x000001f03b730504: ;   {runtime_call throw_null_pointer_exception Runtime1 stub}
  0x000001f03b730504: e8f7 bb04 

  0x000001f03b730508: ; ImmutableOopMap {rcx=Oop [144]=Oop [152]=Oop [160]=Oop [168]=Oop [184]=Oop }
                      ;*invokevirtual protectionDomain {reexecute=0 rethrow=0 return_oop=0}
                      ; - java.lang.System$2::protectionDomain@1
                      ; - java.lang.invoke.MethodHandles$Lookup::lookupClassProtectionDomain@17
                      ; - java.lang.invoke.MethodHandles$Lookup$ClassDefiner::defineClass@23
                      ;   {metadata({method} {0x000001f050467ed0} 'protectionDomain' '()Ljava/security/ProtectionDomain;' in 'java/lang/Class')}
  0x000001f03b730508: 0749 bac8 | 7e46 50f0 | 0100 004c | 8954 2408 | 48c7 0424 | ffff ffff 

  0x000001f03b730520: ;   {runtime_call counter_overflow Runtime1 stub}
  0x000001f03b730520: e8db 1905 

  0x000001f03b730524: ; ImmutableOopMap {rcx=Oop [144]=Oop [152]=Oop [160]=Oop [168]=Oop [184]=Oop }
                      ;*synchronization entry
                      ; - java.lang.Class::protectionDomain@-1
                      ; - java.lang.System$2::protectionDomain@1
                      ; - java.lang.invoke.MethodHandles$Lookup::lookupClassProtectionDomain@17
                      ; - java.lang.invoke.MethodHandles$Lookup$ClassDefiner::defineClass@23
  0x000001f03b730524: 07e9 71fa 

  0x000001f03b730528: ;   {oop(nullptr)}
  0x000001f03b730528: ffff 49b8 | 0000 0000 | 0000 0000 | 5053 498b | 5810 5756 | 5251 4150 | 4151 4152 | 4153 4883 
  0x000001f03b730548: ec20 40f6 | c40f 0f84 | 1900 0000 | 4883 ec08 

  0x000001f03b730558: ;   {runtime_call}
  0x000001f03b730558: 48b8 a0a0 | aa63 fd7f | 0000 ffd0 | 4883 c408 | e90c 0000 

  0x000001f03b73056c: ;   {runtime_call}
  0x000001f03b73056c: 0048 b8a0 | a0aa 63fd | 7f00 00ff | d048 83c4 | 2041 5b41 | 5a41 5941 | 5859 5a5e | 5f48 3b83 
  0x000001f03b73058c: 3801 0000 | 5b58 0f85 | 0a00 0000 | e965 faff | ffb8 0078 

  0x000001f03b7305a0: ;   {runtime_call load_mirror_patching Runtime1 stub}
  0x000001f03b7305a0: 6e0a e859 

  0x000001f03b7305a4: ; ImmutableOopMap {[144]=Oop [152]=Oop [160]=Oop [168]=Oop [184]=Oop }
                      ;*getstatic allPermDomain {reexecute=1 rethrow=0 return_oop=0}
                      ; - (reexecute) java.lang.Class::protectionDomain@9
                      ; - java.lang.System$2::protectionDomain@1
                      ; - java.lang.invoke.MethodHandles$Lookup::lookupClassProtectionDomain@17
                      ; - java.lang.invoke.MethodHandles$Lookup$ClassDefiner::defineClass@23
  0x000001f03b7305a4: 0d05 07e9 | 4cfa ffff 

  0x000001f03b7305ac: ;   {runtime_call throw_null_pointer_exception Runtime1 stub}
  0x000001f03b7305ac: e84f bb04 

  0x000001f03b7305b0: ; ImmutableOopMap {r8=Oop [144]=Oop [152]=Oop [160]=Oop [168]=Oop [184]=Oop }
                      ;*getstatic allPermDomain {reexecute=1 rethrow=0 return_oop=0}
                      ; - (reexecute) java.lang.Class::protectionDomain@9
                      ; - java.lang.System$2::protectionDomain@1
                      ; - java.lang.invoke.MethodHandles$Lookup::lookupClassProtectionDomain@17
                      ; - java.lang.invoke.MethodHandles$Lookup$ClassDefiner::defineClass@23
  0x000001f03b7305b0: 0745 8b80 | 0000 0000 | b800 0c05 

  0x000001f03b7305bc: ;   {runtime_call access_field_patching Runtime1 stub}
  0x000001f03b7305bc: 07e8 3e04 

  0x000001f03b7305c0: ; ImmutableOopMap {r8=Oop [144]=Oop [152]=Oop [160]=Oop [168]=Oop [184]=Oop }
                      ;*getstatic allPermDomain {reexecute=1 rethrow=0 return_oop=0}
                      ; - (reexecute) java.lang.Class::protectionDomain@9
                      ; - java.lang.System$2::protectionDomain@1
                      ; - java.lang.invoke.MethodHandles$Lookup::lookupClassProtectionDomain@17
                      ; - java.lang.invoke.MethodHandles$Lookup$ClassDefiner::defineClass@23
  0x000001f03b7305c0: 0507 e941 | faff ff44 | 8b4e 1849 | 83f9 000f | 8458 faff | ff4c 890c 

  0x000001f03b7305d8: ;   {runtime_call g1_pre_barrier_slow}
  0x000001f03b7305d8: 24e8 221f | 0507 e94a | faff ff49 | 83f8 000f | 8461 faff | ff48 8934 

  0x000001f03b7305f0: ;   {runtime_call g1_post_barrier_slow}
  0x000001f03b7305f0: 24e8 0a22 | 0507 e953 

  0x000001f03b7305f8: ;   {metadata({method} {0x000001f050473ea0} 'getJavaLangAccess' '()Ljdk/internal/access/JavaLangAccess;' in 'jdk/internal/access/SharedSecrets')}
  0x000001f03b7305f8: faff ff49 | ba98 3e47 | 50f0 0100 | 004c 8954 | 2408 48c7 | 0424 ffff 

  0x000001f03b730610: ;   {runtime_call counter_overflow Runtime1 stub}
  0x000001f03b730610: ffff e8e9 

  0x000001f03b730614: ; ImmutableOopMap {rax=Oop rdi=Oop rbx=Oop rdx=Oop [152]=Oop [168]=Oop [184]=Oop }
                      ;*synchronization entry
                      ; - jdk.internal.access.SharedSecrets::getJavaLangAccess@-1
                      ; - java.lang.invoke.MethodHandles$Lookup$ClassDefiner::defineClass@35
  0x000001f03b730614: 1805 07e9 | b3fa ffff 

  0x000001f03b73061c: ;   {runtime_call throw_incompatible_class_change_error Runtime1 stub}
  0x000001f03b73061c: e85f ea04 

  0x000001f03b730620: ; ImmutableOopMap {rax=Oop rdi=Oop rbx=Oop r14=Oop rsi=Oop rcx=Oop [152]=Oop [168]=Oop [184]=Oop }
                      ;*invokeinterface defineClass {reexecute=0 rethrow=0 return_oop=0}
                      ; - java.lang.invoke.MethodHandles$Lookup$ClassDefiner::defineClass@57
                      ;   {runtime_call throw_null_pointer_exception Runtime1 stub}
  0x000001f03b730620: 07e8 daba 

  0x000001f03b730624: ; ImmutableOopMap {rax=Oop rdi=Oop rbx=Oop r14=Oop rsi=Oop rcx=Oop [152]=Oop [168]=Oop [184]=Oop }
                      ;*invokeinterface defineClass {reexecute=0 rethrow=0 return_oop=0}
                      ; - java.lang.invoke.MethodHandles$Lookup$ClassDefiner::defineClass@57
                      ;   {runtime_call throw_null_pointer_exception Runtime1 stub}
  0x000001f03b730624: 0407 e8d5 

  0x000001f03b730628: ; ImmutableOopMap {rax=Oop rdx=Oop rsi=Oop [152]=Oop }
                      ;*invokevirtual isEnabled {reexecute=0 rethrow=0 return_oop=0}
                      ; - java.lang.invoke.MethodHandles$Lookup$ClassDefiner::defineClass@105
                      ;   {runtime_call throw_null_pointer_exception Runtime1 stub}
  0x000001f03b730628: ba04 07e8 

  0x000001f03b73062c: ; ImmutableOopMap {rdx=Oop rax=Oop rsi=Oop [152]=Oop }
                      ;*invokevirtual isEnabled {reexecute=0 rethrow=0 return_oop=0}
                      ; - java.lang.invoke.MethodHandles$Lookup$ClassDefiner::defineClass@162
  0x000001f03b73062c: d0ba 0407 

  0x000001f03b730630: ;   {internal_word}
  0x000001f03b730630: 49ba 6503 | 733b f001 | 0000 4d89 | 9768 0400 

  0x000001f03b730640: ;   {runtime_call SafepointBlob}
  0x000001f03b730640: 00e9 3a4e 

  0x000001f03b730644: ;   {internal_word}
  0x000001f03b730644: f906 49ba | bc03 733b | f001 0000 | 4d89 9768 

  0x000001f03b730654: ;   {runtime_call SafepointBlob}
  0x000001f03b730654: 0400 00e9 | 244e f906 | 498b 8700 | 0500 0049 | c787 0005 | 0000 0000 | 0000 49c7 | 8708 0500 
  0x000001f03b730674: 0000 0000 | 0048 81c4 | e000 0000 

  0x000001f03b730680: ;   {runtime_call unwind_exception Runtime1 stub}
  0x000001f03b730680: 5de9 7aab | 0407 f4f4 
[Stub Code]
  0x000001f03b730688: ;   {no_reloc}
  0x000001f03b730688: 0f1f 4400 

  0x000001f03b73068c: ;   {static_stub}
  0x000001f03b73068c: 0048 bb00 | 0000 0000 

  0x000001f03b730694: ;   {runtime_call nmethod}
  0x000001f03b730694: 0000 00e9 | fbff ffff 

  0x000001f03b73069c: ;   {static_stub}
  0x000001f03b73069c: 48bb 607e | 4650 f001 

  0x000001f03b7306a4: ;   {runtime_call I2C/C2I adapters}
  0x000001f03b7306a4: 0000 e9b8 

  0x000001f03b7306a8: ;   {static_stub}
  0x000001f03b7306a8: 2df9 0648 | bb00 0000 | 0000 0000 

  0x000001f03b7306b4: ;   {runtime_call nmethod}
  0x000001f03b7306b4: 00e9 fbff 

  0x000001f03b7306b8: ;   {static_stub}
  0x000001f03b7306b8: ffff 48bb | 0000 0000 | 0000 0000 

  0x000001f03b7306c4: ;   {runtime_call nmethod}
  0x000001f03b7306c4: e9fb ffff 

  0x000001f03b7306c8: ;   {runtime_call handle_exception_from_callee Runtime1 stub}
  0x000001f03b7306c8: ffe8 b2e0 

  0x000001f03b7306cc: ;   {external_word}
  0x000001f03b7306cc: 0407 48b9 | 4053 4a64 | fd7f 0000 | 4883 e4f0 

  0x000001f03b7306dc: ;   {runtime_call}
  0x000001f03b7306dc: 48b8 b0c3 | 0c64 fd7f | 0000 ffd0 

  0x000001f03b7306e8: ;   {section_word}
  0x000001f03b7306e8: f449 bae9 | 0673 3bf0 | 0100 0041 

  0x000001f03b7306f4: ;   {runtime_call DeoptimizationBlob}
  0x000001f03b7306f4: 52e9 2640 | f906 f4f4 | f4f4 f4f4 
[/MachCode]


---------------  P R O C E S S  ---------------

Threads class SMR info:
_java_thread_list=0x000001f06f17ef90, length=42, elements={
0x000001f038021120, 0x000001f04f26ccd0, 0x000001f04f26d730, 0x000001f04f26e190,
0x000001f04f26ebf0, 0x000001f04f273660, 0x000001f04f27a620, 0x000001f04f27b610,
0x000001f04f41a070, 0x000001f04f4e7000, 0x000001f04f71e050, 0x000001f04f7199c0,
0x000001f04f6dadf0, 0x000001f04f6db4a0, 0x000001f04f64edb0, 0x000001f04f9d8eb0,
0x000001f04fbe44d0, 0x000001f0693872f0, 0x000001f06a455150, 0x000001f06a426450,
0x000001f06a424990, 0x000001f06a644e90, 0x000001f06a645500, 0x000001f06a4f8bc0,
0x000001f06a38d900, 0x000001f06a390d80, 0x000001f06a38df90, 0x000001f06a38e620,
0x000001f06a38f9d0, 0x000001f06a390060, 0x000001f06a38ecb0, 0x000001f06a3906f0,
0x000001f06dcd35b0, 0x000001f06dcd3c40, 0x000001f06dcd0e50, 0x000001f06dcd14e0,
0x000001f06dcd2f20, 0x000001f06dcd07c0, 0x000001f06dcd1b70, 0x000001f06dcd2200,
0x000001f06dcd2890, 0x000001f06df7fdf0
}

Java Threads: ( => current thread )
  0x000001f038021120 JavaThread "main"                              [_thread_blocked, id=3360, stack(0x0000002084400000,0x0000002084500000) (1024K)]
  0x000001f04f26ccd0 JavaThread "Reference Handler"          daemon [_thread_blocked, id=10560, stack(0x0000002084c00000,0x0000002084d00000) (1024K)]
  0x000001f04f26d730 JavaThread "Finalizer"                  daemon [_thread_blocked, id=12120, stack(0x0000002084d00000,0x0000002084e00000) (1024K)]
  0x000001f04f26e190 JavaThread "Signal Dispatcher"          daemon [_thread_blocked, id=27508, stack(0x0000002084e00000,0x0000002084f00000) (1024K)]
  0x000001f04f26ebf0 JavaThread "Attach Listener"            daemon [_thread_blocked, id=35784, stack(0x0000002084f00000,0x0000002085000000) (1024K)]
  0x000001f04f273660 JavaThread "Service Thread"             daemon [_thread_blocked, id=29244, stack(0x0000002085000000,0x0000002085100000) (1024K)]
  0x000001f04f27a620 JavaThread "Monitor Deflation Thread"   daemon [_thread_blocked, id=26876, stack(0x0000002085100000,0x0000002085200000) (1024K)]
  0x000001f04f27b610 JavaThread "C2 CompilerThread0"         daemon [_thread_blocked, id=41340, stack(0x0000002085200000,0x0000002085300000) (1024K)]
  0x000001f04f41a070 JavaThread "C1 CompilerThread0"         daemon [_thread_blocked, id=45756, stack(0x0000002085300000,0x0000002085400000) (1024K)]
  0x000001f04f4e7000 JavaThread "C1 CompilerThread1"         daemon [_thread_blocked, id=49480, stack(0x0000002085400000,0x0000002085500000) (1024K)]
  0x000001f04f71e050 JavaThread "Common-Cleaner"             daemon [_thread_blocked, id=46548, stack(0x0000002085500000,0x0000002085600000) (1024K)]
  0x000001f04f7199c0 JavaThread "Notification Thread"        daemon [_thread_blocked, id=8172, stack(0x0000002085600000,0x0000002085700000) (1024K)]
  0x000001f04f6dadf0 JavaThread "C2 CompilerThread1"         daemon [_thread_blocked, id=2388, stack(0x0000002085700000,0x0000002085800000) (1024K)]
  0x000001f04f6db4a0 JavaThread "C2 CompilerThread2"         daemon [_thread_blocked, id=3904, stack(0x0000002085800000,0x0000002085900000) (1024K)]
  0x000001f04f64edb0 JavaThread "C2 CompilerThread3"         daemon [_thread_blocked, id=26288, stack(0x0000002085900000,0x0000002085a00000) (1024K)]
  0x000001f04f9d8eb0 JavaThread "C2 CompilerThread4"         daemon [_thread_blocked, id=30048, stack(0x0000002085a00000,0x0000002085b00000) (1024K)]
  0x000001f04fbe44d0 JavaThread "C1 CompilerThread2"         daemon [_thread_blocked, id=19200, stack(0x0000002086000000,0x0000002086100000) (1024K)]
  0x000001f0693872f0 JavaThread "C1 CompilerThread3"         daemon [_thread_blocked, id=11836, stack(0x0000002086100000,0x0000002086200000) (1024K)]
  0x000001f06a455150 JavaThread "Daemon health stats"               [_thread_blocked, id=26240, stack(0x0000002086200000,0x0000002086300000) (1024K)]
  0x000001f06a426450 JavaThread "Incoming local TCP Connector on port 59316"        [_thread_in_native, id=23696, stack(0x0000002086300000,0x0000002086400000) (1024K)]
  0x000001f06a424990 JavaThread "Daemon periodic checks"            [_thread_blocked, id=39496, stack(0x0000002086400000,0x0000002086500000) (1024K)]
  0x000001f06a644e90 JavaThread "Daemon"                            [_thread_blocked, id=40172, stack(0x0000002086500000,0x0000002086600000) (1024K)]
  0x000001f06a645500 JavaThread "Handler for socket connection from /127.0.0.1:59316 to /127.0.0.1:59317"        [_thread_in_native, id=20552, stack(0x0000002086600000,0x0000002086700000) (1024K)]
  0x000001f06a4f8bc0 JavaThread "Cancel handler"                    [_thread_blocked, id=29276, stack(0x0000002086700000,0x0000002086800000) (1024K)]
=>0x000001f06a38d900 JavaThread "Daemon worker"                     [_thread_in_vm, id=40068, stack(0x0000002086800000,0x0000002086900000) (1024K)]
  0x000001f06a390d80 JavaThread "Asynchronous log dispatcher for DefaultDaemonConnection: socket connection from /127.0.0.1:59316 to /127.0.0.1:59317"        [_thread_blocked, id=21628, stack(0x0000002086900000,0x0000002086a00000) (1024K)]
  0x000001f06a38df90 JavaThread "Stdin handler"                     [_thread_blocked, id=42196, stack(0x0000002086a00000,0x0000002086b00000) (1024K)]
  0x000001f06a38e620 JavaThread "Daemon client event forwarder"        [_thread_blocked, id=25684, stack(0x0000002086b00000,0x0000002086c00000) (1024K)]
  0x000001f06a38f9d0 JavaThread "Cache worker for journal cache (C:\Users\LEGION\.gradle\caches\journal-1)"        [_thread_blocked, id=50240, stack(0x0000002087a00000,0x0000002087b00000) (1024K)]
  0x000001f06a390060 JavaThread "File lock request listener"        [_thread_in_native, id=19068, stack(0x0000002087b00000,0x0000002087c00000) (1024K)]
  0x000001f06a38ecb0 JavaThread "Cache worker for file hash cache (C:\Users\LEGION\.gradle\caches\8.9\fileHashes)"        [_thread_blocked, id=45744, stack(0x0000002087c00000,0x0000002087d00000) (1024K)]
  0x000001f06a3906f0 JavaThread "Cache worker for file hash cache (C:\Users\LEGION\Documents\Projects\Fivgo-FP-PROJECT\Customer\node_modules\@capacitor\android\capacitor\.gradle\8.9\fileHashes)"        [_thread_blocked, id=50764, stack(0x0000002088100000,0x0000002088200000) (1024K)]
  0x000001f06dcd35b0 JavaThread "Cache worker for Build Output Cleanup Cache (C:\Users\LEGION\Documents\Projects\Fivgo-FP-PROJECT\Customer\node_modules\@capacitor\android\capacitor\.gradle\buildOutputCleanup)"        [_thread_blocked, id=44264, stack(0x0000002088200000,0x0000002088300000) (1024K)]
  0x000001f06dcd3c40 JavaThread "File watcher server"        daemon [_thread_in_native, id=30416, stack(0x0000002088300000,0x0000002088400000) (1024K)]
  0x000001f06dcd0e50 JavaThread "File watcher consumer"      daemon [_thread_blocked, id=45316, stack(0x0000002088400000,0x0000002088500000) (1024K)]
  0x000001f06dcd14e0 JavaThread "Cache worker for checksums cache (C:\Users\LEGION\Documents\Projects\Fivgo-FP-PROJECT\Customer\node_modules\@capacitor\android\capacitor\.gradle\8.9\checksums)"        [_thread_blocked, id=38016, stack(0x0000002088500000,0x0000002088600000) (1024K)]
  0x000001f06dcd2f20 JavaThread "Cache worker for file content cache (C:\Users\LEGION\.gradle\caches\8.9\fileContent)"        [_thread_blocked, id=32992, stack(0x0000002088600000,0x0000002088700000) (1024K)]
  0x000001f06dcd07c0 JavaThread "Cache worker for cache directory md-rule (C:\Users\LEGION\.gradle\caches\8.9\md-rule)"        [_thread_blocked, id=2172, stack(0x0000002088700000,0x0000002088800000) (1024K)]
  0x000001f06dcd1b70 JavaThread "Cache worker for cache directory md-supplier (C:\Users\LEGION\.gradle\caches\8.9\md-supplier)"        [_thread_blocked, id=42684, stack(0x0000002088800000,0x0000002088900000) (1024K)]
  0x000001f06dcd2200 JavaThread "jar transforms"                    [_thread_blocked, id=21328, stack(0x0000002088900000,0x0000002088a00000) (1024K)]
  0x000001f06dcd2890 JavaThread "jar transforms Thread 2"           [_thread_blocked, id=7392, stack(0x0000002088a00000,0x0000002088b00000) (1024K)]
  0x000001f06df7fdf0 JavaThread "jar transforms Thread 3"           [_thread_blocked, id=50664, stack(0x0000002088b00000,0x0000002088c00000) (1024K)]
Total: 42

Other Threads:
  0x000001f04f250a70 VMThread "VM Thread"                           [id=42528, stack(0x0000002084b00000,0x0000002084c00000) (1024K)]
  0x000001f04f4119e0 WatcherThread "VM Periodic Task Thread"        [id=32188, stack(0x0000002084a00000,0x0000002084b00000) (1024K)]
  0x000001f03804e0d0 WorkerThread "GC Thread#0"                     [id=51164, stack(0x0000002084500000,0x0000002084600000) (1024K)]
  0x000001f04f809fc0 WorkerThread "GC Thread#1"                     [id=49504, stack(0x0000002085b00000,0x0000002085c00000) (1024K)]
  0x000001f069104a20 WorkerThread "GC Thread#2"                     [id=46600, stack(0x0000002085c00000,0x0000002085d00000) (1024K)]
  0x000001f0690e8590 WorkerThread "GC Thread#3"                     [id=36144, stack(0x0000002085d00000,0x0000002085e00000) (1024K)]
  0x000001f06911d9f0 WorkerThread "GC Thread#4"                     [id=36072, stack(0x0000002085e00000,0x0000002085f00000) (1024K)]
  0x000001f06911e8b0 WorkerThread "GC Thread#5"                     [id=24552, stack(0x0000002085f00000,0x0000002086000000) (1024K)]
  0x000001f06a49e7f0 WorkerThread "GC Thread#6"                     [id=18916, stack(0x0000002086c00000,0x0000002086d00000) (1024K)]
  0x000001f06a49ef50 WorkerThread "GC Thread#7"                     [id=37168, stack(0x0000002086d00000,0x0000002086e00000) (1024K)]
  0x000001f06a49d1d0 WorkerThread "GC Thread#8"                     [id=50680, stack(0x0000002086e00000,0x0000002086f00000) (1024K)]
  0x000001f06a49f300 WorkerThread "GC Thread#9"                     [id=24912, stack(0x0000002086f00000,0x0000002087000000) (1024K)]
  0x000001f06a49e440 WorkerThread "GC Thread#10"                    [id=37840, stack(0x0000002087000000,0x0000002087100000) (1024K)]
  0x000001f06a49f6b0 WorkerThread "GC Thread#11"                    [id=19692, stack(0x0000002087100000,0x0000002087200000) (1024K)]
  0x000001f06a49c6c0 WorkerThread "GC Thread#12"                    [id=27068, stack(0x0000002087200000,0x0000002087300000) (1024K)]
  0x000001f06a49bbb0 WorkerThread "GC Thread#13"                    [id=31472, stack(0x0000002087300000,0x0000002087400000) (1024K)]
  0x000001f06a49bf60 WorkerThread "GC Thread#14"                    [id=27580, stack(0x0000002087400000,0x0000002087500000) (1024K)]
  0x000001f06a49ca70 WorkerThread "GC Thread#15"                    [id=20828, stack(0x0000002087500000,0x0000002087600000) (1024K)]
  0x000001f06a49ce20 WorkerThread "GC Thread#16"                    [id=18124, stack(0x0000002087600000,0x0000002087700000) (1024K)]
  0x000001f06a49d580 WorkerThread "GC Thread#17"                    [id=30772, stack(0x0000002087700000,0x0000002087800000) (1024K)]
  0x000001f06a49d930 WorkerThread "GC Thread#18"                    [id=18216, stack(0x0000002087800000,0x0000002087900000) (1024K)]
  0x000001f06a49dce0 WorkerThread "GC Thread#19"                    [id=9444, stack(0x0000002087900000,0x0000002087a00000) (1024K)]
  0x000001f038052e20 ConcurrentGCThread "G1 Main Marker"            [id=33200, stack(0x0000002084600000,0x0000002084700000) (1024K)]
  0x000001f038055310 WorkerThread "G1 Conc#0"                       [id=4520, stack(0x0000002084700000,0x0000002084800000) (1024K)]
  0x000001f06d294200 WorkerThread "G1 Conc#1"                       [id=23956, stack(0x0000002087d00000,0x0000002087e00000) (1024K)]
  0x000001f06d2950c0 WorkerThread "G1 Conc#2"                       [id=26436, stack(0x0000002087e00000,0x0000002087f00000) (1024K)]
  0x000001f06d2945b0 WorkerThread "G1 Conc#3"                       [id=16736, stack(0x0000002087f00000,0x0000002088000000) (1024K)]
  0x000001f06d294960 WorkerThread "G1 Conc#4"                       [id=43352, stack(0x0000002088000000,0x0000002088100000) (1024K)]
  0x000001f04f194780 ConcurrentGCThread "G1 Refine#0"               [id=39080, stack(0x0000002084800000,0x0000002084900000) (1024K)]
  0x000001f04f194fb0 ConcurrentGCThread "G1 Service"                [id=11068, stack(0x0000002084900000,0x0000002084a00000) (1024K)]
Total: 30

Threads with active compile tasks:
Total: 0

VM state: not at safepoint (normal execution)

VM Mutex/Monitor currently owned by a thread:  ([mutex/lock_event])
[0x00007ffd6475c4e0] Metaspace_lock - owner thread: 0x000001f06a38d900

Heap address: 0x00000000e0000000, size: 512 MB, Compressed Oops mode: 32-bit

CDS archive(s) mapped at: [0x000001f050000000-0x000001f050ba0000-0x000001f050ba0000), size 12189696, SharedBaseAddress: 0x000001f050000000, ArchiveRelocationMode: 1.
Compressed class space mapped at: 0x000001f051000000-0x000001f065000000, reserved size: 335544320
Narrow klass base: 0x000001f050000000, Narrow klass shift: 0, Narrow klass range: 0x100000000

GC Precious Log:
 CardTable entry size: 512
 Card Set container configuration: InlinePtr #cards 5 size 8 Array Of Cards #cards 12 size 40 Howl #buckets 4 coarsen threshold 1843 Howl Bitmap #cards 512 size 80 coarsen threshold 460 Card regions per heap region 1 cards per card region 2048
 CPUs: 28 total, 28 available
 Memory: 16107M
 Large Page Support: Disabled
 NUMA Support: Disabled
 Compressed Oops: Enabled (32-bit)
 Heap Region Size: 1M
 Heap Min Capacity: 256M
 Heap Initial Capacity: 256M
 Heap Max Capacity: 512M
 Pre-touch: Disabled
 Parallel Workers: 20
 Concurrent Workers: 5
 Concurrent Refinement Workers: 20
 Periodic GC: Disabled

Heap:
 garbage-first heap   total 262144K, used 123653K [0x00000000e0000000, 0x0000000100000000)
  region size 1024K, 95 young (97280K), 12 survivors (12288K)
 Metaspace       used 42648K, committed 44032K, reserved 393216K
  class space    used 6122K, committed 6784K, reserved 327680K

Heap Regions: E=young(eden), S=young(survivor), O=old, HS=humongous(starts), HC=humongous(continues), CS=collection set, F=free, TAMS=top-at-mark-start, PB=parsable bottom
|   0|0x00000000e0000000, 0x00000000e0100000, 0x00000000e0100000|100%|HS|  |TAMS 0x00000000e0000000| PB 0x00000000e0000000| Complete 
|   1|0x00000000e0100000, 0x00000000e0200000, 0x00000000e0200000|100%|HC|  |TAMS 0x00000000e0100000| PB 0x00000000e0100000| Complete 
|   2|0x00000000e0200000, 0x00000000e0300000, 0x00000000e0300000|100%|HC|  |TAMS 0x00000000e0200000| PB 0x00000000e0200000| Complete 
|   3|0x00000000e0300000, 0x00000000e0400000, 0x00000000e0400000|100%|HC|  |TAMS 0x00000000e0300000| PB 0x00000000e0300000| Complete 
|   4|0x00000000e0400000, 0x00000000e0500000, 0x00000000e0500000|100%|HS|  |TAMS 0x00000000e0400000| PB 0x00000000e0400000| Complete 
|   5|0x00000000e0500000, 0x00000000e0600000, 0x00000000e0600000|100%| O|  |TAMS 0x00000000e0500000| PB 0x00000000e0500000| Untracked 
|   6|0x00000000e0600000, 0x00000000e0700000, 0x00000000e0700000|100%| O|  |TAMS 0x00000000e0600000| PB 0x00000000e0600000| Untracked 
|   7|0x00000000e0700000, 0x00000000e0800000, 0x00000000e0800000|100%| O|  |TAMS 0x00000000e0700000| PB 0x00000000e0700000| Untracked 
|   8|0x00000000e0800000, 0x00000000e0900000, 0x00000000e0900000|100%| O|  |TAMS 0x00000000e0800000| PB 0x00000000e0800000| Untracked 
|   9|0x00000000e0900000, 0x00000000e0a00000, 0x00000000e0a00000|100%| O|  |TAMS 0x00000000e0900000| PB 0x00000000e0900000| Untracked 
|  10|0x00000000e0a00000, 0x00000000e0b00000, 0x00000000e0b00000|100%| O|  |TAMS 0x00000000e0a00000| PB 0x00000000e0a00000| Untracked 
|  11|0x00000000e0b00000, 0x00000000e0c00000, 0x00000000e0c00000|100%|HS|  |TAMS 0x00000000e0b00000| PB 0x00000000e0b00000| Complete 
|  12|0x00000000e0c00000, 0x00000000e0d00000, 0x00000000e0d00000|100%| O|  |TAMS 0x00000000e0c00000| PB 0x00000000e0c00000| Untracked 
|  13|0x00000000e0d00000, 0x00000000e0e00000, 0x00000000e0e00000|100%| O|  |TAMS 0x00000000e0d00000| PB 0x00000000e0d00000| Untracked 
|  14|0x00000000e0e00000, 0x00000000e0f00000, 0x00000000e0f00000|100%| O|  |TAMS 0x00000000e0e00000| PB 0x00000000e0e00000| Untracked 
|  15|0x00000000e0f00000, 0x00000000e1000000, 0x00000000e1000000|100%| O|  |TAMS 0x00000000e0f00000| PB 0x00000000e0f00000| Untracked 
|  16|0x00000000e1000000, 0x00000000e1100000, 0x00000000e1100000|100%| O|  |TAMS 0x00000000e1000000| PB 0x00000000e1000000| Untracked 
|  17|0x00000000e1100000, 0x00000000e1200000, 0x00000000e1200000|100%| O|  |TAMS 0x00000000e1100000| PB 0x00000000e1100000| Untracked 
|  18|0x00000000e1200000, 0x00000000e1300000, 0x00000000e1300000|100%| O|  |TAMS 0x00000000e1200000| PB 0x00000000e1200000| Untracked 
|  19|0x00000000e1300000, 0x00000000e1400000, 0x00000000e1400000|100%| O|  |TAMS 0x00000000e1300000| PB 0x00000000e1300000| Untracked 
|  20|0x00000000e1400000, 0x00000000e1500000, 0x00000000e1500000|100%| O|  |TAMS 0x00000000e1400000| PB 0x00000000e1400000| Untracked 
|  21|0x00000000e1500000, 0x00000000e1600000, 0x00000000e1600000|100%| O|Cm|TAMS 0x00000000e1500000| PB 0x00000000e1500000| Complete 
|  22|0x00000000e1600000, 0x00000000e164b300, 0x00000000e1700000| 29%| O|  |TAMS 0x00000000e1600000| PB 0x00000000e1600000| Untracked 
|  23|0x00000000e1700000, 0x00000000e1800000, 0x00000000e1800000|100%|HS|  |TAMS 0x00000000e1700000| PB 0x00000000e1700000| Complete 
|  24|0x00000000e1800000, 0x00000000e1900000, 0x00000000e1900000|100%|HC|  |TAMS 0x00000000e1800000| PB 0x00000000e1800000| Complete 
|  25|0x00000000e1900000, 0x00000000e1a00000, 0x00000000e1a00000|100%|HS|  |TAMS 0x00000000e1900000| PB 0x00000000e1900000| Complete 
|  26|0x00000000e1a00000, 0x00000000e1b00000, 0x00000000e1b00000|100%|HC|  |TAMS 0x00000000e1a00000| PB 0x00000000e1a00000| Complete 
|  27|0x00000000e1b00000, 0x00000000e1c00000, 0x00000000e1c00000|100%|HS|  |TAMS 0x00000000e1b00000| PB 0x00000000e1b00000| Complete 
|  28|0x00000000e1c00000, 0x00000000e1d00000, 0x00000000e1d00000|100%|HS|  |TAMS 0x00000000e1c00000| PB 0x00000000e1c00000| Complete 
|  29|0x00000000e1d00000, 0x00000000e1d00000, 0x00000000e1e00000|  0%| F|  |TAMS 0x00000000e1d00000| PB 0x00000000e1d00000| Untracked 
|  30|0x00000000e1e00000, 0x00000000e1e00000, 0x00000000e1f00000|  0%| F|  |TAMS 0x00000000e1e00000| PB 0x00000000e1e00000| Untracked 
|  31|0x00000000e1f00000, 0x00000000e1f00000, 0x00000000e2000000|  0%| F|  |TAMS 0x00000000e1f00000| PB 0x00000000e1f00000| Untracked 
|  32|0x00000000e2000000, 0x00000000e2000000, 0x00000000e2100000|  0%| F|  |TAMS 0x00000000e2000000| PB 0x00000000e2000000| Untracked 
|  33|0x00000000e2100000, 0x00000000e2100000, 0x00000000e2200000|  0%| F|  |TAMS 0x00000000e2100000| PB 0x00000000e2100000| Untracked 
|  34|0x00000000e2200000, 0x00000000e2200000, 0x00000000e2300000|  0%| F|  |TAMS 0x00000000e2200000| PB 0x00000000e2200000| Untracked 
|  35|0x00000000e2300000, 0x00000000e2300000, 0x00000000e2400000|  0%| F|  |TAMS 0x00000000e2300000| PB 0x00000000e2300000| Untracked 
|  36|0x00000000e2400000, 0x00000000e2400000, 0x00000000e2500000|  0%| F|  |TAMS 0x00000000e2400000| PB 0x00000000e2400000| Untracked 
|  37|0x00000000e2500000, 0x00000000e2500000, 0x00000000e2600000|  0%| F|  |TAMS 0x00000000e2500000| PB 0x00000000e2500000| Untracked 
|  38|0x00000000e2600000, 0x00000000e2600000, 0x00000000e2700000|  0%| F|  |TAMS 0x00000000e2600000| PB 0x00000000e2600000| Untracked 
|  39|0x00000000e2700000, 0x00000000e2700000, 0x00000000e2800000|  0%| F|  |TAMS 0x00000000e2700000| PB 0x00000000e2700000| Untracked 
|  40|0x00000000e2800000, 0x00000000e2800000, 0x00000000e2900000|  0%| F|  |TAMS 0x00000000e2800000| PB 0x00000000e2800000| Untracked 
|  41|0x00000000e2900000, 0x00000000e2900000, 0x00000000e2a00000|  0%| F|  |TAMS 0x00000000e2900000| PB 0x00000000e2900000| Untracked 
|  42|0x00000000e2a00000, 0x00000000e2a00000, 0x00000000e2b00000|  0%| F|  |TAMS 0x00000000e2a00000| PB 0x00000000e2a00000| Untracked 
|  43|0x00000000e2b00000, 0x00000000e2b00000, 0x00000000e2c00000|  0%| F|  |TAMS 0x00000000e2b00000| PB 0x00000000e2b00000| Untracked 
|  44|0x00000000e2c00000, 0x00000000e2c00000, 0x00000000e2d00000|  0%| F|  |TAMS 0x00000000e2c00000| PB 0x00000000e2c00000| Untracked 
|  45|0x00000000e2d00000, 0x00000000e2d00000, 0x00000000e2e00000|  0%| F|  |TAMS 0x00000000e2d00000| PB 0x00000000e2d00000| Untracked 
|  46|0x00000000e2e00000, 0x00000000e2e00000, 0x00000000e2f00000|  0%| F|  |TAMS 0x00000000e2e00000| PB 0x00000000e2e00000| Untracked 
|  47|0x00000000e2f00000, 0x00000000e2f00000, 0x00000000e3000000|  0%| F|  |TAMS 0x00000000e2f00000| PB 0x00000000e2f00000| Untracked 
|  48|0x00000000e3000000, 0x00000000e3000000, 0x00000000e3100000|  0%| F|  |TAMS 0x00000000e3000000| PB 0x00000000e3000000| Untracked 
|  49|0x00000000e3100000, 0x00000000e3100000, 0x00000000e3200000|  0%| F|  |TAMS 0x00000000e3100000| PB 0x00000000e3100000| Untracked 
|  50|0x00000000e3200000, 0x00000000e3200000, 0x00000000e3300000|  0%| F|  |TAMS 0x00000000e3200000| PB 0x00000000e3200000| Untracked 
|  51|0x00000000e3300000, 0x00000000e3300000, 0x00000000e3400000|  0%| F|  |TAMS 0x00000000e3300000| PB 0x00000000e3300000| Untracked 
|  52|0x00000000e3400000, 0x00000000e3400000, 0x00000000e3500000|  0%| F|  |TAMS 0x00000000e3400000| PB 0x00000000e3400000| Untracked 
|  53|0x00000000e3500000, 0x00000000e3500000, 0x00000000e3600000|  0%| F|  |TAMS 0x00000000e3500000| PB 0x00000000e3500000| Untracked 
|  54|0x00000000e3600000, 0x00000000e3600000, 0x00000000e3700000|  0%| F|  |TAMS 0x00000000e3600000| PB 0x00000000e3600000| Untracked 
|  55|0x00000000e3700000, 0x00000000e3700000, 0x00000000e3800000|  0%| F|  |TAMS 0x00000000e3700000| PB 0x00000000e3700000| Untracked 
|  56|0x00000000e3800000, 0x00000000e3800000, 0x00000000e3900000|  0%| F|  |TAMS 0x00000000e3800000| PB 0x00000000e3800000| Untracked 
|  57|0x00000000e3900000, 0x00000000e3900000, 0x00000000e3a00000|  0%| F|  |TAMS 0x00000000e3900000| PB 0x00000000e3900000| Untracked 
|  58|0x00000000e3a00000, 0x00000000e3a00000, 0x00000000e3b00000|  0%| F|  |TAMS 0x00000000e3a00000| PB 0x00000000e3a00000| Untracked 
|  59|0x00000000e3b00000, 0x00000000e3b00000, 0x00000000e3c00000|  0%| F|  |TAMS 0x00000000e3b00000| PB 0x00000000e3b00000| Untracked 
|  60|0x00000000e3c00000, 0x00000000e3c00000, 0x00000000e3d00000|  0%| F|  |TAMS 0x00000000e3c00000| PB 0x00000000e3c00000| Untracked 
|  61|0x00000000e3d00000, 0x00000000e3d00000, 0x00000000e3e00000|  0%| F|  |TAMS 0x00000000e3d00000| PB 0x00000000e3d00000| Untracked 
|  62|0x00000000e3e00000, 0x00000000e3e00000, 0x00000000e3f00000|  0%| F|  |TAMS 0x00000000e3e00000| PB 0x00000000e3e00000| Untracked 
|  63|0x00000000e3f00000, 0x00000000e3f00000, 0x00000000e4000000|  0%| F|  |TAMS 0x00000000e3f00000| PB 0x00000000e3f00000| Untracked 
|  64|0x00000000e4000000, 0x00000000e4000000, 0x00000000e4100000|  0%| F|  |TAMS 0x00000000e4000000| PB 0x00000000e4000000| Untracked 
|  65|0x00000000e4100000, 0x00000000e4100000, 0x00000000e4200000|  0%| F|  |TAMS 0x00000000e4100000| PB 0x00000000e4100000| Untracked 
|  66|0x00000000e4200000, 0x00000000e4200000, 0x00000000e4300000|  0%| F|  |TAMS 0x00000000e4200000| PB 0x00000000e4200000| Untracked 
|  67|0x00000000e4300000, 0x00000000e4300000, 0x00000000e4400000|  0%| F|  |TAMS 0x00000000e4300000| PB 0x00000000e4300000| Untracked 
|  68|0x00000000e4400000, 0x00000000e4400000, 0x00000000e4500000|  0%| F|  |TAMS 0x00000000e4400000| PB 0x00000000e4400000| Untracked 
|  69|0x00000000e4500000, 0x00000000e4500000, 0x00000000e4600000|  0%| F|  |TAMS 0x00000000e4500000| PB 0x00000000e4500000| Untracked 
|  70|0x00000000e4600000, 0x00000000e4600000, 0x00000000e4700000|  0%| F|  |TAMS 0x00000000e4600000| PB 0x00000000e4600000| Untracked 
|  71|0x00000000e4700000, 0x00000000e4700000, 0x00000000e4800000|  0%| F|  |TAMS 0x00000000e4700000| PB 0x00000000e4700000| Untracked 
|  72|0x00000000e4800000, 0x00000000e4800000, 0x00000000e4900000|  0%| F|  |TAMS 0x00000000e4800000| PB 0x00000000e4800000| Untracked 
|  73|0x00000000e4900000, 0x00000000e4900000, 0x00000000e4a00000|  0%| F|  |TAMS 0x00000000e4900000| PB 0x00000000e4900000| Untracked 
|  74|0x00000000e4a00000, 0x00000000e4a00000, 0x00000000e4b00000|  0%| F|  |TAMS 0x00000000e4a00000| PB 0x00000000e4a00000| Untracked 
|  75|0x00000000e4b00000, 0x00000000e4b00000, 0x00000000e4c00000|  0%| F|  |TAMS 0x00000000e4b00000| PB 0x00000000e4b00000| Untracked 
|  76|0x00000000e4c00000, 0x00000000e4c00000, 0x00000000e4d00000|  0%| F|  |TAMS 0x00000000e4c00000| PB 0x00000000e4c00000| Untracked 
|  77|0x00000000e4d00000, 0x00000000e4d00000, 0x00000000e4e00000|  0%| F|  |TAMS 0x00000000e4d00000| PB 0x00000000e4d00000| Untracked 
|  78|0x00000000e4e00000, 0x00000000e4e00000, 0x00000000e4f00000|  0%| F|  |TAMS 0x00000000e4e00000| PB 0x00000000e4e00000| Untracked 
|  79|0x00000000e4f00000, 0x00000000e4f00000, 0x00000000e5000000|  0%| F|  |TAMS 0x00000000e4f00000| PB 0x00000000e4f00000| Untracked 
|  80|0x00000000e5000000, 0x00000000e5000000, 0x00000000e5100000|  0%| F|  |TAMS 0x00000000e5000000| PB 0x00000000e5000000| Untracked 
|  81|0x00000000e5100000, 0x00000000e5100000, 0x00000000e5200000|  0%| F|  |TAMS 0x00000000e5100000| PB 0x00000000e5100000| Untracked 
|  82|0x00000000e5200000, 0x00000000e5200000, 0x00000000e5300000|  0%| F|  |TAMS 0x00000000e5200000| PB 0x00000000e5200000| Untracked 
|  83|0x00000000e5300000, 0x00000000e5300000, 0x00000000e5400000|  0%| F|  |TAMS 0x00000000e5300000| PB 0x00000000e5300000| Untracked 
|  84|0x00000000e5400000, 0x00000000e5400000, 0x00000000e5500000|  0%| F|  |TAMS 0x00000000e5400000| PB 0x00000000e5400000| Untracked 
|  85|0x00000000e5500000, 0x00000000e5500000, 0x00000000e5600000|  0%| F|  |TAMS 0x00000000e5500000| PB 0x00000000e5500000| Untracked 
|  86|0x00000000e5600000, 0x00000000e5600000, 0x00000000e5700000|  0%| F|  |TAMS 0x00000000e5600000| PB 0x00000000e5600000| Untracked 
|  87|0x00000000e5700000, 0x00000000e5700000, 0x00000000e5800000|  0%| F|  |TAMS 0x00000000e5700000| PB 0x00000000e5700000| Untracked 
|  88|0x00000000e5800000, 0x00000000e5800000, 0x00000000e5900000|  0%| F|  |TAMS 0x00000000e5800000| PB 0x00000000e5800000| Untracked 
|  89|0x00000000e5900000, 0x00000000e5900000, 0x00000000e5a00000|  0%| F|  |TAMS 0x00000000e5900000| PB 0x00000000e5900000| Untracked 
|  90|0x00000000e5a00000, 0x00000000e5a00000, 0x00000000e5b00000|  0%| F|  |TAMS 0x00000000e5a00000| PB 0x00000000e5a00000| Untracked 
|  91|0x00000000e5b00000, 0x00000000e5b00000, 0x00000000e5c00000|  0%| F|  |TAMS 0x00000000e5b00000| PB 0x00000000e5b00000| Untracked 
|  92|0x00000000e5c00000, 0x00000000e5c00000, 0x00000000e5d00000|  0%| F|  |TAMS 0x00000000e5c00000| PB 0x00000000e5c00000| Untracked 
|  93|0x00000000e5d00000, 0x00000000e5d00000, 0x00000000e5e00000|  0%| F|  |TAMS 0x00000000e5d00000| PB 0x00000000e5d00000| Untracked 
|  94|0x00000000e5e00000, 0x00000000e5e00000, 0x00000000e5f00000|  0%| F|  |TAMS 0x00000000e5e00000| PB 0x00000000e5e00000| Untracked 
|  95|0x00000000e5f00000, 0x00000000e5f00000, 0x00000000e6000000|  0%| F|  |TAMS 0x00000000e5f00000| PB 0x00000000e5f00000| Untracked 
|  96|0x00000000e6000000, 0x00000000e6000000, 0x00000000e6100000|  0%| F|  |TAMS 0x00000000e6000000| PB 0x00000000e6000000| Untracked 
|  97|0x00000000e6100000, 0x00000000e6100000, 0x00000000e6200000|  0%| F|  |TAMS 0x00000000e6100000| PB 0x00000000e6100000| Untracked 
|  98|0x00000000e6200000, 0x00000000e6200000, 0x00000000e6300000|  0%| F|  |TAMS 0x00000000e6200000| PB 0x00000000e6200000| Untracked 
|  99|0x00000000e6300000, 0x00000000e6300000, 0x00000000e6400000|  0%| F|  |TAMS 0x00000000e6300000| PB 0x00000000e6300000| Untracked 
| 100|0x00000000e6400000, 0x00000000e6400000, 0x00000000e6500000|  0%| F|  |TAMS 0x00000000e6400000| PB 0x00000000e6400000| Untracked 
| 101|0x00000000e6500000, 0x00000000e6500000, 0x00000000e6600000|  0%| F|  |TAMS 0x00000000e6500000| PB 0x00000000e6500000| Untracked 
| 102|0x00000000e6600000, 0x00000000e6600000, 0x00000000e6700000|  0%| F|  |TAMS 0x00000000e6600000| PB 0x00000000e6600000| Untracked 
| 103|0x00000000e6700000, 0x00000000e6700000, 0x00000000e6800000|  0%| F|  |TAMS 0x00000000e6700000| PB 0x00000000e6700000| Untracked 
| 104|0x00000000e6800000, 0x00000000e6800000, 0x00000000e6900000|  0%| F|  |TAMS 0x00000000e6800000| PB 0x00000000e6800000| Untracked 
| 105|0x00000000e6900000, 0x00000000e6900000, 0x00000000e6a00000|  0%| F|  |TAMS 0x00000000e6900000| PB 0x00000000e6900000| Untracked 
| 106|0x00000000e6a00000, 0x00000000e6a00000, 0x00000000e6b00000|  0%| F|  |TAMS 0x00000000e6a00000| PB 0x00000000e6a00000| Untracked 
| 107|0x00000000e6b00000, 0x00000000e6b00000, 0x00000000e6c00000|  0%| F|  |TAMS 0x00000000e6b00000| PB 0x00000000e6b00000| Untracked 
| 108|0x00000000e6c00000, 0x00000000e6c00000, 0x00000000e6d00000|  0%| F|  |TAMS 0x00000000e6c00000| PB 0x00000000e6c00000| Untracked 
| 109|0x00000000e6d00000, 0x00000000e6d00000, 0x00000000e6e00000|  0%| F|  |TAMS 0x00000000e6d00000| PB 0x00000000e6d00000| Untracked 
| 110|0x00000000e6e00000, 0x00000000e6e00000, 0x00000000e6f00000|  0%| F|  |TAMS 0x00000000e6e00000| PB 0x00000000e6e00000| Untracked 
| 111|0x00000000e6f00000, 0x00000000e6f00000, 0x00000000e7000000|  0%| F|  |TAMS 0x00000000e6f00000| PB 0x00000000e6f00000| Untracked 
| 112|0x00000000e7000000, 0x00000000e7000000, 0x00000000e7100000|  0%| F|  |TAMS 0x00000000e7000000| PB 0x00000000e7000000| Untracked 
| 113|0x00000000e7100000, 0x00000000e7100000, 0x00000000e7200000|  0%| F|  |TAMS 0x00000000e7100000| PB 0x00000000e7100000| Untracked 
| 114|0x00000000e7200000, 0x00000000e7200000, 0x00000000e7300000|  0%| F|  |TAMS 0x00000000e7200000| PB 0x00000000e7200000| Untracked 
| 115|0x00000000e7300000, 0x00000000e7300000, 0x00000000e7400000|  0%| F|  |TAMS 0x00000000e7300000| PB 0x00000000e7300000| Untracked 
| 116|0x00000000e7400000, 0x00000000e7400000, 0x00000000e7500000|  0%| F|  |TAMS 0x00000000e7400000| PB 0x00000000e7400000| Untracked 
| 117|0x00000000e7500000, 0x00000000e7500000, 0x00000000e7600000|  0%| F|  |TAMS 0x00000000e7500000| PB 0x00000000e7500000| Untracked 
| 118|0x00000000e7600000, 0x00000000e7600000, 0x00000000e7700000|  0%| F|  |TAMS 0x00000000e7600000| PB 0x00000000e7600000| Untracked 
| 119|0x00000000e7700000, 0x00000000e7700000, 0x00000000e7800000|  0%| F|  |TAMS 0x00000000e7700000| PB 0x00000000e7700000| Untracked 
| 120|0x00000000e7800000, 0x00000000e7800000, 0x00000000e7900000|  0%| F|  |TAMS 0x00000000e7800000| PB 0x00000000e7800000| Untracked 
| 121|0x00000000e7900000, 0x00000000e7900000, 0x00000000e7a00000|  0%| F|  |TAMS 0x00000000e7900000| PB 0x00000000e7900000| Untracked 
| 122|0x00000000e7a00000, 0x00000000e7a00000, 0x00000000e7b00000|  0%| F|  |TAMS 0x00000000e7a00000| PB 0x00000000e7a00000| Untracked 
| 123|0x00000000e7b00000, 0x00000000e7b00000, 0x00000000e7c00000|  0%| F|  |TAMS 0x00000000e7b00000| PB 0x00000000e7b00000| Untracked 
| 124|0x00000000e7c00000, 0x00000000e7c00000, 0x00000000e7d00000|  0%| F|  |TAMS 0x00000000e7c00000| PB 0x00000000e7c00000| Untracked 
| 125|0x00000000e7d00000, 0x00000000e7d00000, 0x00000000e7e00000|  0%| F|  |TAMS 0x00000000e7d00000| PB 0x00000000e7d00000| Untracked 
| 126|0x00000000e7e00000, 0x00000000e7e00000, 0x00000000e7f00000|  0%| F|  |TAMS 0x00000000e7e00000| PB 0x00000000e7e00000| Untracked 
| 127|0x00000000e7f00000, 0x00000000e7f00000, 0x00000000e8000000|  0%| F|  |TAMS 0x00000000e7f00000| PB 0x00000000e7f00000| Untracked 
| 128|0x00000000e8000000, 0x00000000e8000000, 0x00000000e8100000|  0%| F|  |TAMS 0x00000000e8000000| PB 0x00000000e8000000| Untracked 
| 129|0x00000000e8100000, 0x00000000e8100000, 0x00000000e8200000|  0%| F|  |TAMS 0x00000000e8100000| PB 0x00000000e8100000| Untracked 
| 130|0x00000000e8200000, 0x00000000e8200000, 0x00000000e8300000|  0%| F|  |TAMS 0x00000000e8200000| PB 0x00000000e8200000| Untracked 
| 131|0x00000000e8300000, 0x00000000e8300000, 0x00000000e8400000|  0%| F|  |TAMS 0x00000000e8300000| PB 0x00000000e8300000| Untracked 
| 132|0x00000000e8400000, 0x00000000e8400000, 0x00000000e8500000|  0%| F|  |TAMS 0x00000000e8400000| PB 0x00000000e8400000| Untracked 
| 133|0x00000000e8500000, 0x00000000e8500000, 0x00000000e8600000|  0%| F|  |TAMS 0x00000000e8500000| PB 0x00000000e8500000| Untracked 
| 134|0x00000000e8600000, 0x00000000e8600000, 0x00000000e8700000|  0%| F|  |TAMS 0x00000000e8600000| PB 0x00000000e8600000| Untracked 
| 135|0x00000000e8700000, 0x00000000e8700000, 0x00000000e8800000|  0%| F|  |TAMS 0x00000000e8700000| PB 0x00000000e8700000| Untracked 
| 136|0x00000000e8800000, 0x00000000e8800000, 0x00000000e8900000|  0%| F|  |TAMS 0x00000000e8800000| PB 0x00000000e8800000| Untracked 
| 137|0x00000000e8900000, 0x00000000e8900000, 0x00000000e8a00000|  0%| F|  |TAMS 0x00000000e8900000| PB 0x00000000e8900000| Untracked 
| 138|0x00000000e8a00000, 0x00000000e8a00000, 0x00000000e8b00000|  0%| F|  |TAMS 0x00000000e8a00000| PB 0x00000000e8a00000| Untracked 
| 139|0x00000000e8b00000, 0x00000000e8b00000, 0x00000000e8c00000|  0%| F|  |TAMS 0x00000000e8b00000| PB 0x00000000e8b00000| Untracked 
| 140|0x00000000e8c00000, 0x00000000e8c00000, 0x00000000e8d00000|  0%| F|  |TAMS 0x00000000e8c00000| PB 0x00000000e8c00000| Untracked 
| 141|0x00000000e8d00000, 0x00000000e8d00000, 0x00000000e8e00000|  0%| F|  |TAMS 0x00000000e8d00000| PB 0x00000000e8d00000| Untracked 
| 142|0x00000000e8e00000, 0x00000000e8e00000, 0x00000000e8f00000|  0%| F|  |TAMS 0x00000000e8e00000| PB 0x00000000e8e00000| Untracked 
| 143|0x00000000e8f00000, 0x00000000e8f00000, 0x00000000e9000000|  0%| F|  |TAMS 0x00000000e8f00000| PB 0x00000000e8f00000| Untracked 
| 144|0x00000000e9000000, 0x00000000e9000000, 0x00000000e9100000|  0%| F|  |TAMS 0x00000000e9000000| PB 0x00000000e9000000| Untracked 
| 145|0x00000000e9100000, 0x00000000e9100000, 0x00000000e9200000|  0%| F|  |TAMS 0x00000000e9100000| PB 0x00000000e9100000| Untracked 
| 146|0x00000000e9200000, 0x00000000e9200000, 0x00000000e9300000|  0%| F|  |TAMS 0x00000000e9200000| PB 0x00000000e9200000| Untracked 
| 147|0x00000000e9300000, 0x00000000e9300000, 0x00000000e9400000|  0%| F|  |TAMS 0x00000000e9300000| PB 0x00000000e9300000| Untracked 
| 148|0x00000000e9400000, 0x00000000e9400000, 0x00000000e9500000|  0%| F|  |TAMS 0x00000000e9400000| PB 0x00000000e9400000| Untracked 
| 149|0x00000000e9500000, 0x00000000e9500000, 0x00000000e9600000|  0%| F|  |TAMS 0x00000000e9500000| PB 0x00000000e9500000| Untracked 
| 150|0x00000000e9600000, 0x00000000e9600000, 0x00000000e9700000|  0%| F|  |TAMS 0x00000000e9600000| PB 0x00000000e9600000| Untracked 
| 151|0x00000000e9700000, 0x00000000e9700000, 0x00000000e9800000|  0%| F|  |TAMS 0x00000000e9700000| PB 0x00000000e9700000| Untracked 
| 152|0x00000000e9800000, 0x00000000e9800000, 0x00000000e9900000|  0%| F|  |TAMS 0x00000000e9800000| PB 0x00000000e9800000| Untracked 
| 153|0x00000000e9900000, 0x00000000e9900000, 0x00000000e9a00000|  0%| F|  |TAMS 0x00000000e9900000| PB 0x00000000e9900000| Untracked 
| 154|0x00000000e9a00000, 0x00000000e9a00000, 0x00000000e9b00000|  0%| F|  |TAMS 0x00000000e9a00000| PB 0x00000000e9a00000| Untracked 
| 155|0x00000000e9b00000, 0x00000000e9b00000, 0x00000000e9c00000|  0%| F|  |TAMS 0x00000000e9b00000| PB 0x00000000e9b00000| Untracked 
| 156|0x00000000e9c00000, 0x00000000e9c00000, 0x00000000e9d00000|  0%| F|  |TAMS 0x00000000e9c00000| PB 0x00000000e9c00000| Untracked 
| 157|0x00000000e9d00000, 0x00000000e9d00000, 0x00000000e9e00000|  0%| F|  |TAMS 0x00000000e9d00000| PB 0x00000000e9d00000| Untracked 
| 158|0x00000000e9e00000, 0x00000000e9e00000, 0x00000000e9f00000|  0%| F|  |TAMS 0x00000000e9e00000| PB 0x00000000e9e00000| Untracked 
| 159|0x00000000e9f00000, 0x00000000e9f00000, 0x00000000ea000000|  0%| F|  |TAMS 0x00000000e9f00000| PB 0x00000000e9f00000| Untracked 
| 160|0x00000000ea000000, 0x00000000ea000000, 0x00000000ea100000|  0%| F|  |TAMS 0x00000000ea000000| PB 0x00000000ea000000| Untracked 
| 161|0x00000000ea100000, 0x00000000ea180000, 0x00000000ea200000| 50%| E|  |TAMS 0x00000000ea100000| PB 0x00000000ea100000| Complete 
| 162|0x00000000ea200000, 0x00000000ea300000, 0x00000000ea300000|100%| E|CS|TAMS 0x00000000ea200000| PB 0x00000000ea200000| Complete 
| 163|0x00000000ea300000, 0x00000000ea400000, 0x00000000ea400000|100%| E|CS|TAMS 0x00000000ea300000| PB 0x00000000ea300000| Complete 
| 164|0x00000000ea400000, 0x00000000ea500000, 0x00000000ea500000|100%| E|CS|TAMS 0x00000000ea400000| PB 0x00000000ea400000| Complete 
| 165|0x00000000ea500000, 0x00000000ea600000, 0x00000000ea600000|100%| E|CS|TAMS 0x00000000ea500000| PB 0x00000000ea500000| Complete 
| 166|0x00000000ea600000, 0x00000000ea700000, 0x00000000ea700000|100%| E|CS|TAMS 0x00000000ea600000| PB 0x00000000ea600000| Complete 
| 167|0x00000000ea700000, 0x00000000ea800000, 0x00000000ea800000|100%| E|CS|TAMS 0x00000000ea700000| PB 0x00000000ea700000| Complete 
| 168|0x00000000ea800000, 0x00000000ea900000, 0x00000000ea900000|100%| E|CS|TAMS 0x00000000ea800000| PB 0x00000000ea800000| Complete 
| 169|0x00000000ea900000, 0x00000000eaa00000, 0x00000000eaa00000|100%| E|CS|TAMS 0x00000000ea900000| PB 0x00000000ea900000| Complete 
| 170|0x00000000eaa00000, 0x00000000eab00000, 0x00000000eab00000|100%| E|CS|TAMS 0x00000000eaa00000| PB 0x00000000eaa00000| Complete 
| 171|0x00000000eab00000, 0x00000000eac00000, 0x00000000eac00000|100%| E|CS|TAMS 0x00000000eab00000| PB 0x00000000eab00000| Complete 
| 172|0x00000000eac00000, 0x00000000ead00000, 0x00000000ead00000|100%| E|CS|TAMS 0x00000000eac00000| PB 0x00000000eac00000| Complete 
| 173|0x00000000ead00000, 0x00000000eae00000, 0x00000000eae00000|100%| E|CS|TAMS 0x00000000ead00000| PB 0x00000000ead00000| Complete 
| 174|0x00000000eae00000, 0x00000000eaf00000, 0x00000000eaf00000|100%| E|CS|TAMS 0x00000000eae00000| PB 0x00000000eae00000| Complete 
| 175|0x00000000eaf00000, 0x00000000eb000000, 0x00000000eb000000|100%| E|CS|TAMS 0x00000000eaf00000| PB 0x00000000eaf00000| Complete 
| 176|0x00000000eb000000, 0x00000000eb100000, 0x00000000eb100000|100%| E|CS|TAMS 0x00000000eb000000| PB 0x00000000eb000000| Complete 
| 177|0x00000000eb100000, 0x00000000eb200000, 0x00000000eb200000|100%| E|CS|TAMS 0x00000000eb100000| PB 0x00000000eb100000| Complete 
| 178|0x00000000eb200000, 0x00000000eb300000, 0x00000000eb300000|100%| E|CS|TAMS 0x00000000eb200000| PB 0x00000000eb200000| Complete 
| 179|0x00000000eb300000, 0x00000000eb400000, 0x00000000eb400000|100%| E|CS|TAMS 0x00000000eb300000| PB 0x00000000eb300000| Complete 
| 180|0x00000000eb400000, 0x00000000eb500000, 0x00000000eb500000|100%| E|CS|TAMS 0x00000000eb400000| PB 0x00000000eb400000| Complete 
| 181|0x00000000eb500000, 0x00000000eb600000, 0x00000000eb600000|100%| E|CS|TAMS 0x00000000eb500000| PB 0x00000000eb500000| Complete 
| 182|0x00000000eb600000, 0x00000000eb700000, 0x00000000eb700000|100%| E|CS|TAMS 0x00000000eb600000| PB 0x00000000eb600000| Complete 
| 183|0x00000000eb700000, 0x00000000eb800000, 0x00000000eb800000|100%| E|CS|TAMS 0x00000000eb700000| PB 0x00000000eb700000| Complete 
| 184|0x00000000eb800000, 0x00000000eb900000, 0x00000000eb900000|100%| E|  |TAMS 0x00000000eb800000| PB 0x00000000eb800000| Complete 
| 185|0x00000000eb900000, 0x00000000eba00000, 0x00000000eba00000|100%| E|CS|TAMS 0x00000000eb900000| PB 0x00000000eb900000| Complete 
| 186|0x00000000eba00000, 0x00000000ebb00000, 0x00000000ebb00000|100%| E|CS|TAMS 0x00000000eba00000| PB 0x00000000eba00000| Complete 
| 187|0x00000000ebb00000, 0x00000000ebc00000, 0x00000000ebc00000|100%| E|CS|TAMS 0x00000000ebb00000| PB 0x00000000ebb00000| Complete 
| 188|0x00000000ebc00000, 0x00000000ebd00000, 0x00000000ebd00000|100%| E|CS|TAMS 0x00000000ebc00000| PB 0x00000000ebc00000| Complete 
| 189|0x00000000ebd00000, 0x00000000ebe00000, 0x00000000ebe00000|100%| E|CS|TAMS 0x00000000ebd00000| PB 0x00000000ebd00000| Complete 
| 190|0x00000000ebe00000, 0x00000000ebf00000, 0x00000000ebf00000|100%| E|CS|TAMS 0x00000000ebe00000| PB 0x00000000ebe00000| Complete 
| 191|0x00000000ebf00000, 0x00000000ec000000, 0x00000000ec000000|100%| E|CS|TAMS 0x00000000ebf00000| PB 0x00000000ebf00000| Complete 
| 192|0x00000000ec000000, 0x00000000ec100000, 0x00000000ec100000|100%| E|CS|TAMS 0x00000000ec000000| PB 0x00000000ec000000| Complete 
| 193|0x00000000ec100000, 0x00000000ec200000, 0x00000000ec200000|100%| E|CS|TAMS 0x00000000ec100000| PB 0x00000000ec100000| Complete 
| 194|0x00000000ec200000, 0x00000000ec300000, 0x00000000ec300000|100%| E|CS|TAMS 0x00000000ec200000| PB 0x00000000ec200000| Complete 
| 195|0x00000000ec300000, 0x00000000ec400000, 0x00000000ec400000|100%| E|CS|TAMS 0x00000000ec300000| PB 0x00000000ec300000| Complete 
| 196|0x00000000ec400000, 0x00000000ec500000, 0x00000000ec500000|100%| E|CS|TAMS 0x00000000ec400000| PB 0x00000000ec400000| Complete 
| 197|0x00000000ec500000, 0x00000000ec600000, 0x00000000ec600000|100%| E|CS|TAMS 0x00000000ec500000| PB 0x00000000ec500000| Complete 
| 198|0x00000000ec600000, 0x00000000ec700000, 0x00000000ec700000|100%| E|CS|TAMS 0x00000000ec600000| PB 0x00000000ec600000| Complete 
| 199|0x00000000ec700000, 0x00000000ec800000, 0x00000000ec800000|100%| E|CS|TAMS 0x00000000ec700000| PB 0x00000000ec700000| Complete 
| 200|0x00000000ec800000, 0x00000000ec900000, 0x00000000ec900000|100%| E|CS|TAMS 0x00000000ec800000| PB 0x00000000ec800000| Complete 
| 201|0x00000000ec900000, 0x00000000eca00000, 0x00000000eca00000|100%| E|CS|TAMS 0x00000000ec900000| PB 0x00000000ec900000| Complete 
| 202|0x00000000eca00000, 0x00000000ecb00000, 0x00000000ecb00000|100%| E|CS|TAMS 0x00000000eca00000| PB 0x00000000eca00000| Complete 
| 203|0x00000000ecb00000, 0x00000000ecc00000, 0x00000000ecc00000|100%| E|CS|TAMS 0x00000000ecb00000| PB 0x00000000ecb00000| Complete 
| 204|0x00000000ecc00000, 0x00000000ecd00000, 0x00000000ecd00000|100%| E|CS|TAMS 0x00000000ecc00000| PB 0x00000000ecc00000| Complete 
| 205|0x00000000ecd00000, 0x00000000ece00000, 0x00000000ece00000|100%| E|CS|TAMS 0x00000000ecd00000| PB 0x00000000ecd00000| Complete 
| 206|0x00000000ece00000, 0x00000000ecf00000, 0x00000000ecf00000|100%| E|CS|TAMS 0x00000000ece00000| PB 0x00000000ece00000| Complete 
| 207|0x00000000ecf00000, 0x00000000ed000000, 0x00000000ed000000|100%| E|CS|TAMS 0x00000000ecf00000| PB 0x00000000ecf00000| Complete 
| 208|0x00000000ed000000, 0x00000000ed100000, 0x00000000ed100000|100%| E|CS|TAMS 0x00000000ed000000| PB 0x00000000ed000000| Complete 
| 209|0x00000000ed100000, 0x00000000ed200000, 0x00000000ed200000|100%| E|CS|TAMS 0x00000000ed100000| PB 0x00000000ed100000| Complete 
| 210|0x00000000ed200000, 0x00000000ed300000, 0x00000000ed300000|100%| E|CS|TAMS 0x00000000ed200000| PB 0x00000000ed200000| Complete 
| 211|0x00000000ed300000, 0x00000000ed400000, 0x00000000ed400000|100%| E|CS|TAMS 0x00000000ed300000| PB 0x00000000ed300000| Complete 
| 212|0x00000000ed400000, 0x00000000ed500000, 0x00000000ed500000|100%| E|CS|TAMS 0x00000000ed400000| PB 0x00000000ed400000| Complete 
| 213|0x00000000ed500000, 0x00000000ed600000, 0x00000000ed600000|100%| E|CS|TAMS 0x00000000ed500000| PB 0x00000000ed500000| Complete 
| 214|0x00000000ed600000, 0x00000000ed700000, 0x00000000ed700000|100%| E|CS|TAMS 0x00000000ed600000| PB 0x00000000ed600000| Complete 
| 215|0x00000000ed700000, 0x00000000ed800000, 0x00000000ed800000|100%| E|CS|TAMS 0x00000000ed700000| PB 0x00000000ed700000| Complete 
| 216|0x00000000ed800000, 0x00000000ed900000, 0x00000000ed900000|100%| E|CS|TAMS 0x00000000ed800000| PB 0x00000000ed800000| Complete 
| 217|0x00000000ed900000, 0x00000000eda00000, 0x00000000eda00000|100%| E|CS|TAMS 0x00000000ed900000| PB 0x00000000ed900000| Complete 
| 218|0x00000000eda00000, 0x00000000edb00000, 0x00000000edb00000|100%| E|CS|TAMS 0x00000000eda00000| PB 0x00000000eda00000| Complete 
| 219|0x00000000edb00000, 0x00000000edc00000, 0x00000000edc00000|100%| E|CS|TAMS 0x00000000edb00000| PB 0x00000000edb00000| Complete 
| 220|0x00000000edc00000, 0x00000000edd00000, 0x00000000edd00000|100%| E|CS|TAMS 0x00000000edc00000| PB 0x00000000edc00000| Complete 
| 221|0x00000000edd00000, 0x00000000ede00000, 0x00000000ede00000|100%| E|CS|TAMS 0x00000000edd00000| PB 0x00000000edd00000| Complete 
| 222|0x00000000ede00000, 0x00000000edf00000, 0x00000000edf00000|100%| E|CS|TAMS 0x00000000ede00000| PB 0x00000000ede00000| Complete 
| 223|0x00000000edf00000, 0x00000000ee000000, 0x00000000ee000000|100%| E|CS|TAMS 0x00000000edf00000| PB 0x00000000edf00000| Complete 
| 224|0x00000000ee000000, 0x00000000ee100000, 0x00000000ee100000|100%| E|CS|TAMS 0x00000000ee000000| PB 0x00000000ee000000| Complete 
| 225|0x00000000ee100000, 0x00000000ee200000, 0x00000000ee200000|100%| E|CS|TAMS 0x00000000ee100000| PB 0x00000000ee100000| Complete 
| 226|0x00000000ee200000, 0x00000000ee300000, 0x00000000ee300000|100%| E|CS|TAMS 0x00000000ee200000| PB 0x00000000ee200000| Complete 
| 227|0x00000000ee300000, 0x00000000ee400000, 0x00000000ee400000|100%| E|CS|TAMS 0x00000000ee300000| PB 0x00000000ee300000| Complete 
| 228|0x00000000ee400000, 0x00000000ee500000, 0x00000000ee500000|100%| E|CS|TAMS 0x00000000ee400000| PB 0x00000000ee400000| Complete 
| 229|0x00000000ee500000, 0x00000000ee576190, 0x00000000ee600000| 46%| S|CS|TAMS 0x00000000ee500000| PB 0x00000000ee500000| Complete 
| 230|0x00000000ee600000, 0x00000000ee700000, 0x00000000ee700000|100%| S|CS|TAMS 0x00000000ee600000| PB 0x00000000ee600000| Complete 
| 231|0x00000000ee700000, 0x00000000ee800000, 0x00000000ee800000|100%| S|CS|TAMS 0x00000000ee700000| PB 0x00000000ee700000| Complete 
| 232|0x00000000ee800000, 0x00000000ee900000, 0x00000000ee900000|100%| S|CS|TAMS 0x00000000ee800000| PB 0x00000000ee800000| Complete 
| 233|0x00000000ee900000, 0x00000000eea00000, 0x00000000eea00000|100%| S|CS|TAMS 0x00000000ee900000| PB 0x00000000ee900000| Complete 
| 234|0x00000000eea00000, 0x00000000eeb00000, 0x00000000eeb00000|100%| S|CS|TAMS 0x00000000eea00000| PB 0x00000000eea00000| Complete 
| 235|0x00000000eeb00000, 0x00000000eec00000, 0x00000000eec00000|100%| S|CS|TAMS 0x00000000eeb00000| PB 0x00000000eeb00000| Complete 
| 236|0x00000000eec00000, 0x00000000eed00000, 0x00000000eed00000|100%| S|CS|TAMS 0x00000000eec00000| PB 0x00000000eec00000| Complete 
| 237|0x00000000eed00000, 0x00000000eee00000, 0x00000000eee00000|100%| S|CS|TAMS 0x00000000eed00000| PB 0x00000000eed00000| Complete 
| 238|0x00000000eee00000, 0x00000000eef00000, 0x00000000eef00000|100%| S|CS|TAMS 0x00000000eee00000| PB 0x00000000eee00000| Complete 
| 239|0x00000000eef00000, 0x00000000ef000000, 0x00000000ef000000|100%| S|CS|TAMS 0x00000000eef00000| PB 0x00000000eef00000| Complete 
| 240|0x00000000ef000000, 0x00000000ef100000, 0x00000000ef100000|100%| S|CS|TAMS 0x00000000ef000000| PB 0x00000000ef000000| Complete 
| 241|0x00000000ef100000, 0x00000000ef200000, 0x00000000ef200000|100%| E|CS|TAMS 0x00000000ef100000| PB 0x00000000ef100000| Complete 
| 242|0x00000000ef200000, 0x00000000ef300000, 0x00000000ef300000|100%| E|CS|TAMS 0x00000000ef200000| PB 0x00000000ef200000| Complete 
| 243|0x00000000ef300000, 0x00000000ef400000, 0x00000000ef400000|100%| E|CS|TAMS 0x00000000ef300000| PB 0x00000000ef300000| Complete 
| 244|0x00000000ef400000, 0x00000000ef500000, 0x00000000ef500000|100%| E|CS|TAMS 0x00000000ef400000| PB 0x00000000ef400000| Complete 
| 245|0x00000000ef500000, 0x00000000ef600000, 0x00000000ef600000|100%| E|CS|TAMS 0x00000000ef500000| PB 0x00000000ef500000| Complete 
| 246|0x00000000ef600000, 0x00000000ef700000, 0x00000000ef700000|100%| E|CS|TAMS 0x00000000ef600000| PB 0x00000000ef600000| Complete 
| 247|0x00000000ef700000, 0x00000000ef800000, 0x00000000ef800000|100%| E|CS|TAMS 0x00000000ef700000| PB 0x00000000ef700000| Complete 
| 248|0x00000000ef800000, 0x00000000ef900000, 0x00000000ef900000|100%| E|CS|TAMS 0x00000000ef800000| PB 0x00000000ef800000| Complete 
| 249|0x00000000ef900000, 0x00000000efa00000, 0x00000000efa00000|100%| E|CS|TAMS 0x00000000ef900000| PB 0x00000000ef900000| Complete 
| 250|0x00000000efa00000, 0x00000000efb00000, 0x00000000efb00000|100%| E|CS|TAMS 0x00000000efa00000| PB 0x00000000efa00000| Complete 
| 251|0x00000000efb00000, 0x00000000efc00000, 0x00000000efc00000|100%| E|CS|TAMS 0x00000000efb00000| PB 0x00000000efb00000| Complete 
| 252|0x00000000efc00000, 0x00000000efd00000, 0x00000000efd00000|100%| E|CS|TAMS 0x00000000efc00000| PB 0x00000000efc00000| Complete 
| 253|0x00000000efd00000, 0x00000000efe00000, 0x00000000efe00000|100%| E|CS|TAMS 0x00000000efd00000| PB 0x00000000efd00000| Complete 
| 254|0x00000000efe00000, 0x00000000eff00000, 0x00000000eff00000|100%| E|CS|TAMS 0x00000000efe00000| PB 0x00000000efe00000| Complete 
| 255|0x00000000eff00000, 0x00000000f0000000, 0x00000000f0000000|100%| E|CS|TAMS 0x00000000eff00000| PB 0x00000000eff00000| Complete 

Card table byte_map: [0x000001f04b320000,0x000001f04b420000] _byte_map_base: 0x000001f04ac20000

Marking Bits: (CMBitMap*) 0x000001f03804e490
 Bits: [0x000001f04b420000, 0x000001f04bc20000)

Polling page: 0x000001f035de0000

Metaspace:

Usage:
  Non-class:     35.67 MB used.
      Class:      5.98 MB used.
       Both:     41.65 MB used.

Virtual space:
  Non-class space:       64.00 MB reserved,      36.38 MB ( 57%) committed,  1 nodes.
      Class space:      320.00 MB reserved,       6.62 MB (  2%) committed,  1 nodes.
             Both:      384.00 MB reserved,      43.00 MB ( 11%) committed. 

Chunk freelists:
   Non-Class:  11.45 MB
       Class:  9.19 MB
        Both:  20.64 MB

MaxMetaspaceSize: 384.00 MB
CompressedClassSpaceSize: 320.00 MB
Initial GC threshold: 21.00 MB
Current GC threshold: 59.69 MB
CDS: on
 - commit_granule_bytes: 65536.
 - commit_granule_words: 8192.
 - virtual_space_node_default_size: 8388608.
 - enlarge_chunks_in_place: 1.
 - use_allocation_guard: 0.


Internal statistics:

num_allocs_failed_limit: 18.
num_arena_births: 2552.
num_arena_deaths: 0.
num_vsnodes_births: 2.
num_vsnodes_deaths: 0.
num_space_committed: 688.
num_space_uncommitted: 0.
num_chunks_returned_to_freelist: 18.
num_chunks_taken_from_freelist: 4509.
num_chunk_merges: 6.
num_chunk_splits: 2937.
num_chunks_enlarged: 1799.
num_inconsistent_stats: 0.

CodeHeap 'non-profiled nmethods': size=119168Kb used=2912Kb max_used=2912Kb free=116255Kb
 bounds [0x000001f042dc0000, 0x000001f0430a0000, 0x000001f04a220000]
CodeHeap 'profiled nmethods': size=119104Kb used=9345Kb max_used=9345Kb free=109758Kb
 bounds [0x000001f03b220000, 0x000001f03bb50000, 0x000001f042670000]
CodeHeap 'non-nmethods': size=7488Kb used=4251Kb max_used=4294Kb free=3236Kb
 bounds [0x000001f042670000, 0x000001f042ab0000, 0x000001f042dc0000]
CodeCache: size=245760Kb, used=16508Kb, max_used=16551Kb, free=229249Kb
 total_blobs=5535, nmethods=4701, adapters=735, full_count=0
Compilation: enabled, stopped_count=0, restarted_count=0

Compilation events (20 events):
Event: 3.220 Thread 0x000001f04f4e7000 nmethod 5232 0x000001f03bb39290 code [0x000001f03bb39480, 0x000001f03bb39868]
Event: 3.221 Thread 0x000001f04f64edb0 5234       4       java.beans.MethodRef::get (91 bytes)
Event: 3.221 Thread 0x000001f04f27b610 5235   !   4       java.lang.Class::getTypeName (46 bytes)
Event: 3.221 Thread 0x000001f04f4e7000 5236       3       java.util.Comparator$$Lambda/0x000001f051179528::compare (10 bytes)
Event: 3.221 Thread 0x000001f04f41a070 5237       3       java.util.Comparator::lambda$comparing$77a9974f$1 (23 bytes)
Event: 3.221 Thread 0x000001f0693872f0 nmethod 5233 0x000001f03bb39a10 code [0x000001f03bb3a020, 0x000001f03bb3cd38]
Event: 3.221 Thread 0x000001f04f4e7000 nmethod 5236 0x000001f03bb3e510 code [0x000001f03bb3e700, 0x000001f03bb3ebf8]
Event: 3.221 Thread 0x000001f04f41a070 nmethod 5237 0x000001f03bb3ed90 code [0x000001f03bb3ef60, 0x000001f03bb3f3d0]
Event: 3.221 Thread 0x000001f04f6dadf0 5238       4       java.util.stream.AbstractSpinedBuffer::count (31 bytes)
Event: 3.221 Thread 0x000001f0693872f0 5239       3       org.codehaus.groovy.reflection.CachedField::isStatic (8 bytes)
Event: 3.222 Thread 0x000001f0693872f0 nmethod 5239 0x000001f03bb3f510 code [0x000001f03bb3f6c0, 0x000001f03bb3f900]
Event: 3.222 Thread 0x000001f04f64edb0 nmethod 5234 0x000001f043092c10 code [0x000001f043092da0, 0x000001f043092ed8]
Event: 3.222 Thread 0x000001f04f6dadf0 nmethod 5238 0x000001f043093590 code [0x000001f043093720, 0x000001f0430937f8]
Event: 3.222 Thread 0x000001f04f27b610 nmethod 5235 0x000001f043093910 code [0x000001f043093ae0, 0x000001f043093ca0]
Event: 3.223 Thread 0x000001f0693872f0 5245       3       java.util.concurrent.locks.AbstractQueuedSynchronizer$Node::clearStatus (12 bytes)
Event: 3.223 Thread 0x000001f04f4e7000 5246       3       jdk.internal.misc.Unsafe::putIntOpaque (9 bytes)
Event: 3.223 Thread 0x000001f04f41a070 5247       3       java.lang.invoke.InvokerBytecodeGenerator::emitStoreInsn (21 bytes)
Event: 3.223 Thread 0x000001f0693872f0 nmethod 5245 0x000001f03bb3fa10 code [0x000001f03bb3fbc0, 0x000001f03bb3fd78]
Event: 3.223 Thread 0x000001f04f4e7000 nmethod 5246 0x000001f043094790 code [0x000001f043094920, 0x000001f043094a38]
Event: 3.223 Thread 0x000001f04f41a070 nmethod 5247 0x000001f043094b10 code [0x000001f043094ce0, 0x000001f043094f38]

GC Heap History (14 events):
Event: 0.218 GC heap before
{Heap before GC invocations=0 (full 0):
 garbage-first heap   total 262144K, used 26624K [0x00000000e0000000, 0x0000000100000000)
  region size 1024K, 23 young (23552K), 0 survivors (0K)
 Metaspace       used 1128K, committed 1280K, reserved 393216K
  class space    used 80K, committed 128K, reserved 327680K
}
Event: 0.220 GC heap after
{Heap after GC invocations=1 (full 0):
 garbage-first heap   total 262144K, used 10685K [0x00000000e0000000, 0x0000000100000000)
  region size 1024K, 3 young (3072K), 3 survivors (3072K)
 Metaspace       used 1128K, committed 1280K, reserved 393216K
  class space    used 80K, committed 128K, reserved 327680K
}
Event: 0.587 GC heap before
{Heap before GC invocations=1 (full 0):
 garbage-first heap   total 262144K, used 42429K [0x00000000e0000000, 0x0000000100000000)
  region size 1024K, 34 young (34816K), 3 survivors (3072K)
 Metaspace       used 4370K, committed 4544K, reserved 393216K
  class space    used 546K, committed 640K, reserved 327680K
}
Event: 0.589 GC heap after
{Heap after GC invocations=2 (full 0):
 garbage-first heap   total 262144K, used 12267K [0x00000000e0000000, 0x0000000100000000)
  region size 1024K, 2 young (2048K), 2 survivors (2048K)
 Metaspace       used 4370K, committed 4544K, reserved 393216K
  class space    used 546K, committed 640K, reserved 327680K
}
Event: 1.283 GC heap before
{Heap before GC invocations=2 (full 0):
 garbage-first heap   total 262144K, used 96235K [0x00000000e0000000, 0x0000000100000000)
  region size 1024K, 82 young (83968K), 2 survivors (2048K)
 Metaspace       used 14226K, committed 14656K, reserved 393216K
  class space    used 1979K, committed 2176K, reserved 327680K
}
Event: 1.287 GC heap after
{Heap after GC invocations=3 (full 0):
 garbage-first heap   total 262144K, used 21817K [0x00000000e0000000, 0x0000000100000000)
  region size 1024K, 11 young (11264K), 11 survivors (11264K)
 Metaspace       used 14226K, committed 14656K, reserved 393216K
  class space    used 1979K, committed 2176K, reserved 327680K
}
Event: 1.800 GC heap before
{Heap before GC invocations=3 (full 0):
 garbage-first heap   total 262144K, used 69945K [0x00000000e0000000, 0x0000000100000000)
  region size 1024K, 59 young (60416K), 11 survivors (11264K)
 Metaspace       used 20826K, committed 21504K, reserved 393216K
  class space    used 3059K, committed 3392K, reserved 327680K
}
Event: 1.804 GC heap after
{Heap after GC invocations=4 (full 0):
 garbage-first heap   total 262144K, used 25597K [0x00000000e0000000, 0x0000000100000000)
  region size 1024K, 14 young (14336K), 14 survivors (14336K)
 Metaspace       used 20826K, committed 21504K, reserved 393216K
  class space    used 3059K, committed 3392K, reserved 327680K
}
Event: 2.644 GC heap before
{Heap before GC invocations=5 (full 0):
 garbage-first heap   total 262144K, used 118781K [0x00000000e0000000, 0x0000000100000000)
  region size 1024K, 107 young (109568K), 14 survivors (14336K)
 Metaspace       used 34740K, committed 35968K, reserved 393216K
  class space    used 5156K, committed 5760K, reserved 327680K
}
Event: 2.650 GC heap after
{Heap after GC invocations=6 (full 0):
 garbage-first heap   total 262144K, used 32612K [0x00000000e0000000, 0x0000000100000000)
  region size 1024K, 11 young (11264K), 11 survivors (11264K)
 Metaspace       used 34740K, committed 35968K, reserved 393216K
  class space    used 5156K, committed 5760K, reserved 327680K
}
Event: 2.657 GC heap before
{Heap before GC invocations=6 (full 0):
 garbage-first heap   total 262144K, used 32612K [0x00000000e0000000, 0x0000000100000000)
  region size 1024K, 12 young (12288K), 11 survivors (11264K)
 Metaspace       used 35031K, committed 36288K, reserved 393216K
  class space    used 5168K, committed 5824K, reserved 327680K
}
Event: 2.660 GC heap after
{Heap after GC invocations=7 (full 0):
 garbage-first heap   total 262144K, used 32231K [0x00000000e0000000, 0x0000000100000000)
  region size 1024K, 11 young (11264K), 11 survivors (11264K)
 Metaspace       used 35031K, committed 36288K, reserved 393216K
  class space    used 5168K, committed 5824K, reserved 327680K
}
Event: 2.691 GC heap before
{Heap before GC invocations=7 (full 0):
 garbage-first heap   total 262144K, used 35303K [0x00000000e0000000, 0x0000000100000000)
  region size 1024K, 15 young (15360K), 11 survivors (11264K)
 Metaspace       used 35387K, committed 36608K, reserved 393216K
  class space    used 5208K, committed 5824K, reserved 327680K
}
Event: 2.693 GC heap after
{Heap after GC invocations=8 (full 0):
 garbage-first heap   total 262144K, used 33541K [0x00000000e0000000, 0x0000000100000000)
  region size 1024K, 12 young (12288K), 12 survivors (12288K)
 Metaspace       used 35387K, committed 36608K, reserved 393216K
  class space    used 5208K, committed 5824K, reserved 327680K
}

Dll operation events (14 events):
Event: 0.006 Loaded shared library C:\Users\LEGION\.antigravity-ide\extensions\redhat.java-1.54.0-win32-x64\jre\21.0.10-win32-x86_64\bin\java.dll
Event: 0.037 Loaded shared library C:\Users\LEGION\.antigravity-ide\extensions\redhat.java-1.54.0-win32-x64\jre\21.0.10-win32-x86_64\bin\zip.dll
Event: 0.046 Loaded shared library C:\Users\LEGION\.antigravity-ide\extensions\redhat.java-1.54.0-win32-x64\jre\21.0.10-win32-x86_64\bin\instrument.dll
Event: 0.049 Loaded shared library C:\Users\LEGION\.antigravity-ide\extensions\redhat.java-1.54.0-win32-x64\jre\21.0.10-win32-x86_64\bin\net.dll
Event: 0.050 Loaded shared library C:\Users\LEGION\.antigravity-ide\extensions\redhat.java-1.54.0-win32-x64\jre\21.0.10-win32-x86_64\bin\nio.dll
Event: 0.052 Loaded shared library C:\Users\LEGION\.antigravity-ide\extensions\redhat.java-1.54.0-win32-x64\jre\21.0.10-win32-x86_64\bin\zip.dll
Event: 0.154 Loaded shared library C:\Users\LEGION\.antigravity-ide\extensions\redhat.java-1.54.0-win32-x64\jre\21.0.10-win32-x86_64\bin\jimage.dll
Event: 0.226 Loaded shared library C:\Users\LEGION\.antigravity-ide\extensions\redhat.java-1.54.0-win32-x64\jre\21.0.10-win32-x86_64\bin\verify.dll
Event: 0.307 Loaded shared library C:\Users\LEGION\.gradle\native\c067742578af261105cb4f569cf0c3c89f3d7b1fecec35dd04571415982c5e48\windows-amd64\native-platform.dll
Event: 0.401 Loaded shared library C:\Users\LEGION\.gradle\native\100fb08df4bc3b14c8652ba06237920a3bd2aa13389f12d3474272988ae205f9\windows-amd64\native-platform-file-events.dll
Event: 0.848 Loaded shared library C:\Users\LEGION\.antigravity-ide\extensions\redhat.java-1.54.0-win32-x64\jre\21.0.10-win32-x86_64\bin\management.dll
Event: 0.850 Loaded shared library C:\Users\LEGION\.antigravity-ide\extensions\redhat.java-1.54.0-win32-x64\jre\21.0.10-win32-x86_64\bin\management_ext.dll
Event: 0.945 Loaded shared library C:\Users\LEGION\.antigravity-ide\extensions\redhat.java-1.54.0-win32-x64\jre\21.0.10-win32-x86_64\bin\extnet.dll
Event: 1.028 Loaded shared library C:\Users\LEGION\.antigravity-ide\extensions\redhat.java-1.54.0-win32-x64\jre\21.0.10-win32-x86_64\bin\sunmscapi.dll

Deoptimization events (20 events):
Event: 3.091 Thread 0x000001f06a38d900 Uncommon trap: trap_request=0xffffffde fr.pc=0x000001f042ec4f48 relative=0x0000000000000288
Event: 3.091 Thread 0x000001f06a38d900 Uncommon trap: reason=class_check action=maybe_recompile pc=0x000001f042ec4f48 method=java.util.HashSet.contains(Ljava/lang/Object;)Z @ 5 c2
Event: 3.091 Thread 0x000001f06a38d900 DEOPT PACKING pc=0x000001f042ec4f48 sp=0x00000020868f95e0
Event: 3.091 Thread 0x000001f06a38d900 DEOPT UNPACKING pc=0x000001f0426c4422 sp=0x00000020868f9588 mode 2
Event: 3.194 Thread 0x000001f06a38d900 Uncommon trap: trap_request=0xffffff45 fr.pc=0x000001f042ecca90 relative=0x0000000000000250
Event: 3.194 Thread 0x000001f06a38d900 Uncommon trap: reason=unstable_if action=reinterpret pc=0x000001f042ecca90 method=org.objectweb.asm.Frame.push(I)V @ 26 c2
Event: 3.194 Thread 0x000001f06a38d900 DEOPT PACKING pc=0x000001f042ecca90 sp=0x00000020868f65d0
Event: 3.194 Thread 0x000001f06a38d900 DEOPT UNPACKING pc=0x000001f0426c4422 sp=0x00000020868f6578 mode 2
Event: 3.222 Thread 0x000001f06a38d900 Uncommon trap: trap_request=0xfffffff4 fr.pc=0x000001f042f07684 relative=0x0000000000000344
Event: 3.222 Thread 0x000001f06a38d900 Uncommon trap: reason=null_check action=make_not_entrant pc=0x000001f042f07684 method=sun.invoke.util.VerifyType.isNullConversion(Ljava/lang/Class;Ljava/lang/Class;Z)Z @ 67 c2
Event: 3.222 Thread 0x000001f06a38d900 DEOPT PACKING pc=0x000001f042f07684 sp=0x00000020868f5a30
Event: 3.222 Thread 0x000001f06a38d900 DEOPT UNPACKING pc=0x000001f0426c4422 sp=0x00000020868f59b0 mode 2
Event: 3.223 Thread 0x000001f06a38d900 Uncommon trap: trap_request=0xffffff45 fr.pc=0x000001f042f99734 relative=0x0000000000000574
Event: 3.223 Thread 0x000001f06a38d900 Uncommon trap: reason=unstable_if action=reinterpret pc=0x000001f042f99734 method=java.lang.invoke.InvokerBytecodeGenerator.storeInsnOpcode(Ljava/lang/invoke/LambdaForm$BasicType;)I @ 8 c2
Event: 3.223 Thread 0x000001f06a38d900 DEOPT PACKING pc=0x000001f042f99734 sp=0x00000020868f51c0
Event: 3.223 Thread 0x000001f06a38d900 DEOPT UNPACKING pc=0x000001f0426c4422 sp=0x00000020868f5108 mode 2
Event: 3.223 Thread 0x000001f06a38d900 Uncommon trap: trap_request=0xffffff45 fr.pc=0x000001f042f97b48 relative=0x00000000000000a8
Event: 3.223 Thread 0x000001f06a38d900 Uncommon trap: reason=unstable_if action=reinterpret pc=0x000001f042f97b48 method=java.lang.invoke.InvokerBytecodeGenerator.storeInsnOpcode(Ljava/lang/invoke/LambdaForm$BasicType;)I @ 8 c2
Event: 3.223 Thread 0x000001f06a38d900 DEOPT PACKING pc=0x000001f042f97b48 sp=0x00000020868f5610
Event: 3.223 Thread 0x000001f06a38d900 DEOPT UNPACKING pc=0x000001f0426c4422 sp=0x00000020868f55b0 mode 2

Classes loaded (20 events):
Event: 3.082 Loading class javax/naming/NamingException
Event: 3.082 Loading class javax/naming/NamingException done
Event: 3.082 Loading class javax/naming/InvalidNameException
Event: 3.082 Loading class javax/naming/InvalidNameException done
Event: 3.125 Loading class sun/reflect/MagicAccessorImpl
Event: 3.125 Loading class sun/reflect/MagicAccessorImpl done
Event: 3.162 Loading class java/util/AbstractCollectionBeanInfo
Event: 3.162 Loading class java/util/AbstractCollectionBeanInfo done
Event: 3.162 Loading class java/util/AbstractCollectionBeanInfo
Event: 3.162 Loading class java/util/AbstractCollectionBeanInfo done
Event: 3.162 Loading class java/util/AbstractCollectionCustomizer
Event: 3.162 Loading class java/util/AbstractCollectionCustomizer done
Event: 3.162 Loading class java/util/AbstractCollectionCustomizer
Event: 3.162 Loading class java/util/AbstractCollectionCustomizer done
Event: 3.162 Loading class sun/reflect/generics/reflectiveObjects/GenericArrayTypeImpl
Event: 3.162 Loading class sun/reflect/generics/reflectiveObjects/GenericArrayTypeImpl done
Event: 3.222 Loading class sun/invoke/util/ValueConversions$1
Event: 3.222 Loading class sun/invoke/util/ValueConversions$1 done
Event: 3.222 Loading class java/lang/invoke/BoundMethodHandle$Species_LI
Event: 3.222 Loading class java/lang/invoke/BoundMethodHandle$Species_LI done

Classes unloaded (0 events):
No events

Classes redefined (0 events):
No events

Internal exceptions (20 events):
Event: 3.195 Thread 0x000001f06a38d900 Exception <a 'java/lang/NoSuchMethodError'{0x00000000ea54f668}: 'java.lang.Object java.lang.invoke.DirectMethodHandle$Holder.newInvokeSpecial(java.lang.Object, java.lang.Object, java.lang.Object, java.lang.Object, java.lang.Object, java.lang.Object, java.lang.Object, java.lang.Object, java.lang.Object, java.lang.Object, java.lang.Object, java.lang.Object, java.lang.Object, java.lang.Object, java.lang.Object, java.lang.Object, java.lang.Object, java.lang.Object, java.lang.Object)'> (0x00000000ea54f668) 
thr
Event: 3.196 Thread 0x000001f06a38d900 Exception <a 'java/lang/NoSuchMethodError'{0x00000000ea556450}: 'java.lang.Object java.lang.invoke.DirectMethodHandle$Holder.invokeSpecial(java.lang.Object, java.lang.Object, java.lang.Object, java.lang.Object, java.lang.Object, java.lang.Object, java.lang.Object, java.lang.Object, java.lang.Object, java.lang.Object, java.lang.Object, java.lang.Object, java.lang.Object, java.lang.Object, java.lang.Object, java.lang.Object, java.lang.Object, java.lang.Object, java.lang.Object, java.lang.Object)'> (0x0000000
Event: 3.196 Thread 0x000001f06a38d900 Exception <a 'java/lang/NoSuchMethodError'{0x00000000ea55c200}: 'java.lang.Object java.lang.invoke.DelegatingMethodHandle$Holder.reinvoke_L(java.lang.Object, java.lang.Object, java.lang.Object, java.lang.Object, java.lang.Object, java.lang.Object, java.lang.Object, java.lang.Object, java.lang.Object, java.lang.Object, java.lang.Object, java.lang.Object, java.lang.Object, java.lang.Object, java.lang.Object, java.lang.Object, java.lang.Object, java.lang.Object, java.lang.Object)'> (0x00000000ea55c200) 
throw
Event: 3.209 Thread 0x000001f06a38d900 Exception <a 'java/lang/NoSuchMethodError'{0x00000000ea418d10}: 'java.lang.Object java.lang.invoke.DirectMethodHandle$Holder.newInvokeSpecial(java.lang.Object, java.lang.Object, java.lang.Object, java.lang.Object, java.lang.Object, java.lang.Object, java.lang.Object, java.lang.Object, java.lang.Object, java.lang.Object, java.lang.Object, java.lang.Object, java.lang.Object, java.lang.Object, java.lang.Object, java.lang.Object, java.lang.Object, java.lang.Object)'> (0x00000000ea418d10) 
thrown [s\src\hotspot
Event: 3.210 Thread 0x000001f06a38d900 Exception <a 'java/lang/NoSuchMethodError'{0x00000000ea41f860}: 'java.lang.Object java.lang.invoke.DirectMethodHandle$Holder.invokeSpecial(java.lang.Object, java.lang.Object, java.lang.Object, java.lang.Object, java.lang.Object, java.lang.Object, java.lang.Object, java.lang.Object, java.lang.Object, java.lang.Object, java.lang.Object, java.lang.Object, java.lang.Object, java.lang.Object, java.lang.Object, java.lang.Object, java.lang.Object, java.lang.Object, java.lang.Object)'> (0x00000000ea41f860) 
thrown
Event: 3.210 Thread 0x000001f06a38d900 Exception <a 'java/lang/NoSuchMethodError'{0x00000000ea425478}: 'java.lang.Object java.lang.invoke.DelegatingMethodHandle$Holder.reinvoke_L(java.lang.Object, java.lang.Object, java.lang.Object, java.lang.Object, java.lang.Object, java.lang.Object, java.lang.Object, java.lang.Object, java.lang.Object, java.lang.Object, java.lang.Object, java.lang.Object, java.lang.Object, java.lang.Object, java.lang.Object, java.lang.Object, java.lang.Object, java.lang.Object)'> (0x00000000ea425478) 
thrown [s\src\hotspot\s
Event: 3.215 Thread 0x000001f06a38d900 Exception <a 'java/lang/ClassNotFoundException'{0x00000000ea352558}: org/gradle/api/internal/artifacts/repositories/DefaultMavenArtifactRepository_DecoratedBeanInfo> (0x00000000ea352558) 
thrown [s\src\hotspot\share\classfile\systemDictionary.cpp, line 312]
Event: 3.215 Thread 0x000001f06a38d900 Exception <a 'java/lang/ClassNotFoundException'{0x00000000ea368350}: org/gradle/api/internal/artifacts/repositories/DefaultMavenArtifactRepositoryBeanInfo> (0x00000000ea368350) 
thrown [s\src\hotspot\share\classfile\systemDictionary.cpp, line 312]
Event: 3.216 Thread 0x000001f06a38d900 Exception <a 'java/lang/ClassNotFoundException'{0x00000000ea37e570}: org/gradle/api/internal/artifacts/repositories/AbstractAuthenticationSupportedRepositoryBeanInfo> (0x00000000ea37e570) 
thrown [s\src\hotspot\share\classfile\systemDictionary.cpp, line 312]
Event: 3.216 Thread 0x000001f06a38d900 Exception <a 'java/lang/ClassNotFoundException'{0x00000000ea3955a8}: org/gradle/api/internal/artifacts/repositories/AbstractResolutionAwareArtifactRepositoryBeanInfo> (0x00000000ea3955a8) 
thrown [s\src\hotspot\share\classfile\systemDictionary.cpp, line 312]
Event: 3.216 Thread 0x000001f06a38d900 Exception <a 'java/lang/ClassNotFoundException'{0x00000000ea3aca98}: org/gradle/api/internal/artifacts/repositories/AbstractArtifactRepositoryBeanInfo> (0x00000000ea3aca98) 
thrown [s\src\hotspot\share\classfile\systemDictionary.cpp, line 312]
Event: 3.216 Thread 0x000001f06a38d900 Exception <a 'java/lang/ClassNotFoundException'{0x00000000ea3c3a80}: org/gradle/api/internal/artifacts/repositories/AbstractArtifactRepositoryCustomizer> (0x00000000ea3c3a80) 
thrown [s\src\hotspot\share\classfile\systemDictionary.cpp, line 312]
Event: 3.217 Thread 0x000001f06a38d900 Exception <a 'java/lang/ClassNotFoundException'{0x00000000ea3fb590}: org/gradle/api/internal/artifacts/repositories/AbstractResolutionAwareArtifactRepositoryCustomizer> (0x00000000ea3fb590) 
thrown [s\src\hotspot\share\classfile\systemDictionary.cpp, line 312]
Event: 3.218 Thread 0x000001f06a38d900 Exception <a 'java/lang/ClassNotFoundException'{0x00000000ea21ce60}: org/gradle/api/internal/artifacts/repositories/AbstractAuthenticationSupportedRepositoryCustomizer> (0x00000000ea21ce60) 
thrown [s\src\hotspot\share\classfile\systemDictionary.cpp, line 312]
Event: 3.219 Thread 0x000001f06a38d900 Exception <a 'java/lang/ClassNotFoundException'{0x00000000ea248298}: org/gradle/api/internal/artifacts/repositories/DefaultMavenArtifactRepositoryCustomizer> (0x00000000ea248298) 
thrown [s\src\hotspot\share\classfile\systemDictionary.cpp, line 312]
Event: 3.220 Thread 0x000001f06a38d900 Exception <a 'java/lang/ClassNotFoundException'{0x00000000ea278420}: org/gradle/api/internal/artifacts/repositories/DefaultMavenArtifactRepository_DecoratedCustomizer> (0x00000000ea278420) 
thrown [s\src\hotspot\share\classfile\systemDictionary.cpp, line 312]
Event: 3.222 Thread 0x000001f06a38d900 Implicit null exception at 0x000001f042f073f2 to 0x000001f042f07670
Event: 3.222 Thread 0x000001f06a38d900 Exception <a 'java/lang/NoSuchMethodError'{0x00000000ea2da2b0}: 'int java.lang.invoke.DirectMethodHandle$Holder.invokeSpecial(java.lang.Object, java.lang.Object, java.lang.Object, int)'> (0x00000000ea2da2b0) 
thrown [s\src\hotspot\share\interpreter\linkResolver.cpp, line 773]
Event: 3.223 Thread 0x000001f06a38d900 Exception <a 'java/lang/NoSuchMethodError'{0x00000000ea2ebd70}: 'java.lang.Object java.lang.invoke.DirectMethodHandle$Holder.invokeStatic(java.lang.Object, java.lang.Object, java.lang.Object, java.lang.Object, int)'> (0x00000000ea2ebd70) 
thrown [s\src\hotspot\share\interpreter\linkResolver.cpp, line 773]
Event: 3.223 Thread 0x000001f06a38d900 Exception <a 'java/lang/NoSuchMethodError'{0x00000000ea2f48b0}: 'java.lang.Object java.lang.invoke.DirectMethodHandle$Holder.invokeSpecial(java.lang.Object, java.lang.Object, java.lang.Object, java.lang.Object, int)'> (0x00000000ea2f48b0) 
thrown [s\src\hotspot\share\interpreter\linkResolver.cpp, line 773]

ZGC Phase Switch (0 events):
No events

VM Operations (20 events):
Event: 2.694 Executing safepoint VM operation: CollectForMetadataAllocation (Metadata GC Threshold)
Event: 2.694 Executing safepoint VM operation: CollectForMetadataAllocation (Metadata GC Threshold) done
Event: 2.694 Executing safepoint VM operation: CollectForMetadataAllocation (Metadata GC Threshold)
Event: 2.694 Executing safepoint VM operation: CollectForMetadataAllocation (Metadata GC Threshold) done
Event: 2.697 Executing safepoint VM operation: G1PauseRemark
Event: 2.699 Executing safepoint VM operation: G1PauseRemark done
Event: 2.701 Executing safepoint VM operation: G1PauseCleanup
Event: 2.701 Executing safepoint VM operation: G1PauseCleanup done
Event: 2.704 Executing non-safepoint VM operation: HandshakeAllThreads (Deoptimize)
Event: 2.704 Executing non-safepoint VM operation: HandshakeAllThreads (Deoptimize) done
Event: 2.859 Executing safepoint VM operation: ICBufferFull
Event: 2.859 Executing safepoint VM operation: ICBufferFull done
Event: 2.870 Executing non-safepoint VM operation: HandshakeAllThreads (Deoptimize)
Event: 2.870 Executing non-safepoint VM operation: HandshakeAllThreads (Deoptimize) done
Event: 2.917 Executing non-safepoint VM operation: HandshakeAllThreads (Deoptimize)
Event: 2.917 Executing non-safepoint VM operation: HandshakeAllThreads (Deoptimize) done
Event: 3.004 Executing non-safepoint VM operation: HandshakeAllThreads (Deoptimize)
Event: 3.004 Executing non-safepoint VM operation: HandshakeAllThreads (Deoptimize) done
Event: 3.069 Executing safepoint VM operation: ICBufferFull
Event: 3.069 Executing safepoint VM operation: ICBufferFull done

Memory protections (0 events):
No events

Nmethod flushes (20 events):
Event: 2.698 Thread 0x000001f04f250a70 flushing  nmethod 0x000001f03b2cf590
Event: 2.698 Thread 0x000001f04f250a70 flushing  nmethod 0x000001f03b2d4610
Event: 2.698 Thread 0x000001f04f250a70 flushing  nmethod 0x000001f03b599090
Event: 2.698 Thread 0x000001f04f250a70 flushing  nmethod 0x000001f03b59c610
Event: 2.698 Thread 0x000001f04f250a70 flushing  nmethod 0x000001f03b5e3910
Event: 2.698 Thread 0x000001f04f250a70 flushing  nmethod 0x000001f03b87fd90
Event: 2.698 Thread 0x000001f04f250a70 flushing  nmethod 0x000001f03b880790
Event: 2.698 Thread 0x000001f04f250a70 flushing  nmethod 0x000001f03b2de010
Event: 2.698 Thread 0x000001f04f250a70 flushing  nmethod 0x000001f03b2de990
Event: 2.698 Thread 0x000001f04f250a70 flushing  nmethod 0x000001f03b2df510
Event: 2.698 Thread 0x000001f04f250a70 flushing  nmethod 0x000001f03b2e0310
Event: 2.698 Thread 0x000001f04f250a70 flushing  nmethod 0x000001f03b2e1290
Event: 2.698 Thread 0x000001f04f250a70 flushing  nmethod 0x000001f03b2e1910
Event: 2.698 Thread 0x000001f04f250a70 flushing  nmethod 0x000001f03b2e3290
Event: 2.698 Thread 0x000001f04f250a70 flushing  nmethod 0x000001f03b2e4510
Event: 2.698 Thread 0x000001f04f250a70 flushing  nmethod 0x000001f03b2e4890
Event: 2.698 Thread 0x000001f04f250a70 flushing  nmethod 0x000001f03b35b790
Event: 2.698 Thread 0x000001f04f250a70 flushing  nmethod 0x000001f03b35bd10
Event: 2.698 Thread 0x000001f04f250a70 flushing  nmethod 0x000001f03b35d490
Event: 2.698 Thread 0x000001f04f250a70 flushing  nmethod 0x000001f03b35e610

Events (20 events):
Event: 1.042 Thread 0x000001f06a644e90 Thread added: 0x000001f06a645500
Event: 1.058 Thread 0x000001f06a644e90 Thread added: 0x000001f06a4f8bc0
Event: 1.062 Thread 0x000001f06a644e90 Thread added: 0x000001f06a38d900
Event: 1.070 Thread 0x000001f06a38d900 Thread added: 0x000001f06a390d80
Event: 1.072 Thread 0x000001f06a38d900 Thread added: 0x000001f06a38df90
Event: 1.074 Thread 0x000001f06a38d900 Thread added: 0x000001f06a38e620
Event: 1.304 Thread 0x000001f06a38d900 Thread added: 0x000001f06a38f9d0
Event: 1.315 Thread 0x000001f06a38d900 Thread added: 0x000001f06a390060
Event: 1.334 Thread 0x000001f06a38d900 Thread added: 0x000001f06a38ecb0
Event: 1.808 Thread 0x000001f06a38d900 Thread added: 0x000001f06a3906f0
Event: 1.825 Thread 0x000001f06a38d900 Thread added: 0x000001f06dcd35b0
Event: 1.936 Thread 0x000001f06a38d900 Thread added: 0x000001f06dcd3c40
Event: 1.939 Thread 0x000001f06a38d900 Thread added: 0x000001f06dcd0e50
Event: 2.030 Thread 0x000001f06a38d900 Thread added: 0x000001f06dcd14e0
Event: 2.050 Thread 0x000001f06a38d900 Thread added: 0x000001f06dcd2f20
Event: 2.124 Thread 0x000001f06a38d900 Thread added: 0x000001f06dcd07c0
Event: 2.197 Thread 0x000001f06a38d900 Thread added: 0x000001f06dcd1b70
Event: 2.308 Thread 0x000001f06a38d900 Thread added: 0x000001f06dcd2200
Event: 2.338 Thread 0x000001f06a38d900 Thread added: 0x000001f06dcd2890
Event: 3.106 Thread 0x000001f06a38d900 Thread added: 0x000001f06df7fdf0


Dynamic libraries:
0x00007ff71bab0000 - 0x00007ff71babe000 	C:\Users\LEGION\.antigravity-ide\extensions\redhat.java-1.54.0-win32-x64\jre\21.0.10-win32-x86_64\bin\java.exe
0x00007ffef5d60000 - 0x00007ffef5fc7000 	C:\Windows\SYSTEM32\ntdll.dll
0x00007ffef4f20000 - 0x00007ffef4fe9000 	C:\Windows\System32\KERNEL32.DLL
0x00007ffef2950000 - 0x00007ffef2d47000 	C:\Windows\System32\KERNELBASE.dll
0x00007ffef2e30000 - 0x00007ffef2f7b000 	C:\Windows\System32\ucrtbase.dll
0x00007ffeda270000 - 0x00007ffeda288000 	C:\Users\LEGION\.antigravity-ide\extensions\redhat.java-1.54.0-win32-x64\jre\21.0.10-win32-x86_64\bin\jli.dll
0x00007ffed7a60000 - 0x00007ffed7a7e000 	C:\Users\LEGION\.antigravity-ide\extensions\redhat.java-1.54.0-win32-x64\jre\21.0.10-win32-x86_64\bin\VCRUNTIME140.dll
0x00007ffef5440000 - 0x00007ffef5606000 	C:\Windows\System32\USER32.dll
0x00007ffef2d50000 - 0x00007ffef2d77000 	C:\Windows\System32\win32u.dll
0x00007ffedad30000 - 0x00007ffedafc2000 	C:\Windows\WinSxS\amd64_microsoft.windows.common-controls_6595b64144ccf1df_6.0.26100.8457_none_3e0b2faee331e92d\COMCTL32.dll
0x00007ffef5410000 - 0x00007ffef543b000 	C:\Windows\System32\GDI32.dll
0x00007ffef4500000 - 0x00007ffef45a9000 	C:\Windows\System32\msvcrt.dll
0x00007ffef2790000 - 0x00007ffef28bc000 	C:\Windows\System32\gdi32full.dll
0x00007ffef3a30000 - 0x00007ffef3ad3000 	C:\Windows\System32\msvcp_win.dll
0x00007ffef4af0000 - 0x00007ffef4b22000 	C:\Windows\System32\IMM32.DLL
0x00007ffeeaec0000 - 0x00007ffeeaecc000 	C:\Users\LEGION\.antigravity-ide\extensions\redhat.java-1.54.0-win32-x64\jre\21.0.10-win32-x86_64\bin\vcruntime140_1.dll
0x00007ffe20e90000 - 0x00007ffe20f1d000 	C:\Users\LEGION\.antigravity-ide\extensions\redhat.java-1.54.0-win32-x64\jre\21.0.10-win32-x86_64\bin\msvcp140.dll
0x00007ffd63aa0000 - 0x00007ffd64841000 	C:\Users\LEGION\.antigravity-ide\extensions\redhat.java-1.54.0-win32-x64\jre\21.0.10-win32-x86_64\bin\server\jvm.dll
0x00007ffef5690000 - 0x00007ffef5746000 	C:\Windows\System32\ADVAPI32.dll
0x00007ffef45b0000 - 0x00007ffef4657000 	C:\Windows\System32\sechost.dll
0x00007ffef4ff0000 - 0x00007ffef5108000 	C:\Windows\System32\RPCRT4.dll
0x00007ffef5bc0000 - 0x00007ffef5c40000 	C:\Windows\System32\WS2_32.dll
0x00007ffee9ae0000 - 0x00007ffee9aeb000 	C:\Windows\SYSTEM32\VERSION.dll
0x00007ffeefbd0000 - 0x00007ffeefc06000 	C:\Windows\SYSTEM32\WINMM.dll
0x00007ffef1360000 - 0x00007ffef13be000 	C:\Windows\SYSTEM32\POWRPROF.dll
0x00007ffef1340000 - 0x00007ffef1354000 	C:\Windows\SYSTEM32\UMPDC.dll
0x00007ffef1620000 - 0x00007ffef163b000 	C:\Windows\SYSTEM32\kernel.appcore.dll
0x00007ffee9e90000 - 0x00007ffee9e9a000 	C:\Users\LEGION\.antigravity-ide\extensions\redhat.java-1.54.0-win32-x64\jre\21.0.10-win32-x86_64\bin\jimage.dll
0x00007ffef0080000 - 0x00007ffef02c2000 	C:\Windows\SYSTEM32\DBGHELP.DLL
0x00007ffef5750000 - 0x00007ffef5ad3000 	C:\Windows\System32\combase.dll
0x00007ffef5ae0000 - 0x00007ffef5bb9000 	C:\Windows\System32\OLEAUT32.dll
0x00007ffec5250000 - 0x00007ffec528b000 	C:\Windows\SYSTEM32\dbgcore.DLL
0x00007ffef2d80000 - 0x00007ffef2e28000 	C:\Windows\System32\bcryptPrimitives.dll
0x00007ffee90c0000 - 0x00007ffee90cf000 	C:\Users\LEGION\.antigravity-ide\extensions\redhat.java-1.54.0-win32-x64\jre\21.0.10-win32-x86_64\bin\instrument.dll
0x00007ffed6620000 - 0x00007ffed6640000 	C:\Users\LEGION\.antigravity-ide\extensions\redhat.java-1.54.0-win32-x64\jre\21.0.10-win32-x86_64\bin\java.dll
0x00007ffef3b70000 - 0x00007ffef42de000 	C:\Windows\System32\SHELL32.dll
0x00007ffef31c0000 - 0x00007ffef3a2c000 	C:\Windows\System32\windows.storage.dll
0x00007ffef5310000 - 0x00007ffef5406000 	C:\Windows\System32\SHCORE.dll
0x00007ffef5c50000 - 0x00007ffef5cb6000 	C:\Windows\System32\shlwapi.dll
0x00007ffef26b0000 - 0x00007ffef26d9000 	C:\Windows\SYSTEM32\profapi.dll
0x00007ffed2c40000 - 0x00007ffed2c58000 	C:\Users\LEGION\.antigravity-ide\extensions\redhat.java-1.54.0-win32-x64\jre\21.0.10-win32-x86_64\bin\zip.dll
0x00007ffee9000000 - 0x00007ffee9010000 	C:\Users\LEGION\.antigravity-ide\extensions\redhat.java-1.54.0-win32-x64\jre\21.0.10-win32-x86_64\bin\net.dll
0x00007ffeeb940000 - 0x00007ffeeba69000 	C:\Windows\SYSTEM32\WINHTTP.dll
0x00007ffef1bb0000 - 0x00007ffef1c1c000 	C:\Windows\system32\mswsock.dll
0x00007ffecc130000 - 0x00007ffecc146000 	C:\Users\LEGION\.antigravity-ide\extensions\redhat.java-1.54.0-win32-x64\jre\21.0.10-win32-x86_64\bin\nio.dll
0x00007ffee8fd0000 - 0x00007ffee8fe0000 	C:\Users\LEGION\.antigravity-ide\extensions\redhat.java-1.54.0-win32-x64\jre\21.0.10-win32-x86_64\bin\verify.dll
0x00007ffe84b10000 - 0x00007ffe84b37000 	C:\Users\LEGION\.gradle\native\c067742578af261105cb4f569cf0c3c89f3d7b1fecec35dd04571415982c5e48\windows-amd64\native-platform.dll
0x00007ffe20ca0000 - 0x00007ffe20de4000 	C:\Users\LEGION\.gradle\native\100fb08df4bc3b14c8652ba06237920a3bd2aa13389f12d3474272988ae205f9\windows-amd64\native-platform-file-events.dll
0x00007ffed6610000 - 0x00007ffed661a000 	C:\Users\LEGION\.antigravity-ide\extensions\redhat.java-1.54.0-win32-x64\jre\21.0.10-win32-x86_64\bin\management.dll
0x00007ffeb4e70000 - 0x00007ffeb4e7c000 	C:\Users\LEGION\.antigravity-ide\extensions\redhat.java-1.54.0-win32-x64\jre\21.0.10-win32-x86_64\bin\management_ext.dll
0x00007ffef3ae0000 - 0x00007ffef3ae8000 	C:\Windows\System32\PSAPI.DLL
0x00007ffef1ea0000 - 0x00007ffef1ebb000 	C:\Windows\SYSTEM32\CRYPTSP.dll
0x00007ffef1580000 - 0x00007ffef15b9000 	C:\Windows\system32\rsaenh.dll
0x00007ffef1c60000 - 0x00007ffef1c93000 	C:\Windows\SYSTEM32\USERENV.dll
0x00007ffef2680000 - 0x00007ffef26aa000 	C:\Windows\SYSTEM32\bcrypt.dll
0x00007ffef1e90000 - 0x00007ffef1e9c000 	C:\Windows\SYSTEM32\CRYPTBASE.dll
0x00007ffef0f70000 - 0x00007ffef0fa2000 	C:\Windows\SYSTEM32\IPHLPAPI.DLL
0x00007ffef5180000 - 0x00007ffef518a000 	C:\Windows\System32\NSI.dll
0x00007ffedf370000 - 0x00007ffedf379000 	C:\Users\LEGION\.antigravity-ide\extensions\redhat.java-1.54.0-win32-x64\jre\21.0.10-win32-x86_64\bin\extnet.dll
0x00007ffee58c0000 - 0x00007ffee58ce000 	C:\Users\LEGION\.antigravity-ide\extensions\redhat.java-1.54.0-win32-x64\jre\21.0.10-win32-x86_64\bin\sunmscapi.dll
0x00007ffef3040000 - 0x00007ffef31b8000 	C:\Windows\System32\CRYPT32.dll
0x00007ffef20b0000 - 0x00007ffef20e0000 	C:\Windows\SYSTEM32\ncrypt.dll
0x00007ffef2060000 - 0x00007ffef209f000 	C:\Windows\SYSTEM32\NTASN1.dll
0x00007ffea32c0000 - 0x00007ffea32c8000 	C:\Windows\system32\wshunix.dll

JVMTI agents:
C:\Users\LEGION\.gradle\wrapper\dists\gradle-8.9-bin\90cnw93cvbtalezasaz0blq0a\gradle-8.9\lib\agents\gradle-instrumentation-agent-8.9.jar path:C:\Users\LEGION\.antigravity-ide\extensions\redhat.java-1.54.0-win32-x64\jre\21.0.10-win32-x86_64\bin\instrument.dll, loaded, initialized, instrumentlib options:none

dbghelp: loaded successfully - version: 4.0.5 - missing functions: none
symbol engine: initialized successfully - sym options: 0x614 - pdb path: .;C:\Users\LEGION\.antigravity-ide\extensions\redhat.java-1.54.0-win32-x64\jre\21.0.10-win32-x86_64\bin;C:\Windows\SYSTEM32;C:\Windows\WinSxS\amd64_microsoft.windows.common-controls_6595b64144ccf1df_6.0.26100.8457_none_3e0b2faee331e92d;C:\Users\LEGION\.antigravity-ide\extensions\redhat.java-1.54.0-win32-x64\jre\21.0.10-win32-x86_64\bin\server;C:\Users\LEGION\.gradle\native\c067742578af261105cb4f569cf0c3c89f3d7b1fecec35dd04571415982c5e48\windows-amd64;C:\Users\LEGION\.gradle\native\100fb08df4bc3b14c8652ba06237920a3bd2aa13389f12d3474272988ae205f9\windows-amd64

VM Arguments:
jvm_args: --add-opens=java.base/java.util=ALL-UNNAMED --add-opens=java.base/java.lang=ALL-UNNAMED --add-opens=java.base/java.lang.invoke=ALL-UNNAMED --add-opens=java.prefs/java.util.prefs=ALL-UNNAMED --add-exports=jdk.compiler/com.sun.tools.javac.api=ALL-UNNAMED --add-exports=jdk.compiler/com.sun.tools.javac.util=ALL-UNNAMED --add-opens=java.base/java.nio.charset=ALL-UNNAMED --add-opens=java.base/java.net=ALL-UNNAMED --add-opens=java.base/java.util.concurrent.atomic=ALL-UNNAMED -XX:MaxMetaspaceSize=384m -XX:+HeapDumpOnOutOfMemoryError -Xms256m -Xmx512m -Dfile.encoding=utf8 -Duser.country=US -Duser.language=en -Duser.variant -javaagent:C:\Users\LEGION\.gradle\wrapper\dists\gradle-8.9-bin\90cnw93cvbtalezasaz0blq0a\gradle-8.9\lib\agents\gradle-instrumentation-agent-8.9.jar 
java_command: org.gradle.launcher.daemon.bootstrap.GradleDaemon 8.9
java_class_path (initial): C:\Users\LEGION\.gradle\wrapper\dists\gradle-8.9-bin\90cnw93cvbtalezasaz0blq0a\gradle-8.9\lib\gradle-daemon-main-8.9.jar
Launcher Type: SUN_STANDARD

[Global flags]
     intx CICompilerCount                          = 12                                        {product} {ergonomic}
   size_t CompressedClassSpaceSize                 = 335544320                                 {product} {ergonomic}
     uint ConcGCThreads                            = 5                                         {product} {ergonomic}
     uint G1ConcRefinementThreads                  = 20                                        {product} {ergonomic}
   size_t G1HeapRegionSize                         = 1048576                                   {product} {ergonomic}
    uintx GCDrainStackTargetSize                   = 64                                        {product} {ergonomic}
     bool HeapDumpOnOutOfMemoryError               = true                                   {manageable} {command line}
   size_t InitialHeapSize                          = 268435456                                 {product} {command line}
   size_t MarkStackSize                            = 4194304                                   {product} {ergonomic}
   size_t MaxHeapSize                              = 536870912                                 {product} {command line}
   size_t MaxMetaspaceSize                         = 402653184                                 {product} {command line}
   size_t MaxNewSize                               = 321912832                                 {product} {ergonomic}
   size_t MinHeapDeltaBytes                        = 1048576                                   {product} {ergonomic}
   size_t MinHeapSize                              = 268435456                                 {product} {command line}
    uintx NonNMethodCodeHeapSize                   = 7602480                                {pd product} {ergonomic}
    uintx NonProfiledCodeHeapSize                  = 122027880                              {pd product} {ergonomic}
    uintx ProfiledCodeHeapSize                     = 122027880                              {pd product} {ergonomic}
    uintx ReservedCodeCacheSize                    = 251658240                              {pd product} {ergonomic}
     bool SegmentedCodeCache                       = true                                      {product} {ergonomic}
   size_t SoftMaxHeapSize                          = 536870912                              {manageable} {ergonomic}
     bool UseCompressedOops                        = true                           {product lp64_product} {ergonomic}
     bool UseG1GC                                  = true                                      {product} {ergonomic}
     bool UseLargePagesIndividualAllocation        = false                                  {pd product} {ergonomic}

Logging:
Log output configuration:
 #0: stdout all=warning uptime,level,tags foldmultilines=false
 #1: stderr all=off uptime,level,tags foldmultilines=false

Release file:
JAVA_VERSION="21.0.10" 
MODULES="java.base java.compiler java.datatransfer java.xml java.prefs java.desktop java.instrument java.logging java.management java.security.sasl java.naming java.rmi java.management.rmi java.net.http java.scripting java.security.jgss java.transaction.xa java.sql java.sql.rowset java.xml.crypto java.se java.smartcardio jdk.accessibility jdk.internal.jvmstat jdk.attach jdk.charsets jdk.internal.opt jdk.zipfs jdk.compiler jdk.crypto.ec jdk.crypto.cryptoki jdk.crypto.mscapi jdk.dynalink jdk.internal.ed jdk.editpad jdk.hotspot.agent jdk.httpserver jdk.internal.le jdk.internal.vm.ci jdk.internal.vm.compiler jdk.internal.vm.compiler.management jdk.jartool jdk.javadoc jdk.jcmd jdk.management jdk.management.agent jdk.jconsole jdk.jdeps jdk.jdwp.agent jdk.jdi jdk.jfr jdk.jshell jdk.jsobject jdk.jstatd jdk.localedata jdk.management.jfr jdk.naming.dns jdk.naming.rmi jdk.net jdk.nio.mapmode jdk.random jdk.sctp jdk.security.auth jdk.security.jgss jdk.unsupported jdk.unsupported.desktop jdk.xml.dom" 

Environment Variables:
PATH=C:\Program Files\Common Files\Oracle\Java\javapath;C:\Windows\system32;C:\Windows;C:\Windows\System32\Wbem;C:\Windows\System32\WindowsPowerShell\v1.0\;C:\Windows\System32\OpenSSH\;C:\Program Files\NVIDIA Corporation\NVIDIA app\NvDLISR;C:\Program Files (x86)\NVIDIA Corporation\PhysX\Common;C:\laragon\bin\php\php-8.3.30-nts-Win32-vs16-x64;C:\ProgramData\ComposerSetup\bin;C:\Program Files\dotnet\;C:\Program Files\nodejs\;C:\Program Files\Cloudflare\Cloudflare WARP\;C:\Program Files\Git\cmd;C:\Users\LEGION\.local\bin;C:\Users\LEGION\AppData\Local\Microsoft\WindowsApps;C:\Users\LEGION\AppData\Roaming\Composer\vendor\bin;C:\Users\LEGION\AppData\Local\Programs\Microsoft VS Code\bin;C:\Users\LEGION\AppData\Local\Programs\Antigravity\bin;C:\Users\LEGION\AppData\Roaming\npm;C:\Users\LEGION\AppData\Local\Microsoft\WinGet\Packages\GitHub.cli_Microsoft.Winget.Source_8wekyb3d8bbwe\bin;C:\Users\LEGION\AppData\Local\Programs\Antigravity IDE\bin
USERNAME=LEGION
OS=Windows_NT
PROCESSOR_IDENTIFIER=Intel64 Family 6 Model 183 Stepping 1, GenuineIntel
TMP=C:\Users\LEGION\AppData\Local\Temp
TEMP=C:\Users\LEGION\AppData\Local\Temp




Periodic native trim disabled

---------------  S Y S T E M  ---------------

OS:
 Windows 11 , 64 bit Build 26100 (10.0.26100.8328)
OS uptime: 2 days 10:37 hours
Hyper-V role detected

CPU: total 28 (initial active 28) (14 cores per cpu, 2 threads per core) family 6 model 183 stepping 1 microcode 0x123, cx8, cmov, fxsr, ht, mmx, 3dnowpref, sse, sse2, sse3, ssse3, sse4.1, sse4.2, popcnt, lzcnt, tsc, tscinvbit, avx, avx2, aes, erms, clmul, bmi1, bmi2, adx, sha, fma, vzeroupper, clflush, clflushopt, clwb, hv, serialize, rdtscp, rdpid, fsrm, f16c, cet_ibt, cet_ss
Processor Information for the first 28 processors :
  Max Mhz: 2100, Current Mhz: 2100, Mhz Limit: 2100

Memory: 4k page, system-wide physical 16107M (1277M free)
TotalPageFile size 39436M (AvailPageFile size 106M)
current process WorkingSet (physical memory assigned to process): 359M, peak: 359M
current process commit charge ("private bytes"): 535M, peak: 540M

vm_info: OpenJDK 64-Bit Server VM (21.0.10+7-LTS) for windows-amd64 JRE (21.0.10+7-LTS), built on 2026-01-20T00:00:00Z by "admin" with MS VC++ 17.12 (VS2022)

END.
