#
# There is insufficient memory for the Java Runtime Environment to continue.
# Native memory allocation (malloc) failed to allocate 32744 bytes. Error detail: Chunk::new
# Possible reasons:
#   The system is out of physical RAM or swap space
#   This process is running with CompressedOops enabled, and the Java Heap may be blocking the growth of the native heap
# Possible solutions:
#   Reduce memory load on the system
#   Increase physical memory or swap space
#   Check if swap backing store is full
#   Decrease Java heap size (-Xmx/-Xms)
#   Decrease number of Java threads
#   Decrease Java thread stack sizes (-Xss)
#   Set larger code cache with -XX:ReservedCodeCacheSize=
#   JVM is running with Unscaled Compressed Oops mode in which the Java heap is
#     placed in the first 4GB address space. The Java Heap base address is the
#     maximum limit for the native heap growth. Please use -XX:HeapBaseMinAddress
#     to set the Java Heap base and to place the Java Heap above 4GB virtual address.
# This output file may be truncated or incomplete.
#
#  Out of Memory Error (arena.cpp:168), pid=28720, tid=30476
#
# JRE version: OpenJDK Runtime Environment Temurin-21.0.10+7 (21.0.10+7) (build 21.0.10+7-LTS)
# Java VM: OpenJDK 64-Bit Server VM Temurin-21.0.10+7 (21.0.10+7-LTS, mixed mode, sharing, tiered, compressed oops, compressed class ptrs, g1 gc, windows-amd64)
# No core dump will be written. Minidumps are not enabled by default on client versions of Windows
#

---------------  S U M M A R Y ------------

Command Line: --add-opens=java.base/java.lang=ALL-UNNAMED --add-opens=java.base/java.lang.invoke=ALL-UNNAMED --add-opens=java.base/java.util=ALL-UNNAMED --add-opens=java.prefs/java.util.prefs=ALL-UNNAMED --add-exports=jdk.compiler/com.sun.tools.javac.api=ALL-UNNAMED --add-exports=jdk.compiler/com.sun.tools.javac.util=ALL-UNNAMED --add-opens=java.base/java.util=ALL-UNNAMED --add-opens=java.prefs/java.util.prefs=ALL-UNNAMED --add-opens=java.base/java.nio.charset=ALL-UNNAMED --add-opens=java.base/java.net=ALL-UNNAMED --add-opens=java.base/java.util.concurrent.atomic=ALL-UNNAMED --add-opens=java.xml/javax.xml.namespace=ALL-UNNAMED -Xmx1536m -Dfile.encoding=UTF-8 -Duser.country=US -Duser.language=en -Duser.variant -javaagent:C:\Users\LEGION\.gradle\wrapper\dists\gradle-8.14.3-all\10utluxaxniiv4wxiphsi49nj\gradle-8.14.3\lib\agents\gradle-instrumentation-agent-8.14.3.jar org.gradle.launcher.daemon.bootstrap.GradleDaemon 8.14.3

Host: Intel(R) Core(TM) i7-14700HX, 28 cores, 15G,  Windows 11 , 64 bit Build 26100 (10.0.26100.8328)
Time: Tue Jun  9 01:20:36 2026 SE Asia Standard Time elapsed time: 15.648088 seconds (0d 0h 0m 15s)

---------------  T H R E A D  ---------------

Current thread (0x000001ff7f32b590):  JavaThread "C2 CompilerThread1" daemon [_thread_in_native, id=30476, stack(0x000000a7bab00000,0x000000a7bac00000) (1024K)]


Current CompileTask:
C2:15648 16544   !   4       org.gradle.api.internal.artifacts.ivyservice.resolveengine.artifact.ArtifactBackedResolvedVariant::getArtifacts (161 bytes)

Stack: [0x000000a7bab00000,0x000000a7bac00000]
Native frames: (J=compiled Java code, j=interpreted, Vv=VM code, C=native code)
V  [jvm.dll+0x6d7a39]
V  [jvm.dll+0x8b4b26]
V  [jvm.dll+0x8b70de]
V  [jvm.dll+0x8b77c3]
V  [jvm.dll+0x284346]
V  [jvm.dll+0xc66ed]
V  [jvm.dll+0xc6c31]
V  [jvm.dll+0x7d375]
V  [jvm.dll+0x65fd66]
V  [jvm.dll+0x660278]
V  [jvm.dll+0x66007a]
V  [jvm.dll+0x65fd07]
V  [jvm.dll+0x6600df]
V  [jvm.dll+0x65fd07]
V  [jvm.dll+0x6600df]
V  [jvm.dll+0x65fd07]
V  [jvm.dll+0x6657ef]
V  [jvm.dll+0x666736]
V  [jvm.dll+0x664a7b]
V  [jvm.dll+0x24c3db]
V  [jvm.dll+0x24bb40]
V  [jvm.dll+0x1cb34e]
V  [jvm.dll+0x25b85d]
V  [jvm.dll+0x259dea]
V  [jvm.dll+0x3f857e]
V  [jvm.dll+0x85f59d]
V  [jvm.dll+0x6d626d]
C  [ucrtbase.dll+0x37b0]
C  [KERNEL32.DLL+0x2e957]
C  [ntdll.dll+0x427c]


---------------  P R O C E S S  ---------------

Threads class SMR info:
_java_thread_list=0x000001ff036cb9d0, length=152, elements={
0x000001ff1b4de1f0, 0x000001ff35be0fb0, 0x000001ff35be1a10, 0x000001ff35be2470,
0x000001ff35be3130, 0x000001ff35be3df0, 0x000001ff35be4a60, 0x000001ff35be5a70,
0x000001ff35c046d0, 0x000001ff35d84cd0, 0x000001ff35e2b740, 0x000001ff35ed09a0,
0x000001ff7bd8a500, 0x000001ff7bd8c5d0, 0x000001ff7bd8cc60, 0x000001ff7bd89e70,
0x000001ff7cc37f00, 0x000001ff7cc39fd0, 0x000001ff7cc39940, 0x000001ff7cc38590,
0x000001ff7cc3c730, 0x000001ff7cc392b0, 0x000001ff7cc3cdc0, 0x000001ff7cc3d450,
0x000001ff7cc3dae0, 0x000001ff7cc3e170, 0x000001ff7cc3ee90, 0x000001ff7bd8b8b0,
0x000001ff7d13c4f0, 0x000001ff7d139d90, 0x000001ff0166ef80, 0x000001ff0166fca0,
0x000001ff01670330, 0x000001ff016709c0, 0x000001ff01671050, 0x000001ff01671d70,
0x000001ff0166e8f0, 0x000001ff016751f0, 0x000001ff01672a90, 0x000001ff016744d0,
0x000001ff031fe190, 0x000001ff7f47eae0, 0x000001ff7f480520, 0x000001ff7f488ef0,
0x000001ff7f48d090, 0x000001ff7fcd3280, 0x000001ff7fcd11b0, 0x000001ff02eb9d50,
0x000001ff010fa3b0, 0x000001ff01e0f7c0, 0x000001ff01e17470, 0x000001ff01e211f0,
0x000001ff01e132d0, 0x000001ff01e153a0, 0x000001ff03c712d0, 0x000001ff0428a3d0,
0x000001ff0428aaa0, 0x000001ff7d6b1d80, 0x000001ff7d6b2410, 0x000001ff7d6a09e0,
0x000001ff7d6a1700, 0x000001ff7d6a2420, 0x000001ff7d6a1070, 0x000001ff7d6a37d0,
0x000001ff7d6a3e60, 0x000001ff7d6a3140, 0x000001ff7f32b590, 0x000001ff7d6a4b80,
0x000001ff7d6a44f0, 0x000001ff7d6a5210, 0x000001ff7f329a50, 0x000001ff7d6a1d90,
0x000001ff7d6a5f30, 0x000001ff7d6a58a0, 0x000001ff7d6a2ab0, 0x000001ff7d6a65c0,
0x000001ff7d6a8000, 0x000001ff7d6a8690, 0x000001ff7d6a6c50, 0x000001ff7d6aa760,
0x000001ff7d6a72e0, 0x000001ff7d6a8d20, 0x000001ff7d6a93b0, 0x000001ff7d6aadf0,
0x000001ff7d6a7970, 0x000001ff7d6ac830, 0x000001ff7d6a9a40, 0x000001ff7d6ad550,
0x000001ff7d6aa0d0, 0x000001ff7d6ab480, 0x000001ff7d6ac1a0, 0x000001ff7d6aef90,
0x000001ff7d6ae900, 0x000001ff7d6acec0, 0x000001ff7d6abb10, 0x000001ff7d6b09d0,
0x000001ff7d6af620, 0x000001ff7d6b1060, 0x000001ff7d6adbe0, 0x000001ff7d6b0340,
0x000001ff7d6b16f0, 0x000001ff7d6ae270, 0x000001ff7d6b2aa0, 0x000001ff7d6b3130,
0x000001ff7d6afcb0, 0x000001ff7d6b5f20, 0x000001ff7d6b4b70, 0x000001ff7d6b5200,
0x000001ff7d6b3e50, 0x000001ff7d6b65b0, 0x000001ff7d6b5890, 0x000001ff7d6b6c40,
0x000001ff7d6b37c0, 0x000001ff7d6b72d0, 0x000001ff7d6b7960, 0x000001ff7d6b44e0,
0x000001ff7d6b7ff0, 0x000001ff7d6b8680, 0x000001ff7d6ba0c0, 0x000001ff7d6b9a30,
0x000001ff7d6b93a0, 0x000001ff7d6b8d10, 0x000001ff7d6ba750, 0x000001ff7d6bc190,
0x000001ff7d6be260, 0x000001ff7d6bade0, 0x000001ff7d6bceb0, 0x000001ff7d6bdbd0,
0x000001ff7d6be8f0, 0x000001ff7d6bb470, 0x000001ff7d6bef80, 0x000001ff7d6bd540,
0x000001ff7d6bbb00, 0x000001ff7d6bf610, 0x000001ff7d6bfca0, 0x000001ff03c71960,
0x000001ff03c71ff0, 0x000001ff03c705b0, 0x000001ff03c6eb70, 0x000001ff03c72680,
0x000001ff03c70c40, 0x000001ff03c6f200, 0x000001ff03c72d10, 0x000001ff03c6f890,
0x000001ff03c76190, 0x000001ff03c733a0, 0x000001ff03c75470, 0x000001ff03c74de0,
0x000001ff03c76820, 0x000001ff03c73a30, 0x000001ff03c77540, 0x000001ff03c76eb0
}

Java Threads: ( => current thread )
  0x000001ff1b4de1f0 JavaThread "main"                              [_thread_blocked, id=30108, stack(0x000000a7b8400000,0x000000a7b8500000) (1024K)]
  0x000001ff35be0fb0 JavaThread "Reference Handler"          daemon [_thread_blocked, id=43628, stack(0x000000a7b8c00000,0x000000a7b8d00000) (1024K)]
  0x000001ff35be1a10 JavaThread "Finalizer"                  daemon [_thread_blocked, id=12664, stack(0x000000a7b8d00000,0x000000a7b8e00000) (1024K)]
  0x000001ff35be2470 JavaThread "Signal Dispatcher"          daemon [_thread_blocked, id=22444, stack(0x000000a7b8e00000,0x000000a7b8f00000) (1024K)]
  0x000001ff35be3130 JavaThread "Attach Listener"            daemon [_thread_blocked, id=13952, stack(0x000000a7b8f00000,0x000000a7b9000000) (1024K)]
  0x000001ff35be3df0 JavaThread "Service Thread"             daemon [_thread_blocked, id=44328, stack(0x000000a7b9000000,0x000000a7b9100000) (1024K)]
  0x000001ff35be4a60 JavaThread "Monitor Deflation Thread"   daemon [_thread_blocked, id=32812, stack(0x000000a7b9100000,0x000000a7b9200000) (1024K)]
  0x000001ff35be5a70 JavaThread "C2 CompilerThread0"         daemon [_thread_blocked, id=28348, stack(0x000000a7b9200000,0x000000a7b9300000) (1024K)]
  0x000001ff35c046d0 JavaThread "C1 CompilerThread0"         daemon [_thread_blocked, id=20660, stack(0x000000a7b9300000,0x000000a7b9400000) (1024K)]
  0x000001ff35d84cd0 JavaThread "C1 CompilerThread1"         daemon [_thread_blocked, id=30368, stack(0x000000a7b9400000,0x000000a7b9500000) (1024K)]
  0x000001ff35e2b740 JavaThread "Common-Cleaner"             daemon [_thread_blocked, id=6792, stack(0x000000a7b9600000,0x000000a7b9700000) (1024K)]
  0x000001ff35ed09a0 JavaThread "Notification Thread"        daemon [_thread_blocked, id=19464, stack(0x000000a7b9700000,0x000000a7b9800000) (1024K)]
  0x000001ff7bd8a500 JavaThread "Daemon health stats"               [_thread_blocked, id=25204, stack(0x000000a7ba200000,0x000000a7ba300000) (1024K)]
  0x000001ff7bd8c5d0 JavaThread "Incoming local TCP Connector on port 64080"        [_thread_in_native, id=38480, stack(0x000000a7ba300000,0x000000a7ba400000) (1024K)]
  0x000001ff7bd8cc60 JavaThread "Daemon periodic checks"            [_thread_blocked, id=35684, stack(0x000000a7ba400000,0x000000a7ba500000) (1024K)]
  0x000001ff7bd89e70 JavaThread "Daemon"                            [_thread_blocked, id=32108, stack(0x000000a7ba500000,0x000000a7ba600000) (1024K)]
  0x000001ff7cc37f00 JavaThread "Daemon worker"                     [_thread_in_native, id=43152, stack(0x000000a7ba800000,0x000000a7ba900000) (1024K)]
  0x000001ff7cc39fd0 JavaThread "Cache worker for journal cache (C:\Users\LEGION\.gradle\caches\journal-1)"        [_thread_blocked, id=43068, stack(0x000000a7bac00000,0x000000a7bad00000) (1024K)]
  0x000001ff7cc39940 JavaThread "File lock request listener"        [_thread_in_native, id=30848, stack(0x000000a7bad00000,0x000000a7bae00000) (1024K)]
  0x000001ff7cc38590 JavaThread "Cache worker for file hash cache (C:\Users\LEGION\.gradle\caches\8.14.3\fileHashes)"        [_thread_blocked, id=20860, stack(0x000000a7bae00000,0x000000a7baf00000) (1024K)]
  0x000001ff7cc3c730 JavaThread "File watcher server"        daemon [_thread_in_native, id=37420, stack(0x000000a7bc300000,0x000000a7bc400000) (1024K)]
  0x000001ff7cc392b0 JavaThread "File watcher consumer"      daemon [_thread_blocked, id=29348, stack(0x000000a7bc400000,0x000000a7bc500000) (1024K)]
  0x000001ff7cc3cdc0 JavaThread "jar transforms"                    [_thread_blocked, id=25416, stack(0x000000a7bc500000,0x000000a7bc600000) (1024K)]
  0x000001ff7cc3d450 JavaThread "jar transforms Thread 2"           [_thread_blocked, id=43716, stack(0x000000a7bc600000,0x000000a7bc700000) (1024K)]
  0x000001ff7cc3dae0 JavaThread "Cache worker for file content cache (C:\Users\LEGION\.gradle\caches\8.14.3\fileContent)"        [_thread_blocked, id=50976, stack(0x000000a7bc900000,0x000000a7bca00000) (1024K)]
  0x000001ff7cc3e170 JavaThread "jar transforms Thread 3"           [_thread_blocked, id=25220, stack(0x000000a7bca00000,0x000000a7bcb00000) (1024K)]
  0x000001ff7cc3ee90 JavaThread "jar transforms Thread 4"           [_thread_blocked, id=41908, stack(0x000000a7bcb00000,0x000000a7bcc00000) (1024K)]
  0x000001ff7bd8b8b0 JavaThread "jar transforms Thread 5"           [_thread_blocked, id=44112, stack(0x000000a7bcc00000,0x000000a7bcd00000) (1024K)]
  0x000001ff7d13c4f0 JavaThread "jar transforms Thread 6"           [_thread_blocked, id=49520, stack(0x000000a7bcd00000,0x000000a7bce00000) (1024K)]
  0x000001ff7d139d90 JavaThread "jar transforms Thread 7"           [_thread_blocked, id=20920, stack(0x000000a7bd000000,0x000000a7bd100000) (1024K)]
  0x000001ff0166ef80 JavaThread "jar transforms Thread 8"           [_thread_blocked, id=13092, stack(0x000000a7c2200000,0x000000a7c2300000) (1024K)]
  0x000001ff0166fca0 JavaThread "jar transforms Thread 9"           [_thread_blocked, id=3788, stack(0x000000a7c2300000,0x000000a7c2400000) (1024K)]
  0x000001ff01670330 JavaThread "jar transforms Thread 10"          [_thread_blocked, id=44084, stack(0x000000a7c2400000,0x000000a7c2500000) (1024K)]
  0x000001ff016709c0 JavaThread "jar transforms Thread 11"          [_thread_blocked, id=21508, stack(0x000000a7b9f00000,0x000000a7ba000000) (1024K)]
  0x000001ff01671050 JavaThread "jar transforms Thread 12"          [_thread_blocked, id=40692, stack(0x000000a7ba000000,0x000000a7ba100000) (1024K)]
  0x000001ff01671d70 JavaThread "Memory manager"                    [_thread_blocked, id=18376, stack(0x000000a7bc700000,0x000000a7bc800000) (1024K)]
  0x000001ff0166e8f0 JavaThread "jar transforms Thread 13"          [_thread_blocked, id=27368, stack(0x000000a7c2600000,0x000000a7c2700000) (1024K)]
  0x000001ff016751f0 JavaThread "jar transforms Thread 14"          [_thread_blocked, id=23908, stack(0x000000a7c2700000,0x000000a7c2800000) (1024K)]
  0x000001ff01672a90 JavaThread "jar transforms Thread 15"          [_thread_blocked, id=34032, stack(0x000000a7c2800000,0x000000a7c2900000) (1024K)]
  0x000001ff016744d0 JavaThread "jar transforms Thread 16"          [_thread_blocked, id=13172, stack(0x000000a7c2900000,0x000000a7c2a00000) (1024K)]
  0x000001ff031fe190 JavaThread "jar transforms Thread 17"          [_thread_blocked, id=40756, stack(0x000000a7c2a00000,0x000000a7c2b00000) (1024K)]
  0x000001ff7f47eae0 JavaThread "jar transforms Thread 18"          [_thread_blocked, id=49176, stack(0x000000a7c4600000,0x000000a7c4700000) (1024K)]
  0x000001ff7f480520 JavaThread "jar transforms Thread 19"          [_thread_blocked, id=35876, stack(0x000000a7c4700000,0x000000a7c4800000) (1024K)]
  0x000001ff7f488ef0 JavaThread "jar transforms Thread 20"          [_thread_blocked, id=39796, stack(0x000000a7c6300000,0x000000a7c6400000) (1024K)]
  0x000001ff7f48d090 JavaThread "jar transforms Thread 21"          [_thread_blocked, id=42508, stack(0x000000a7c6400000,0x000000a7c6500000) (1024K)]
  0x000001ff7fcd3280 JavaThread "jar transforms Thread 22"          [_thread_blocked, id=38396, stack(0x000000a7c8300000,0x000000a7c8400000) (1024K)]
  0x000001ff7fcd11b0 JavaThread "jar transforms Thread 23"          [_thread_blocked, id=20684, stack(0x000000a7c8400000,0x000000a7c8500000) (1024K)]
  0x000001ff02eb9d50 JavaThread "jar transforms Thread 24"          [_thread_blocked, id=47316, stack(0x000000a7cc600000,0x000000a7cc700000) (1024K)]
  0x000001ff010fa3b0 JavaThread "jar transforms Thread 25"          [_thread_blocked, id=30624, stack(0x000000a7c8200000,0x000000a7c8300000) (1024K)]
  0x000001ff01e0f7c0 JavaThread "jar transforms Thread 26"          [_thread_blocked, id=8172, stack(0x000000a7ce600000,0x000000a7ce700000) (1024K)]
  0x000001ff01e17470 JavaThread "jar transforms Thread 27"          [_thread_blocked, id=17312, stack(0x000000a7ce700000,0x000000a7ce800000) (1024K)]
  0x000001ff01e211f0 JavaThread "jar transforms Thread 28"          [_thread_blocked, id=49752, stack(0x000000a7d0200000,0x000000a7d0300000) (1024K)]
  0x000001ff01e132d0 JavaThread "pool-3-thread-1"                   [_thread_blocked, id=50664, stack(0x000000a7c2500000,0x000000a7c2600000) (1024K)]
  0x000001ff01e153a0 JavaThread "included builds"                   [_thread_blocked, id=15576, stack(0x000000a7ce400000,0x000000a7ce500000) (1024K)]
  0x000001ff03c712d0 JavaThread "VFS cleanup"                       [_thread_blocked, id=20640, stack(0x000000a7ba900000,0x000000a7baa00000) (1024K)]
  0x000001ff0428a3d0 JavaThread "C1 CompilerThread2"         daemon [_thread_blocked, id=48316, stack(0x000000a7c0800000,0x000000a7c0900000) (1024K)]
  0x000001ff0428aaa0 JavaThread "C1 CompilerThread3"         daemon [_thread_blocked, id=32168, stack(0x000000a7c0900000,0x000000a7c0a00000) (1024K)]
  0x000001ff7d6b1d80 JavaThread "pool-6-thread-1"                   [_thread_blocked, id=28132, stack(0x000000a7d0600000,0x000000a7d0700000) (1024K)]
  0x000001ff7d6b2410 JavaThread "included builds"                   [_thread_blocked, id=2420, stack(0x000000a7d0800000,0x000000a7d0900000) (1024K)]
  0x000001ff7d6a09e0 JavaThread "Handler for socket connection from /127.0.0.1:64080 to /127.0.0.1:56293"        [_thread_in_native, id=38084, stack(0x000000a7b9500000,0x000000a7b9600000) (1024K)]
  0x000001ff7d6a1700 JavaThread "Cancel handler"                    [_thread_blocked, id=43248, stack(0x000000a7b9800000,0x000000a7b9900000) (1024K)]
  0x000001ff7d6a2420 JavaThread "Asynchronous log dispatcher for DefaultDaemonConnection: socket connection from /127.0.0.1:64080 to /127.0.0.1:56293"        [_thread_blocked, id=19508, stack(0x000000a7b9e00000,0x000000a7b9f00000) (1024K)]
  0x000001ff7d6a1070 JavaThread "Stdin handler"                     [_thread_blocked, id=14720, stack(0x000000a7ba100000,0x000000a7ba200000) (1024K)]
  0x000001ff7d6a37d0 JavaThread "Daemon client event forwarder"        [_thread_blocked, id=50212, stack(0x000000a7ba600000,0x000000a7ba700000) (1024K)]
  0x000001ff7d6a3e60 JavaThread "Cache worker for file hash cache (C:\Users\LEGION\Documents\Projects\Fivgo-FP-PROJECT\Driver\android\.gradle\8.14.3\fileHashes)"        [_thread_blocked, id=50004, stack(0x000000a7ba700000,0x000000a7ba800000) (1024K)]
  0x000001ff7d6a3140 JavaThread "Cache worker for Build Output Cleanup Cache (C:\Users\LEGION\Documents\Projects\Fivgo-FP-PROJECT\Driver\android\.gradle\buildOutputCleanup)"        [_thread_blocked, id=46876, stack(0x000000a7baa00000,0x000000a7bab00000) (1024K)]
=>0x000001ff7f32b590 JavaThread "C2 CompilerThread1"         daemon [_thread_in_native, id=30476, stack(0x000000a7bab00000,0x000000a7bac00000) (1024K)]
  0x000001ff7d6a4b80 JavaThread "Cache worker for checksums cache (C:\Users\LEGION\Documents\Projects\Fivgo-FP-PROJECT\Driver\android\.gradle\8.14.3\checksums)"        [_thread_blocked, id=26680, stack(0x000000a7bc100000,0x000000a7bc200000) (1024K)]
  0x000001ff7d6a44f0 JavaThread "Cache worker for cache directory md-supplier (C:\Users\LEGION\.gradle\caches\8.14.3\md-supplier)"        [_thread_blocked, id=48380, stack(0x000000a7bc200000,0x000000a7bc300000) (1024K)]
  0x000001ff7d6a5210 JavaThread "Cache worker for cache directory md-rule (C:\Users\LEGION\.gradle\caches\8.14.3\md-rule)"        [_thread_blocked, id=44556, stack(0x000000a7bc800000,0x000000a7bc900000) (1024K)]
  0x000001ff7f329a50 JavaThread "C2 CompilerThread2"         daemon [_thread_in_native, id=31392, stack(0x000000a7bce00000,0x000000a7bcf00000) (1024K)]
  0x000001ff7d6a1d90 JavaThread "Unconstrained build operations"        [_thread_blocked, id=13288, stack(0x000000a7bcf00000,0x000000a7bd000000) (1024K)]
  0x000001ff7d6a5f30 JavaThread "Unconstrained build operations Thread 2"        [_thread_blocked, id=51156, stack(0x000000a7bd100000,0x000000a7bd200000) (1024K)]
  0x000001ff7d6a58a0 JavaThread "Unconstrained build operations Thread 3"        [_thread_blocked, id=34476, stack(0x000000a7bd200000,0x000000a7bd300000) (1024K)]
  0x000001ff7d6a2ab0 JavaThread "Unconstrained build operations Thread 4"        [_thread_blocked, id=7576, stack(0x000000a7bd300000,0x000000a7bd400000) (1024K)]
  0x000001ff7d6a65c0 JavaThread "Unconstrained build operations Thread 5"        [_thread_blocked, id=3936, stack(0x000000a7bd400000,0x000000a7bd500000) (1024K)]
  0x000001ff7d6a8000 JavaThread "Unconstrained build operations Thread 6"        [_thread_blocked, id=44320, stack(0x000000a7bd500000,0x000000a7bd600000) (1024K)]
  0x000001ff7d6a8690 JavaThread "Unconstrained build operations Thread 7"        [_thread_blocked, id=18812, stack(0x000000a7bd600000,0x000000a7bd700000) (1024K)]
  0x000001ff7d6a6c50 JavaThread "Unconstrained build operations Thread 8"        [_thread_blocked, id=18012, stack(0x000000a7bd700000,0x000000a7bd800000) (1024K)]
  0x000001ff7d6aa760 JavaThread "Unconstrained build operations Thread 9"        [_thread_blocked, id=5768, stack(0x000000a7bd800000,0x000000a7bd900000) (1024K)]
  0x000001ff7d6a72e0 JavaThread "Unconstrained build operations Thread 10"        [_thread_blocked, id=36128, stack(0x000000a7bd900000,0x000000a7bda00000) (1024K)]
  0x000001ff7d6a8d20 JavaThread "Unconstrained build operations Thread 11"        [_thread_blocked, id=25844, stack(0x000000a7bda00000,0x000000a7bdb00000) (1024K)]
  0x000001ff7d6a93b0 JavaThread "Unconstrained build operations Thread 12"        [_thread_blocked, id=38404, stack(0x000000a7bdb00000,0x000000a7bdc00000) (1024K)]
  0x000001ff7d6aadf0 JavaThread "Unconstrained build operations Thread 13"        [_thread_blocked, id=2852, stack(0x000000a7bdc00000,0x000000a7bdd00000) (1024K)]
  0x000001ff7d6a7970 JavaThread "Unconstrained build operations Thread 14"        [_thread_blocked, id=39440, stack(0x000000a7bdd00000,0x000000a7bde00000) (1024K)]
  0x000001ff7d6ac830 JavaThread "Unconstrained build operations Thread 15"        [_thread_blocked, id=19324, stack(0x000000a7bde00000,0x000000a7bdf00000) (1024K)]
  0x000001ff7d6a9a40 JavaThread "Unconstrained build operations Thread 16"        [_thread_blocked, id=34592, stack(0x000000a7bdf00000,0x000000a7be000000) (1024K)]
  0x000001ff7d6ad550 JavaThread "Unconstrained build operations Thread 17"        [_thread_blocked, id=32912, stack(0x000000a7be000000,0x000000a7be100000) (1024K)]
  0x000001ff7d6aa0d0 JavaThread "Unconstrained build operations Thread 18"        [_thread_blocked, id=31620, stack(0x000000a7be100000,0x000000a7be200000) (1024K)]
  0x000001ff7d6ab480 JavaThread "Unconstrained build operations Thread 19"        [_thread_blocked, id=27652, stack(0x000000a7be200000,0x000000a7be300000) (1024K)]
  0x000001ff7d6ac1a0 JavaThread "Unconstrained build operations Thread 20"        [_thread_blocked, id=664, stack(0x000000a7be300000,0x000000a7be400000) (1024K)]
  0x000001ff7d6aef90 JavaThread "Unconstrained build operations Thread 21"        [_thread_blocked, id=43280, stack(0x000000a7be400000,0x000000a7be500000) (1024K)]
  0x000001ff7d6ae900 JavaThread "Unconstrained build operations Thread 22"        [_thread_blocked, id=35096, stack(0x000000a7be500000,0x000000a7be600000) (1024K)]
  0x000001ff7d6acec0 JavaThread "Unconstrained build operations Thread 23"        [_thread_blocked, id=37412, stack(0x000000a7be600000,0x000000a7be700000) (1024K)]
  0x000001ff7d6abb10 JavaThread "Unconstrained build operations Thread 24"        [_thread_blocked, id=36044, stack(0x000000a7be700000,0x000000a7be800000) (1024K)]
  0x000001ff7d6b09d0 JavaThread "Unconstrained build operations Thread 25"        [_thread_blocked, id=11796, stack(0x000000a7be800000,0x000000a7be900000) (1024K)]
  0x000001ff7d6af620 JavaThread "Unconstrained build operations Thread 26"        [_thread_blocked, id=33372, stack(0x000000a7be900000,0x000000a7bea00000) (1024K)]
  0x000001ff7d6b1060 JavaThread "Unconstrained build operations Thread 27"        [_thread_blocked, id=2132, stack(0x000000a7bea00000,0x000000a7beb00000) (1024K)]
  0x000001ff7d6adbe0 JavaThread "Unconstrained build operations Thread 28"        [_thread_blocked, id=11016, stack(0x000000a7beb00000,0x000000a7bec00000) (1024K)]
  0x000001ff7d6b0340 JavaThread "Unconstrained build operations Thread 29"        [_thread_blocked, id=46508, stack(0x000000a7bec00000,0x000000a7bed00000) (1024K)]
  0x000001ff7d6b16f0 JavaThread "Unconstrained build operations Thread 30"        [_thread_blocked, id=24420, stack(0x000000a7bed00000,0x000000a7bee00000) (1024K)]
  0x000001ff7d6ae270 JavaThread "Unconstrained build operations Thread 31"        [_thread_blocked, id=38436, stack(0x000000a7bee00000,0x000000a7bef00000) (1024K)]
  0x000001ff7d6b2aa0 JavaThread "Unconstrained build operations Thread 32"        [_thread_blocked, id=17340, stack(0x000000a7bef00000,0x000000a7bf000000) (1024K)]
  0x000001ff7d6b3130 JavaThread "Unconstrained build operations Thread 33"        [_thread_blocked, id=36548, stack(0x000000a7bf000000,0x000000a7bf100000) (1024K)]
  0x000001ff7d6afcb0 JavaThread "Unconstrained build operations Thread 34"        [_thread_blocked, id=21688, stack(0x000000a7bf100000,0x000000a7bf200000) (1024K)]
  0x000001ff7d6b5f20 JavaThread "Unconstrained build operations Thread 35"        [_thread_blocked, id=15524, stack(0x000000a7bf200000,0x000000a7bf300000) (1024K)]
  0x000001ff7d6b4b70 JavaThread "Unconstrained build operations Thread 36"        [_thread_blocked, id=43352, stack(0x000000a7bf300000,0x000000a7bf400000) (1024K)]
  0x000001ff7d6b5200 JavaThread "Unconstrained build operations Thread 37"        [_thread_blocked, id=27224, stack(0x000000a7bf400000,0x000000a7bf500000) (1024K)]
  0x000001ff7d6b3e50 JavaThread "Unconstrained build operations Thread 38"        [_thread_blocked, id=14420, stack(0x000000a7bf500000,0x000000a7bf600000) (1024K)]
  0x000001ff7d6b65b0 JavaThread "Unconstrained build operations Thread 39"        [_thread_blocked, id=49876, stack(0x000000a7bf600000,0x000000a7bf700000) (1024K)]
  0x000001ff7d6b5890 JavaThread "Unconstrained build operations Thread 40"        [_thread_blocked, id=14260, stack(0x000000a7bf700000,0x000000a7bf800000) (1024K)]
  0x000001ff7d6b6c40 JavaThread "Unconstrained build operations Thread 41"        [_thread_blocked, id=37228, stack(0x000000a7bf800000,0x000000a7bf900000) (1024K)]
  0x000001ff7d6b37c0 JavaThread "Unconstrained build operations Thread 42"        [_thread_blocked, id=44544, stack(0x000000a7bf900000,0x000000a7bfa00000) (1024K)]
  0x000001ff7d6b72d0 JavaThread "Unconstrained build operations Thread 43"        [_thread_blocked, id=24224, stack(0x000000a7bfa00000,0x000000a7bfb00000) (1024K)]
  0x000001ff7d6b7960 JavaThread "Unconstrained build operations Thread 44"        [_thread_blocked, id=19496, stack(0x000000a7bfb00000,0x000000a7bfc00000) (1024K)]
  0x000001ff7d6b44e0 JavaThread "Unconstrained build operations Thread 45"        [_thread_blocked, id=49308, stack(0x000000a7bfc00000,0x000000a7bfd00000) (1024K)]
  0x000001ff7d6b7ff0 JavaThread "Unconstrained build operations Thread 46"        [_thread_blocked, id=7624, stack(0x000000a7bfd00000,0x000000a7bfe00000) (1024K)]
  0x000001ff7d6b8680 JavaThread "Unconstrained build operations Thread 47"        [_thread_blocked, id=12144, stack(0x000000a7bfe00000,0x000000a7bff00000) (1024K)]
  0x000001ff7d6ba0c0 JavaThread "Unconstrained build operations Thread 48"        [_thread_blocked, id=23060, stack(0x000000a7bff00000,0x000000a7c0000000) (1024K)]
  0x000001ff7d6b9a30 JavaThread "Unconstrained build operations Thread 49"        [_thread_blocked, id=28632, stack(0x000000a7c0000000,0x000000a7c0100000) (1024K)]
  0x000001ff7d6b93a0 JavaThread "Unconstrained build operations Thread 50"        [_thread_blocked, id=20748, stack(0x000000a7c0100000,0x000000a7c0200000) (1024K)]
  0x000001ff7d6b8d10 JavaThread "Unconstrained build operations Thread 51"        [_thread_blocked, id=15048, stack(0x000000a7c0200000,0x000000a7c0300000) (1024K)]
  0x000001ff7d6ba750 JavaThread "Unconstrained build operations Thread 52"        [_thread_blocked, id=30100, stack(0x000000a7c0300000,0x000000a7c0400000) (1024K)]
  0x000001ff7d6bc190 JavaThread "Unconstrained build operations Thread 53"        [_thread_blocked, id=42972, stack(0x000000a7c0400000,0x000000a7c0500000) (1024K)]
  0x000001ff7d6be260 JavaThread "Unconstrained build operations Thread 54"        [_thread_blocked, id=36804, stack(0x000000a7c0500000,0x000000a7c0600000) (1024K)]
  0x000001ff7d6bade0 JavaThread "Unconstrained build operations Thread 55"        [_thread_blocked, id=32456, stack(0x000000a7c0600000,0x000000a7c0700000) (1024K)]
  0x000001ff7d6bceb0 JavaThread "Unconstrained build operations Thread 56"        [_thread_blocked, id=37840, stack(0x000000a7c0700000,0x000000a7c0800000) (1024K)]
  0x000001ff7d6bdbd0 JavaThread "Unconstrained build operations Thread 57"        [_thread_blocked, id=47880, stack(0x000000a7c0a00000,0x000000a7c0b00000) (1024K)]
  0x000001ff7d6be8f0 JavaThread "Unconstrained build operations Thread 58"        [_thread_blocked, id=31564, stack(0x000000a7c0b00000,0x000000a7c0c00000) (1024K)]
  0x000001ff7d6bb470 JavaThread "Unconstrained build operations Thread 59"        [_thread_blocked, id=12588, stack(0x000000a7c0c00000,0x000000a7c0d00000) (1024K)]
  0x000001ff7d6bef80 JavaThread "Unconstrained build operations Thread 60"        [_thread_blocked, id=10252, stack(0x000000a7c0d00000,0x000000a7c0e00000) (1024K)]
  0x000001ff7d6bd540 JavaThread "Unconstrained build operations Thread 61"        [_thread_blocked, id=3592, stack(0x000000a7c0e00000,0x000000a7c0f00000) (1024K)]
  0x000001ff7d6bbb00 JavaThread "Unconstrained build operations Thread 62"        [_thread_blocked, id=49000, stack(0x000000a7c0f00000,0x000000a7c1000000) (1024K)]
  0x000001ff7d6bf610 JavaThread "Unconstrained build operations Thread 63"        [_thread_blocked, id=39496, stack(0x000000a7c1000000,0x000000a7c1100000) (1024K)]
  0x000001ff7d6bfca0 JavaThread "Unconstrained build operations Thread 64"        [_thread_blocked, id=37352, stack(0x000000a7c1100000,0x000000a7c1200000) (1024K)]
  0x000001ff03c71960 JavaThread "Unconstrained build operations Thread 65"        [_thread_blocked, id=28556, stack(0x000000a7c1200000,0x000000a7c1300000) (1024K)]
  0x000001ff03c71ff0 JavaThread "Unconstrained build operations Thread 66"        [_thread_blocked, id=27700, stack(0x000000a7c1300000,0x000000a7c1400000) (1024K)]
  0x000001ff03c705b0 JavaThread "Unconstrained build operations Thread 67"        [_thread_blocked, id=29244, stack(0x000000a7c1400000,0x000000a7c1500000) (1024K)]
  0x000001ff03c6eb70 JavaThread "Unconstrained build operations Thread 68"        [_thread_blocked, id=15184, stack(0x000000a7c1500000,0x000000a7c1600000) (1024K)]
  0x000001ff03c72680 JavaThread "Unconstrained build operations Thread 69"        [_thread_blocked, id=11468, stack(0x000000a7c1600000,0x000000a7c1700000) (1024K)]
  0x000001ff03c70c40 JavaThread "Unconstrained build operations Thread 70"        [_thread_blocked, id=48740, stack(0x000000a7c1700000,0x000000a7c1800000) (1024K)]
  0x000001ff03c6f200 JavaThread "Unconstrained build operations Thread 71"        [_thread_blocked, id=30660, stack(0x000000a7c1800000,0x000000a7c1900000) (1024K)]
  0x000001ff03c72d10 JavaThread "Unconstrained build operations Thread 72"        [_thread_blocked, id=42672, stack(0x000000a7c1900000,0x000000a7c1a00000) (1024K)]
  0x000001ff03c6f890 JavaThread "Unconstrained build operations Thread 73"        [_thread_blocked, id=38524, stack(0x000000a7c1a00000,0x000000a7c1b00000) (1024K)]
  0x000001ff03c76190 JavaThread "Unconstrained build operations Thread 74"        [_thread_blocked, id=2524, stack(0x000000a7c1b00000,0x000000a7c1c00000) (1024K)]
  0x000001ff03c733a0 JavaThread "Unconstrained build operations Thread 75"        [_thread_blocked, id=22628, stack(0x000000a7c1c00000,0x000000a7c1d00000) (1024K)]
  0x000001ff03c75470 JavaThread "Unconstrained build operations Thread 76"        [_thread_blocked, id=33468, stack(0x000000a7c1d00000,0x000000a7c1e00000) (1024K)]
  0x000001ff03c74de0 JavaThread "Unconstrained build operations Thread 77"        [_thread_blocked, id=37000, stack(0x000000a7c1e00000,0x000000a7c1f00000) (1024K)]
  0x000001ff03c76820 JavaThread "Unconstrained build operations Thread 78"        [_thread_blocked, id=27860, stack(0x000000a7c1f00000,0x000000a7c2000000) (1024K)]
  0x000001ff03c73a30 JavaThread "Unconstrained build operations Thread 79"        [_thread_blocked, id=34200, stack(0x000000a7c2000000,0x000000a7c2100000) (1024K)]
  0x000001ff03c77540 JavaThread "Unconstrained build operations Thread 80"        [_thread_blocked, id=48936, stack(0x000000a7c2100000,0x000000a7c2200000) (1024K)]
  0x000001ff03c76eb0 JavaThread "Unconstrained build operations Thread 81"        [_thread_blocked, id=24336, stack(0x000000a7c2b00000,0x000000a7c2c00000) (1024K)]
Total: 152

Other Threads:
  0x000001ff35810050 VMThread "VM Thread"                           [id=33408, stack(0x000000a7b8b00000,0x000000a7b8c00000) (1024K)]
  0x000001ff35bd10a0 WatcherThread "VM Periodic Task Thread"        [id=44560, stack(0x000000a7b8a00000,0x000000a7b8b00000) (1024K)]
  0x000001ff1b52ade0 WorkerThread "GC Thread#0"                     [id=43252, stack(0x000000a7b8500000,0x000000a7b8600000) (1024K)]
  0x000001ff35f12fe0 WorkerThread "GC Thread#1"                     [id=49832, stack(0x000000a7b9900000,0x000000a7b9a00000) (1024K)]
  0x000001ff7b056120 WorkerThread "GC Thread#2"                     [id=24904, stack(0x000000a7b9a00000,0x000000a7b9b00000) (1024K)]
  0x000001ff7b1646a0 WorkerThread "GC Thread#3"                     [id=38860, stack(0x000000a7b9b00000,0x000000a7b9c00000) (1024K)]
  0x000001ff7b164a50 WorkerThread "GC Thread#4"                     [id=25336, stack(0x000000a7b9c00000,0x000000a7b9d00000) (1024K)]
  0x000001ff7b164e00 WorkerThread "GC Thread#5"                     [id=25908, stack(0x000000a7b9d00000,0x000000a7b9e00000) (1024K)]
  0x000001ff7cd0a190 WorkerThread "GC Thread#6"                     [id=5904, stack(0x000000a7baf00000,0x000000a7bb000000) (1024K)]
  0x000001ff7cd0a8f0 WorkerThread "GC Thread#7"                     [id=3120, stack(0x000000a7bb000000,0x000000a7bb100000) (1024K)]
  0x000001ff7cd08f20 WorkerThread "GC Thread#8"                     [id=25016, stack(0x000000a7bb100000,0x000000a7bb200000) (1024K)]
  0x000001ff7cd0a540 WorkerThread "GC Thread#9"                     [id=29904, stack(0x000000a7bb200000,0x000000a7bb300000) (1024K)]
  0x000001ff7cd09de0 WorkerThread "GC Thread#10"                    [id=420, stack(0x000000a7bb300000,0x000000a7bb400000) (1024K)]
  0x000001ff7cd09680 WorkerThread "GC Thread#11"                    [id=1800, stack(0x000000a7bb400000,0x000000a7bb500000) (1024K)]
  0x000001ff7cd09a30 WorkerThread "GC Thread#12"                    [id=49812, stack(0x000000a7bb500000,0x000000a7bb600000) (1024K)]
  0x000001ff003f0c70 WorkerThread "GC Thread#13"                    [id=27684, stack(0x000000a7bb600000,0x000000a7bb700000) (1024K)]
  0x000001ff003f13d0 WorkerThread "GC Thread#14"                    [id=36952, stack(0x000000a7bb700000,0x000000a7bb800000) (1024K)]
  0x000001ff003f1020 WorkerThread "GC Thread#15"                    [id=50248, stack(0x000000a7bb800000,0x000000a7bb900000) (1024K)]
  0x000001ff003f1780 WorkerThread "GC Thread#16"                    [id=49372, stack(0x000000a7bb900000,0x000000a7bba00000) (1024K)]
  0x000001ff003f1b30 WorkerThread "GC Thread#17"                    [id=15120, stack(0x000000a7bba00000,0x000000a7bbb00000) (1024K)]
  0x000001ff003f08c0 WorkerThread "GC Thread#18"                    [id=35928, stack(0x000000a7bbb00000,0x000000a7bbc00000) (1024K)]
  0x000001ff003f1ee0 WorkerThread "GC Thread#19"                    [id=25940, stack(0x000000a7bbc00000,0x000000a7bbd00000) (1024K)]
  0x000001ff1b539e00 ConcurrentGCThread "G1 Main Marker"            [id=32376, stack(0x000000a7b8600000,0x000000a7b8700000) (1024K)]
  0x000001ff1b53c2f0 WorkerThread "G1 Conc#0"                       [id=46604, stack(0x000000a7b8700000,0x000000a7b8800000) (1024K)]
  0x000001ff7e406e30 WorkerThread "G1 Conc#1"                       [id=4300, stack(0x000000a7bbd00000,0x000000a7bbe00000) (1024K)]
  0x000001ff7e405f70 WorkerThread "G1 Conc#2"                       [id=32580, stack(0x000000a7bbe00000,0x000000a7bbf00000) (1024K)]
  0x000001ff7e405bc0 WorkerThread "G1 Conc#3"                       [id=28868, stack(0x000000a7bbf00000,0x000000a7bc000000) (1024K)]
  0x000001ff7e4071e0 WorkerThread "G1 Conc#4"                       [id=5536, stack(0x000000a7bc000000,0x000000a7bc100000) (1024K)]
  0x000001ff35758700 ConcurrentGCThread "G1 Refine#0"               [id=2260, stack(0x000000a7b8800000,0x000000a7b8900000) (1024K)]
  0x000001ff35758f30 ConcurrentGCThread "G1 Service"                [id=21188, stack(0x000000a7b8900000,0x000000a7b8a00000) (1024K)]
Total: 30

Threads with active compile tasks:
C2 CompilerThread1  15670 16544   !   4       org.gradle.api.internal.artifacts.ivyservice.resolveengine.artifact.ArtifactBackedResolvedVariant::getArtifacts (161 bytes)
C2 CompilerThread2  15670 16543   !   4       org.gradle.api.internal.artifacts.transform.AttributeMatchingArtifactVariantSelector::select (29 bytes)
Total: 2

VM state: not at safepoint (normal execution)

VM Mutex/Monitor currently owned by a thread: None

Heap address: 0x00000000a0000000, size: 1536 MB, Compressed Oops mode: 32-bit

CDS archive(s) mapped at: [0x000001ff36000000-0x000001ff36ba0000-0x000001ff36ba0000), size 12189696, SharedBaseAddress: 0x000001ff36000000, ArchiveRelocationMode: 1.
Compressed class space mapped at: 0x000001ff37000000-0x000001ff77000000, reserved size: 1073741824
Narrow klass base: 0x000001ff36000000, Narrow klass shift: 0, Narrow klass range: 0x100000000

GC Precious Log:
 CardTable entry size: 512
 Card Set container configuration: InlinePtr #cards 5 size 8 Array Of Cards #cards 12 size 40 Howl #buckets 4 coarsen threshold 1843 Howl Bitmap #cards 512 size 80 coarsen threshold 460 Card regions per heap region 1 cards per card region 2048
 CPUs: 28 total, 28 available
 Memory: 16107M
 Large Page Support: Disabled
 NUMA Support: Disabled
 Compressed Oops: Enabled (32-bit)
 Heap Region Size: 1M
 Heap Min Capacity: 8M
 Heap Initial Capacity: 252M
 Heap Max Capacity: 1536M
 Pre-touch: Disabled
 Parallel Workers: 20
 Concurrent Workers: 5
 Concurrent Refinement Workers: 20
 Periodic GC: Disabled

Heap:
 garbage-first heap   total 240640K, used 207941K [0x00000000a0000000, 0x0000000100000000)
  region size 1024K, 65 young (66560K), 8 survivors (8192K)
 Metaspace       used 104030K, committed 106624K, reserved 1179648K
  class space    used 14232K, committed 15488K, reserved 1048576K

Heap Regions: E=young(eden), S=young(survivor), O=old, HS=humongous(starts), HC=humongous(continues), CS=collection set, F=free, TAMS=top-at-mark-start, PB=parsable bottom
|   0|0x00000000a0000000, 0x00000000a0100000, 0x00000000a0100000|100%|HS|  |TAMS 0x00000000a0000000| PB 0x00000000a0000000| Complete 
|   1|0x00000000a0100000, 0x00000000a0200000, 0x00000000a0200000|100%|HC|  |TAMS 0x00000000a0100000| PB 0x00000000a0100000| Complete 
|   2|0x00000000a0200000, 0x00000000a0300000, 0x00000000a0300000|100%|HC|  |TAMS 0x00000000a0200000| PB 0x00000000a0200000| Complete 
|   3|0x00000000a0300000, 0x00000000a0400000, 0x00000000a0400000|100%| O|  |TAMS 0x00000000a0300000| PB 0x00000000a0300000| Untracked 
|   4|0x00000000a0400000, 0x00000000a0500000, 0x00000000a0500000|100%| O|  |TAMS 0x00000000a0400000| PB 0x00000000a0400000| Untracked 
|   5|0x00000000a0500000, 0x00000000a0600000, 0x00000000a0600000|100%| O|  |TAMS 0x00000000a0500000| PB 0x00000000a0500000| Untracked 
|   6|0x00000000a0600000, 0x00000000a0700000, 0x00000000a0700000|100%|HS|  |TAMS 0x00000000a0600000| PB 0x00000000a0600000| Complete 
|   7|0x00000000a0700000, 0x00000000a0800000, 0x00000000a0800000|100%| O|  |TAMS 0x00000000a0700000| PB 0x00000000a0700000| Untracked 
|   8|0x00000000a0800000, 0x00000000a0900000, 0x00000000a0900000|100%| O|  |TAMS 0x00000000a0800000| PB 0x00000000a0800000| Untracked 
|   9|0x00000000a0900000, 0x00000000a0a00000, 0x00000000a0a00000|100%| O|  |TAMS 0x00000000a0900000| PB 0x00000000a0900000| Untracked 
|  10|0x00000000a0a00000, 0x00000000a0b00000, 0x00000000a0b00000|100%| O|  |TAMS 0x00000000a0a00000| PB 0x00000000a0a00000| Untracked 
|  11|0x00000000a0b00000, 0x00000000a0c00000, 0x00000000a0c00000|100%| O|  |TAMS 0x00000000a0b00000| PB 0x00000000a0b00000| Untracked 
|  12|0x00000000a0c00000, 0x00000000a0d00000, 0x00000000a0d00000|100%| O|  |TAMS 0x00000000a0c00000| PB 0x00000000a0c00000| Untracked 
|  13|0x00000000a0d00000, 0x00000000a0e00000, 0x00000000a0e00000|100%| O|  |TAMS 0x00000000a0d00000| PB 0x00000000a0d00000| Untracked 
|  14|0x00000000a0e00000, 0x00000000a0f00000, 0x00000000a0f00000|100%| O|  |TAMS 0x00000000a0e00000| PB 0x00000000a0e00000| Untracked 
|  15|0x00000000a0f00000, 0x00000000a1000000, 0x00000000a1000000|100%| O|  |TAMS 0x00000000a0f00000| PB 0x00000000a0f00000| Untracked 
|  16|0x00000000a1000000, 0x00000000a1100000, 0x00000000a1100000|100%| O|  |TAMS 0x00000000a1000000| PB 0x00000000a1000000| Untracked 
|  17|0x00000000a1100000, 0x00000000a1200000, 0x00000000a1200000|100%| O|  |TAMS 0x00000000a1100000| PB 0x00000000a1100000| Untracked 
|  18|0x00000000a1200000, 0x00000000a1300000, 0x00000000a1300000|100%| O|  |TAMS 0x00000000a1200000| PB 0x00000000a1200000| Untracked 
|  19|0x00000000a1300000, 0x00000000a1400000, 0x00000000a1400000|100%| O|  |TAMS 0x00000000a1300000| PB 0x00000000a1300000| Untracked 
|  20|0x00000000a1400000, 0x00000000a1500000, 0x00000000a1500000|100%| O|  |TAMS 0x00000000a1400000| PB 0x00000000a1400000| Untracked 
|  21|0x00000000a1500000, 0x00000000a1600000, 0x00000000a1600000|100%| O|  |TAMS 0x00000000a1500000| PB 0x00000000a1500000| Untracked 
|  22|0x00000000a1600000, 0x00000000a1700000, 0x00000000a1700000|100%| O|  |TAMS 0x00000000a1600000| PB 0x00000000a1600000| Untracked 
|  23|0x00000000a1700000, 0x00000000a1800000, 0x00000000a1800000|100%| O|  |TAMS 0x00000000a1700000| PB 0x00000000a1700000| Untracked 
|  24|0x00000000a1800000, 0x00000000a1900000, 0x00000000a1900000|100%| O|  |TAMS 0x00000000a1800000| PB 0x00000000a1800000| Untracked 
|  25|0x00000000a1900000, 0x00000000a1a00000, 0x00000000a1a00000|100%| O|  |TAMS 0x00000000a1900000| PB 0x00000000a1900000| Untracked 
|  26|0x00000000a1a00000, 0x00000000a1b00000, 0x00000000a1b00000|100%| O|  |TAMS 0x00000000a1a00000| PB 0x00000000a1a00000| Untracked 
|  27|0x00000000a1b00000, 0x00000000a1c00000, 0x00000000a1c00000|100%| O|  |TAMS 0x00000000a1b00000| PB 0x00000000a1b00000| Untracked 
|  28|0x00000000a1c00000, 0x00000000a1d00000, 0x00000000a1d00000|100%| O|  |TAMS 0x00000000a1c00000| PB 0x00000000a1c00000| Untracked 
|  29|0x00000000a1d00000, 0x00000000a1e00000, 0x00000000a1e00000|100%| O|  |TAMS 0x00000000a1d00000| PB 0x00000000a1d00000| Untracked 
|  30|0x00000000a1e00000, 0x00000000a1f00000, 0x00000000a1f00000|100%| O|  |TAMS 0x00000000a1e00000| PB 0x00000000a1e00000| Untracked 
|  31|0x00000000a1f00000, 0x00000000a2000000, 0x00000000a2000000|100%| O|  |TAMS 0x00000000a1f00000| PB 0x00000000a1f00000| Untracked 
|  32|0x00000000a2000000, 0x00000000a2100000, 0x00000000a2100000|100%|HS|  |TAMS 0x00000000a2000000| PB 0x00000000a2000000| Complete 
|  33|0x00000000a2100000, 0x00000000a2200000, 0x00000000a2200000|100%| O|  |TAMS 0x00000000a2100000| PB 0x00000000a2100000| Untracked 
|  34|0x00000000a2200000, 0x00000000a2300000, 0x00000000a2300000|100%| O|  |TAMS 0x00000000a2200000| PB 0x00000000a2200000| Untracked 
|  35|0x00000000a2300000, 0x00000000a2400000, 0x00000000a2400000|100%|HS|  |TAMS 0x00000000a2300000| PB 0x00000000a2300000| Complete 
|  36|0x00000000a2400000, 0x00000000a2500000, 0x00000000a2500000|100%|HS|  |TAMS 0x00000000a2400000| PB 0x00000000a2400000| Complete 
|  37|0x00000000a2500000, 0x00000000a2600000, 0x00000000a2600000|100%| O|  |TAMS 0x00000000a2500000| PB 0x00000000a2500000| Untracked 
|  38|0x00000000a2600000, 0x00000000a2700000, 0x00000000a2700000|100%| O|  |TAMS 0x00000000a2600000| PB 0x00000000a2600000| Untracked 
|  39|0x00000000a2700000, 0x00000000a2800000, 0x00000000a2800000|100%| O|  |TAMS 0x00000000a2700000| PB 0x00000000a2700000| Untracked 
|  40|0x00000000a2800000, 0x00000000a2900000, 0x00000000a2900000|100%|HS|  |TAMS 0x00000000a2800000| PB 0x00000000a2800000| Complete 
|  41|0x00000000a2900000, 0x00000000a2a00000, 0x00000000a2a00000|100%| O|  |TAMS 0x00000000a2900000| PB 0x00000000a2900000| Untracked 
|  42|0x00000000a2a00000, 0x00000000a2b00000, 0x00000000a2b00000|100%|HS|  |TAMS 0x00000000a2a00000| PB 0x00000000a2a00000| Complete 
|  43|0x00000000a2b00000, 0x00000000a2c00000, 0x00000000a2c00000|100%|HS|  |TAMS 0x00000000a2b00000| PB 0x00000000a2b00000| Complete 
|  44|0x00000000a2c00000, 0x00000000a2d00000, 0x00000000a2d00000|100%| O|  |TAMS 0x00000000a2c00000| PB 0x00000000a2c00000| Untracked 
|  45|0x00000000a2d00000, 0x00000000a2e00000, 0x00000000a2e00000|100%| O|  |TAMS 0x00000000a2d00000| PB 0x00000000a2d00000| Untracked 
|  46|0x00000000a2e00000, 0x00000000a2f00000, 0x00000000a2f00000|100%| O|  |TAMS 0x00000000a2e00000| PB 0x00000000a2e00000| Untracked 
|  47|0x00000000a2f00000, 0x00000000a3000000, 0x00000000a3000000|100%| O|  |TAMS 0x00000000a2f00000| PB 0x00000000a2f00000| Untracked 
|  48|0x00000000a3000000, 0x00000000a3100000, 0x00000000a3100000|100%| O|  |TAMS 0x00000000a3000000| PB 0x00000000a3000000| Untracked 
|  49|0x00000000a3100000, 0x00000000a3200000, 0x00000000a3200000|100%| O|  |TAMS 0x00000000a3100000| PB 0x00000000a3100000| Untracked 
|  50|0x00000000a3200000, 0x00000000a3300000, 0x00000000a3300000|100%| O|  |TAMS 0x00000000a3200000| PB 0x00000000a3200000| Untracked 
|  51|0x00000000a3300000, 0x00000000a3400000, 0x00000000a3400000|100%| O|  |TAMS 0x00000000a3300000| PB 0x00000000a3300000| Untracked 
|  52|0x00000000a3400000, 0x00000000a3500000, 0x00000000a3500000|100%| O|  |TAMS 0x00000000a3400000| PB 0x00000000a3400000| Untracked 
|  53|0x00000000a3500000, 0x00000000a3600000, 0x00000000a3600000|100%|HS|  |TAMS 0x00000000a3500000| PB 0x00000000a3500000| Complete 
|  54|0x00000000a3600000, 0x00000000a3700000, 0x00000000a3700000|100%| O|  |TAMS 0x00000000a3600000| PB 0x00000000a3600000| Untracked 
|  55|0x00000000a3700000, 0x00000000a3800000, 0x00000000a3800000|100%| O|  |TAMS 0x00000000a3700000| PB 0x00000000a3700000| Untracked 
|  56|0x00000000a3800000, 0x00000000a3900000, 0x00000000a3900000|100%| O|  |TAMS 0x00000000a3800000| PB 0x00000000a3800000| Untracked 
|  57|0x00000000a3900000, 0x00000000a3a00000, 0x00000000a3a00000|100%| O|  |TAMS 0x00000000a3900000| PB 0x00000000a3900000| Untracked 
|  58|0x00000000a3a00000, 0x00000000a3b00000, 0x00000000a3b00000|100%| O|  |TAMS 0x00000000a3a00000| PB 0x00000000a3a00000| Untracked 
|  59|0x00000000a3b00000, 0x00000000a3c00000, 0x00000000a3c00000|100%| O|  |TAMS 0x00000000a3b00000| PB 0x00000000a3b00000| Untracked 
|  60|0x00000000a3c00000, 0x00000000a3d00000, 0x00000000a3d00000|100%| O|  |TAMS 0x00000000a3c00000| PB 0x00000000a3c00000| Untracked 
|  61|0x00000000a3d00000, 0x00000000a3e00000, 0x00000000a3e00000|100%| O|  |TAMS 0x00000000a3d00000| PB 0x00000000a3d00000| Untracked 
|  62|0x00000000a3e00000, 0x00000000a3f00000, 0x00000000a3f00000|100%| O|  |TAMS 0x00000000a3e00000| PB 0x00000000a3e00000| Untracked 
|  63|0x00000000a3f00000, 0x00000000a4000000, 0x00000000a4000000|100%| O|  |TAMS 0x00000000a3f00000| PB 0x00000000a3f00000| Untracked 
|  64|0x00000000a4000000, 0x00000000a4100000, 0x00000000a4100000|100%| O|  |TAMS 0x00000000a4000000| PB 0x00000000a4000000| Untracked 
|  65|0x00000000a4100000, 0x00000000a4200000, 0x00000000a4200000|100%| O|  |TAMS 0x00000000a4100000| PB 0x00000000a4100000| Untracked 
|  66|0x00000000a4200000, 0x00000000a4300000, 0x00000000a4300000|100%| O|  |TAMS 0x00000000a4200000| PB 0x00000000a4200000| Untracked 
|  67|0x00000000a4300000, 0x00000000a4400000, 0x00000000a4400000|100%| O|  |TAMS 0x00000000a4300000| PB 0x00000000a4300000| Untracked 
|  68|0x00000000a4400000, 0x00000000a4500000, 0x00000000a4500000|100%| O|  |TAMS 0x00000000a4400000| PB 0x00000000a4400000| Untracked 
|  69|0x00000000a4500000, 0x00000000a4600000, 0x00000000a4600000|100%| O|  |TAMS 0x00000000a4500000| PB 0x00000000a4500000| Untracked 
|  70|0x00000000a4600000, 0x00000000a4700000, 0x00000000a4700000|100%| O|  |TAMS 0x00000000a4600000| PB 0x00000000a4600000| Untracked 
|  71|0x00000000a4700000, 0x00000000a4800000, 0x00000000a4800000|100%| O|  |TAMS 0x00000000a4700000| PB 0x00000000a4700000| Untracked 
|  72|0x00000000a4800000, 0x00000000a4900000, 0x00000000a4900000|100%| O|  |TAMS 0x00000000a4800000| PB 0x00000000a4800000| Untracked 
|  73|0x00000000a4900000, 0x00000000a4a00000, 0x00000000a4a00000|100%| O|  |TAMS 0x00000000a4900000| PB 0x00000000a4900000| Untracked 
|  74|0x00000000a4a00000, 0x00000000a4b00000, 0x00000000a4b00000|100%| O|  |TAMS 0x00000000a4a00000| PB 0x00000000a4a00000| Untracked 
|  75|0x00000000a4b00000, 0x00000000a4c00000, 0x00000000a4c00000|100%|HS|  |TAMS 0x00000000a4b00000| PB 0x00000000a4b00000| Complete 
|  76|0x00000000a4c00000, 0x00000000a4d00000, 0x00000000a4d00000|100%|HC|  |TAMS 0x00000000a4c00000| PB 0x00000000a4c00000| Complete 
|  77|0x00000000a4d00000, 0x00000000a4e00000, 0x00000000a4e00000|100%| O|  |TAMS 0x00000000a4d00000| PB 0x00000000a4d00000| Untracked 
|  78|0x00000000a4e00000, 0x00000000a4f00000, 0x00000000a4f00000|100%|HS|  |TAMS 0x00000000a4e00000| PB 0x00000000a4e00000| Complete 
|  79|0x00000000a4f00000, 0x00000000a5000000, 0x00000000a5000000|100%|HC|  |TAMS 0x00000000a4f00000| PB 0x00000000a4f00000| Complete 
|  80|0x00000000a5000000, 0x00000000a5100000, 0x00000000a5100000|100%| O|  |TAMS 0x00000000a5000000| PB 0x00000000a5000000| Untracked 
|  81|0x00000000a5100000, 0x00000000a5200000, 0x00000000a5200000|100%| O|  |TAMS 0x00000000a5100000| PB 0x00000000a5100000| Untracked 
|  82|0x00000000a5200000, 0x00000000a5300000, 0x00000000a5300000|100%| O|  |TAMS 0x00000000a5200000| PB 0x00000000a5200000| Untracked 
|  83|0x00000000a5300000, 0x00000000a5400000, 0x00000000a5400000|100%| O|  |TAMS 0x00000000a5300000| PB 0x00000000a5300000| Untracked 
|  84|0x00000000a5400000, 0x00000000a5500000, 0x00000000a5500000|100%| O|  |TAMS 0x00000000a5400000| PB 0x00000000a5400000| Untracked 
|  85|0x00000000a5500000, 0x00000000a5600000, 0x00000000a5600000|100%| O|  |TAMS 0x00000000a5500000| PB 0x00000000a5500000| Untracked 
|  86|0x00000000a5600000, 0x00000000a5700000, 0x00000000a5700000|100%| O|  |TAMS 0x00000000a5600000| PB 0x00000000a5600000| Untracked 
|  87|0x00000000a5700000, 0x00000000a5800000, 0x00000000a5800000|100%| O|  |TAMS 0x00000000a5700000| PB 0x00000000a5700000| Untracked 
|  88|0x00000000a5800000, 0x00000000a5900000, 0x00000000a5900000|100%| O|  |TAMS 0x00000000a5800000| PB 0x00000000a5800000| Untracked 
|  89|0x00000000a5900000, 0x00000000a5a00000, 0x00000000a5a00000|100%| O|  |TAMS 0x00000000a5900000| PB 0x00000000a5900000| Untracked 
|  90|0x00000000a5a00000, 0x00000000a5b00000, 0x00000000a5b00000|100%| O|  |TAMS 0x00000000a5a00000| PB 0x00000000a5a00000| Untracked 
|  91|0x00000000a5b00000, 0x00000000a5c00000, 0x00000000a5c00000|100%| O|  |TAMS 0x00000000a5b00000| PB 0x00000000a5b00000| Untracked 
|  92|0x00000000a5c00000, 0x00000000a5d00000, 0x00000000a5d00000|100%| O|  |TAMS 0x00000000a5c00000| PB 0x00000000a5c00000| Untracked 
|  93|0x00000000a5d00000, 0x00000000a5e00000, 0x00000000a5e00000|100%| O|  |TAMS 0x00000000a5d00000| PB 0x00000000a5d00000| Untracked 
|  94|0x00000000a5e00000, 0x00000000a5f00000, 0x00000000a5f00000|100%| O|  |TAMS 0x00000000a5e00000| PB 0x00000000a5e00000| Untracked 
|  95|0x00000000a5f00000, 0x00000000a6000000, 0x00000000a6000000|100%| O|  |TAMS 0x00000000a5f00000| PB 0x00000000a5f00000| Untracked 
|  96|0x00000000a6000000, 0x00000000a6100000, 0x00000000a6100000|100%| O|  |TAMS 0x00000000a6000000| PB 0x00000000a6000000| Untracked 
|  97|0x00000000a6100000, 0x00000000a6200000, 0x00000000a6200000|100%| O|  |TAMS 0x00000000a6100000| PB 0x00000000a6100000| Untracked 
|  98|0x00000000a6200000, 0x00000000a6300000, 0x00000000a6300000|100%| O|  |TAMS 0x00000000a6200000| PB 0x00000000a6200000| Untracked 
|  99|0x00000000a6300000, 0x00000000a6400000, 0x00000000a6400000|100%| O|  |TAMS 0x00000000a6300000| PB 0x00000000a6300000| Untracked 
| 100|0x00000000a6400000, 0x00000000a6500000, 0x00000000a6500000|100%| O|  |TAMS 0x00000000a6400000| PB 0x00000000a6400000| Untracked 
| 101|0x00000000a6500000, 0x00000000a6600000, 0x00000000a6600000|100%| O|  |TAMS 0x00000000a6500000| PB 0x00000000a6500000| Untracked 
| 102|0x00000000a6600000, 0x00000000a6700000, 0x00000000a6700000|100%| O|  |TAMS 0x00000000a6600000| PB 0x00000000a6600000| Untracked 
| 103|0x00000000a6700000, 0x00000000a6800000, 0x00000000a6800000|100%| O|  |TAMS 0x00000000a6700000| PB 0x00000000a6700000| Untracked 
| 104|0x00000000a6800000, 0x00000000a6900000, 0x00000000a6900000|100%| O|  |TAMS 0x00000000a6800000| PB 0x00000000a6800000| Untracked 
| 105|0x00000000a6900000, 0x00000000a6a00000, 0x00000000a6a00000|100%| O|  |TAMS 0x00000000a6900000| PB 0x00000000a6900000| Untracked 
| 106|0x00000000a6a00000, 0x00000000a6b00000, 0x00000000a6b00000|100%| O|  |TAMS 0x00000000a6a00000| PB 0x00000000a6a00000| Untracked 
| 107|0x00000000a6b00000, 0x00000000a6c00000, 0x00000000a6c00000|100%| O|  |TAMS 0x00000000a6b00000| PB 0x00000000a6b00000| Untracked 
| 108|0x00000000a6c00000, 0x00000000a6d00000, 0x00000000a6d00000|100%| O|  |TAMS 0x00000000a6c00000| PB 0x00000000a6c00000| Untracked 
| 109|0x00000000a6d00000, 0x00000000a6e00000, 0x00000000a6e00000|100%| O|  |TAMS 0x00000000a6d00000| PB 0x00000000a6d00000| Untracked 
| 110|0x00000000a6e00000, 0x00000000a6f00000, 0x00000000a6f00000|100%| O|  |TAMS 0x00000000a6e00000| PB 0x00000000a6e00000| Untracked 
| 111|0x00000000a6f00000, 0x00000000a7000000, 0x00000000a7000000|100%| O|  |TAMS 0x00000000a6f00000| PB 0x00000000a6f00000| Untracked 
| 112|0x00000000a7000000, 0x00000000a7100000, 0x00000000a7100000|100%| O|Cm|TAMS 0x00000000a7000000| PB 0x00000000a7000000| Complete 
| 113|0x00000000a7100000, 0x00000000a7200000, 0x00000000a7200000|100%| O|Cm|TAMS 0x00000000a7100000| PB 0x00000000a7100000| Complete 
| 114|0x00000000a7200000, 0x00000000a7300000, 0x00000000a7300000|100%| O|  |TAMS 0x00000000a7200000| PB 0x00000000a7200000| Untracked 
| 115|0x00000000a7300000, 0x00000000a7400000, 0x00000000a7400000|100%| O|  |TAMS 0x00000000a7300000| PB 0x00000000a7300000| Untracked 
| 116|0x00000000a7400000, 0x00000000a7500000, 0x00000000a7500000|100%| O|  |TAMS 0x00000000a7400000| PB 0x00000000a7400000| Untracked 
| 117|0x00000000a7500000, 0x00000000a7600000, 0x00000000a7600000|100%| O|  |TAMS 0x00000000a7500000| PB 0x00000000a7500000| Untracked 
| 118|0x00000000a7600000, 0x00000000a7700000, 0x00000000a7700000|100%| O|  |TAMS 0x00000000a7600000| PB 0x00000000a7600000| Untracked 
| 119|0x00000000a7700000, 0x00000000a7800000, 0x00000000a7800000|100%| O|  |TAMS 0x00000000a7700000| PB 0x00000000a7700000| Untracked 
| 120|0x00000000a7800000, 0x00000000a7900000, 0x00000000a7900000|100%| O|  |TAMS 0x00000000a7800000| PB 0x00000000a7800000| Untracked 
| 121|0x00000000a7900000, 0x00000000a7a00000, 0x00000000a7a00000|100%| O|  |TAMS 0x00000000a7900000| PB 0x00000000a7900000| Untracked 
| 122|0x00000000a7a00000, 0x00000000a7b00000, 0x00000000a7b00000|100%| O|  |TAMS 0x00000000a7a00000| PB 0x00000000a7a00000| Untracked 
| 123|0x00000000a7b00000, 0x00000000a7c00000, 0x00000000a7c00000|100%| O|  |TAMS 0x00000000a7b00000| PB 0x00000000a7b00000| Untracked 
| 124|0x00000000a7c00000, 0x00000000a7c11460, 0x00000000a7d00000|  6%| O|  |TAMS 0x00000000a7c00000| PB 0x00000000a7c00000| Untracked 
| 125|0x00000000a7d00000, 0x00000000a7e00000, 0x00000000a7e00000|100%| O|  |TAMS 0x00000000a7d00000| PB 0x00000000a7d00000| Untracked 
| 126|0x00000000a7e00000, 0x00000000a7f00000, 0x00000000a7f00000|100%| O|  |TAMS 0x00000000a7e00000| PB 0x00000000a7e00000| Untracked 
| 127|0x00000000a7f00000, 0x00000000a7f00000, 0x00000000a8000000|  0%| F|  |TAMS 0x00000000a7f00000| PB 0x00000000a7f00000| Untracked 
| 128|0x00000000a8000000, 0x00000000a8000000, 0x00000000a8100000|  0%| F|  |TAMS 0x00000000a8000000| PB 0x00000000a8000000| Untracked 
| 129|0x00000000a8100000, 0x00000000a8100000, 0x00000000a8200000|  0%| F|  |TAMS 0x00000000a8100000| PB 0x00000000a8100000| Untracked 
| 130|0x00000000a8200000, 0x00000000a8200000, 0x00000000a8300000|  0%| F|  |TAMS 0x00000000a8200000| PB 0x00000000a8200000| Untracked 
| 131|0x00000000a8300000, 0x00000000a8300000, 0x00000000a8400000|  0%| F|  |TAMS 0x00000000a8300000| PB 0x00000000a8300000| Untracked 
| 132|0x00000000a8400000, 0x00000000a8400000, 0x00000000a8500000|  0%| F|  |TAMS 0x00000000a8400000| PB 0x00000000a8400000| Untracked 
| 133|0x00000000a8500000, 0x00000000a8500000, 0x00000000a8600000|  0%| F|  |TAMS 0x00000000a8500000| PB 0x00000000a8500000| Untracked 
| 134|0x00000000a8600000, 0x00000000a8600000, 0x00000000a8700000|  0%| F|  |TAMS 0x00000000a8600000| PB 0x00000000a8600000| Untracked 
| 135|0x00000000a8700000, 0x00000000a8700000, 0x00000000a8800000|  0%| F|  |TAMS 0x00000000a8700000| PB 0x00000000a8700000| Untracked 
| 136|0x00000000a8800000, 0x00000000a8800000, 0x00000000a8900000|  0%| F|  |TAMS 0x00000000a8800000| PB 0x00000000a8800000| Untracked 
| 137|0x00000000a8900000, 0x00000000a8900000, 0x00000000a8a00000|  0%| F|  |TAMS 0x00000000a8900000| PB 0x00000000a8900000| Untracked 
| 138|0x00000000a8a00000, 0x00000000a8a00000, 0x00000000a8b00000|  0%| F|  |TAMS 0x00000000a8a00000| PB 0x00000000a8a00000| Untracked 
| 139|0x00000000a8b00000, 0x00000000a8b00000, 0x00000000a8c00000|  0%| F|  |TAMS 0x00000000a8b00000| PB 0x00000000a8b00000| Untracked 
| 140|0x00000000a8c00000, 0x00000000a8c00000, 0x00000000a8d00000|  0%| F|  |TAMS 0x00000000a8c00000| PB 0x00000000a8c00000| Untracked 
| 141|0x00000000a8d00000, 0x00000000a8d00000, 0x00000000a8e00000|  0%| F|  |TAMS 0x00000000a8d00000| PB 0x00000000a8d00000| Untracked 
| 142|0x00000000a8e00000, 0x00000000a8e00000, 0x00000000a8f00000|  0%| F|  |TAMS 0x00000000a8e00000| PB 0x00000000a8e00000| Untracked 
| 143|0x00000000a8f00000, 0x00000000a8f00000, 0x00000000a9000000|  0%| F|  |TAMS 0x00000000a8f00000| PB 0x00000000a8f00000| Untracked 
| 144|0x00000000a9000000, 0x00000000a9000000, 0x00000000a9100000|  0%| F|  |TAMS 0x00000000a9000000| PB 0x00000000a9000000| Untracked 
| 145|0x00000000a9100000, 0x00000000a9100000, 0x00000000a9200000|  0%| F|  |TAMS 0x00000000a9100000| PB 0x00000000a9100000| Untracked 
| 146|0x00000000a9200000, 0x00000000a9200000, 0x00000000a9300000|  0%| F|  |TAMS 0x00000000a9200000| PB 0x00000000a9200000| Untracked 
| 147|0x00000000a9300000, 0x00000000a9300000, 0x00000000a9400000|  0%| F|  |TAMS 0x00000000a9300000| PB 0x00000000a9300000| Untracked 
| 148|0x00000000a9400000, 0x00000000a9400000, 0x00000000a9500000|  0%| F|  |TAMS 0x00000000a9400000| PB 0x00000000a9400000| Untracked 
| 149|0x00000000a9500000, 0x00000000a9500000, 0x00000000a9600000|  0%| F|  |TAMS 0x00000000a9500000| PB 0x00000000a9500000| Untracked 
| 150|0x00000000a9600000, 0x00000000a9600000, 0x00000000a9700000|  0%| F|  |TAMS 0x00000000a9600000| PB 0x00000000a9600000| Untracked 
| 151|0x00000000a9700000, 0x00000000a9700000, 0x00000000a9800000|  0%| F|  |TAMS 0x00000000a9700000| PB 0x00000000a9700000| Untracked 
| 152|0x00000000a9800000, 0x00000000a9800000, 0x00000000a9900000|  0%| F|  |TAMS 0x00000000a9800000| PB 0x00000000a9800000| Untracked 
| 153|0x00000000a9900000, 0x00000000a9900000, 0x00000000a9a00000|  0%| F|  |TAMS 0x00000000a9900000| PB 0x00000000a9900000| Untracked 
| 154|0x00000000a9a00000, 0x00000000a9a00000, 0x00000000a9b00000|  0%| F|  |TAMS 0x00000000a9a00000| PB 0x00000000a9a00000| Untracked 
| 155|0x00000000a9b00000, 0x00000000a9b00000, 0x00000000a9c00000|  0%| F|  |TAMS 0x00000000a9b00000| PB 0x00000000a9b00000| Untracked 
| 156|0x00000000a9c00000, 0x00000000a9c80000, 0x00000000a9d00000| 50%| E|  |TAMS 0x00000000a9c00000| PB 0x00000000a9c00000| Complete 
| 157|0x00000000a9d00000, 0x00000000a9e00000, 0x00000000a9e00000|100%| S|CS|TAMS 0x00000000a9d00000| PB 0x00000000a9d00000| Complete 
| 158|0x00000000a9e00000, 0x00000000a9f00000, 0x00000000a9f00000|100%| S|CS|TAMS 0x00000000a9e00000| PB 0x00000000a9e00000| Complete 
| 159|0x00000000a9f00000, 0x00000000aa000000, 0x00000000aa000000|100%| S|CS|TAMS 0x00000000a9f00000| PB 0x00000000a9f00000| Complete 
| 160|0x00000000aa000000, 0x00000000aa100000, 0x00000000aa100000|100%| S|CS|TAMS 0x00000000aa000000| PB 0x00000000aa000000| Complete 
| 161|0x00000000aa100000, 0x00000000aa200000, 0x00000000aa200000|100%| S|CS|TAMS 0x00000000aa100000| PB 0x00000000aa100000| Complete 
| 162|0x00000000aa200000, 0x00000000aa300000, 0x00000000aa300000|100%| S|CS|TAMS 0x00000000aa200000| PB 0x00000000aa200000| Complete 
| 163|0x00000000aa300000, 0x00000000aa400000, 0x00000000aa400000|100%| S|CS|TAMS 0x00000000aa300000| PB 0x00000000aa300000| Complete 
| 164|0x00000000aa400000, 0x00000000aa500000, 0x00000000aa500000|100%| S|CS|TAMS 0x00000000aa400000| PB 0x00000000aa400000| Complete 
| 165|0x00000000aa500000, 0x00000000aa600000, 0x00000000aa600000|100%| E|CS|TAMS 0x00000000aa500000| PB 0x00000000aa500000| Complete 
| 166|0x00000000aa600000, 0x00000000aa700000, 0x00000000aa700000|100%| E|CS|TAMS 0x00000000aa600000| PB 0x00000000aa600000| Complete 
| 167|0x00000000aa700000, 0x00000000aa800000, 0x00000000aa800000|100%| E|CS|TAMS 0x00000000aa700000| PB 0x00000000aa700000| Complete 
| 168|0x00000000aa800000, 0x00000000aa900000, 0x00000000aa900000|100%| E|CS|TAMS 0x00000000aa800000| PB 0x00000000aa800000| Complete 
| 169|0x00000000aa900000, 0x00000000aaa00000, 0x00000000aaa00000|100%| E|CS|TAMS 0x00000000aa900000| PB 0x00000000aa900000| Complete 
| 170|0x00000000aaa00000, 0x00000000aab00000, 0x00000000aab00000|100%| E|CS|TAMS 0x00000000aaa00000| PB 0x00000000aaa00000| Complete 
| 171|0x00000000aab00000, 0x00000000aac00000, 0x00000000aac00000|100%| E|CS|TAMS 0x00000000aab00000| PB 0x00000000aab00000| Complete 
| 172|0x00000000aac00000, 0x00000000aad00000, 0x00000000aad00000|100%| E|CS|TAMS 0x00000000aac00000| PB 0x00000000aac00000| Complete 
| 173|0x00000000aad00000, 0x00000000aae00000, 0x00000000aae00000|100%| E|CS|TAMS 0x00000000aad00000| PB 0x00000000aad00000| Complete 
| 174|0x00000000aae00000, 0x00000000aaf00000, 0x00000000aaf00000|100%| E|CS|TAMS 0x00000000aae00000| PB 0x00000000aae00000| Complete 
| 175|0x00000000aaf00000, 0x00000000ab000000, 0x00000000ab000000|100%| E|CS|TAMS 0x00000000aaf00000| PB 0x00000000aaf00000| Complete 
| 176|0x00000000ab000000, 0x00000000ab100000, 0x00000000ab100000|100%| E|CS|TAMS 0x00000000ab000000| PB 0x00000000ab000000| Complete 
| 177|0x00000000ab100000, 0x00000000ab200000, 0x00000000ab200000|100%| E|CS|TAMS 0x00000000ab100000| PB 0x00000000ab100000| Complete 
| 178|0x00000000ab200000, 0x00000000ab300000, 0x00000000ab300000|100%| E|CS|TAMS 0x00000000ab200000| PB 0x00000000ab200000| Complete 
| 179|0x00000000ab300000, 0x00000000ab400000, 0x00000000ab400000|100%| E|CS|TAMS 0x00000000ab300000| PB 0x00000000ab300000| Complete 
| 180|0x00000000ab400000, 0x00000000ab500000, 0x00000000ab500000|100%| E|CS|TAMS 0x00000000ab400000| PB 0x00000000ab400000| Complete 
| 181|0x00000000ab500000, 0x00000000ab600000, 0x00000000ab600000|100%| E|CS|TAMS 0x00000000ab500000| PB 0x00000000ab500000| Complete 
| 182|0x00000000ab600000, 0x00000000ab700000, 0x00000000ab700000|100%| E|CS|TAMS 0x00000000ab600000| PB 0x00000000ab600000| Complete 
| 183|0x00000000ab700000, 0x00000000ab800000, 0x00000000ab800000|100%| E|CS|TAMS 0x00000000ab700000| PB 0x00000000ab700000| Complete 
| 184|0x00000000ab800000, 0x00000000ab900000, 0x00000000ab900000|100%| E|CS|TAMS 0x00000000ab800000| PB 0x00000000ab800000| Complete 
| 185|0x00000000ab900000, 0x00000000aba00000, 0x00000000aba00000|100%| E|CS|TAMS 0x00000000ab900000| PB 0x00000000ab900000| Complete 
| 186|0x00000000aba00000, 0x00000000abb00000, 0x00000000abb00000|100%| E|CS|TAMS 0x00000000aba00000| PB 0x00000000aba00000| Complete 
| 187|0x00000000abb00000, 0x00000000abc00000, 0x00000000abc00000|100%| E|CS|TAMS 0x00000000abb00000| PB 0x00000000abb00000| Complete 
| 188|0x00000000abc00000, 0x00000000abd00000, 0x00000000abd00000|100%| E|CS|TAMS 0x00000000abc00000| PB 0x00000000abc00000| Complete 
| 189|0x00000000abd00000, 0x00000000abe00000, 0x00000000abe00000|100%| E|CS|TAMS 0x00000000abd00000| PB 0x00000000abd00000| Complete 
| 190|0x00000000abe00000, 0x00000000abf00000, 0x00000000abf00000|100%| E|CS|TAMS 0x00000000abe00000| PB 0x00000000abe00000| Complete 
| 191|0x00000000abf00000, 0x00000000ac000000, 0x00000000ac000000|100%| E|CS|TAMS 0x00000000abf00000| PB 0x00000000abf00000| Complete 
| 192|0x00000000ac000000, 0x00000000ac100000, 0x00000000ac100000|100%| E|CS|TAMS 0x00000000ac000000| PB 0x00000000ac000000| Complete 
| 193|0x00000000ac100000, 0x00000000ac200000, 0x00000000ac200000|100%| E|CS|TAMS 0x00000000ac100000| PB 0x00000000ac100000| Complete 
| 194|0x00000000ac200000, 0x00000000ac300000, 0x00000000ac300000|100%| E|CS|TAMS 0x00000000ac200000| PB 0x00000000ac200000| Complete 
| 195|0x00000000ac300000, 0x00000000ac400000, 0x00000000ac400000|100%| E|CS|TAMS 0x00000000ac300000| PB 0x00000000ac300000| Complete 
| 196|0x00000000ac400000, 0x00000000ac500000, 0x00000000ac500000|100%| E|CS|TAMS 0x00000000ac400000| PB 0x00000000ac400000| Complete 
| 197|0x00000000ac500000, 0x00000000ac600000, 0x00000000ac600000|100%| E|  |TAMS 0x00000000ac500000| PB 0x00000000ac500000| Complete 
| 198|0x00000000ac600000, 0x00000000ac700000, 0x00000000ac700000|100%| E|CS|TAMS 0x00000000ac600000| PB 0x00000000ac600000| Complete 
| 199|0x00000000ac700000, 0x00000000ac800000, 0x00000000ac800000|100%| E|CS|TAMS 0x00000000ac700000| PB 0x00000000ac700000| Complete 
| 200|0x00000000ac800000, 0x00000000ac900000, 0x00000000ac900000|100%| E|CS|TAMS 0x00000000ac800000| PB 0x00000000ac800000| Complete 
| 201|0x00000000ac900000, 0x00000000aca00000, 0x00000000aca00000|100%| E|CS|TAMS 0x00000000ac900000| PB 0x00000000ac900000| Complete 
| 202|0x00000000aca00000, 0x00000000acb00000, 0x00000000acb00000|100%| E|CS|TAMS 0x00000000aca00000| PB 0x00000000aca00000| Complete 
| 203|0x00000000acb00000, 0x00000000acc00000, 0x00000000acc00000|100%| E|CS|TAMS 0x00000000acb00000| PB 0x00000000acb00000| Complete 
| 204|0x00000000acc00000, 0x00000000acd00000, 0x00000000acd00000|100%| E|CS|TAMS 0x00000000acc00000| PB 0x00000000acc00000| Complete 
| 208|0x00000000ad000000, 0x00000000ad100000, 0x00000000ad100000|100%| E|CS|TAMS 0x00000000ad000000| PB 0x00000000ad000000| Complete 
| 209|0x00000000ad100000, 0x00000000ad200000, 0x00000000ad200000|100%| E|CS|TAMS 0x00000000ad100000| PB 0x00000000ad100000| Complete 
| 210|0x00000000ad200000, 0x00000000ad300000, 0x00000000ad300000|100%| E|CS|TAMS 0x00000000ad200000| PB 0x00000000ad200000| Complete 
| 211|0x00000000ad300000, 0x00000000ad400000, 0x00000000ad400000|100%| E|CS|TAMS 0x00000000ad300000| PB 0x00000000ad300000| Complete 
| 212|0x00000000ad400000, 0x00000000ad500000, 0x00000000ad500000|100%| E|CS|TAMS 0x00000000ad400000| PB 0x00000000ad400000| Complete 
| 213|0x00000000ad500000, 0x00000000ad600000, 0x00000000ad600000|100%| E|CS|TAMS 0x00000000ad500000| PB 0x00000000ad500000| Complete 
| 214|0x00000000ad600000, 0x00000000ad700000, 0x00000000ad700000|100%| E|CS|TAMS 0x00000000ad600000| PB 0x00000000ad600000| Complete 
| 215|0x00000000ad700000, 0x00000000ad800000, 0x00000000ad800000|100%| E|CS|TAMS 0x00000000ad700000| PB 0x00000000ad700000| Complete 
| 216|0x00000000ad800000, 0x00000000ad900000, 0x00000000ad900000|100%| E|CS|TAMS 0x00000000ad800000| PB 0x00000000ad800000| Complete 
| 217|0x00000000ad900000, 0x00000000ada00000, 0x00000000ada00000|100%| E|CS|TAMS 0x00000000ad900000| PB 0x00000000ad900000| Complete 
| 218|0x00000000ada00000, 0x00000000adb00000, 0x00000000adb00000|100%| E|CS|TAMS 0x00000000ada00000| PB 0x00000000ada00000| Complete 
| 219|0x00000000adb00000, 0x00000000adc00000, 0x00000000adc00000|100%| E|CS|TAMS 0x00000000adb00000| PB 0x00000000adb00000| Complete 
| 220|0x00000000adc00000, 0x00000000add00000, 0x00000000add00000|100%| E|CS|TAMS 0x00000000adc00000| PB 0x00000000adc00000| Complete 
| 251|0x00000000afb00000, 0x00000000afc00000, 0x00000000afc00000|100%| E|CS|TAMS 0x00000000afb00000| PB 0x00000000afb00000| Complete 
|1520|0x00000000ff000000, 0x00000000ff100000, 0x00000000ff100000|100%| O|  |TAMS 0x00000000ff000000| PB 0x00000000ff000000| Untracked 
|1521|0x00000000ff100000, 0x00000000ff200000, 0x00000000ff200000|100%| E|CS|TAMS 0x00000000ff100000| PB 0x00000000ff100000| Complete 
|1522|0x00000000ff200000, 0x00000000ff300000, 0x00000000ff300000|100%| O|  |TAMS 0x00000000ff200000| PB 0x00000000ff200000| Untracked 
|1523|0x00000000ff300000, 0x00000000ff400000, 0x00000000ff400000|100%| O|  |TAMS 0x00000000ff300000| PB 0x00000000ff300000| Untracked 
|1524|0x00000000ff400000, 0x00000000ff500000, 0x00000000ff500000|100%| O|  |TAMS 0x00000000ff400000| PB 0x00000000ff400000| Untracked 
|1525|0x00000000ff500000, 0x00000000ff600000, 0x00000000ff600000|100%| O|  |TAMS 0x00000000ff500000| PB 0x00000000ff500000| Untracked 
|1526|0x00000000ff600000, 0x00000000ff700000, 0x00000000ff700000|100%| E|CS|TAMS 0x00000000ff600000| PB 0x00000000ff600000| Complete 
|1527|0x00000000ff700000, 0x00000000ff800000, 0x00000000ff800000|100%| O|  |TAMS 0x00000000ff700000| PB 0x00000000ff700000| Untracked 
|1528|0x00000000ff800000, 0x00000000ff900000, 0x00000000ff900000|100%| O|  |TAMS 0x00000000ff800000| PB 0x00000000ff800000| Untracked 
|1529|0x00000000ff900000, 0x00000000ffa00000, 0x00000000ffa00000|100%| O|  |TAMS 0x00000000ff900000| PB 0x00000000ff900000| Untracked 
|1530|0x00000000ffa00000, 0x00000000ffb00000, 0x00000000ffb00000|100%| O|  |TAMS 0x00000000ffa00000| PB 0x00000000ffa00000| Untracked 
|1531|0x00000000ffb00000, 0x00000000ffc00000, 0x00000000ffc00000|100%| O|  |TAMS 0x00000000ffb00000| PB 0x00000000ffb00000| Untracked 
|1532|0x00000000ffc00000, 0x00000000ffd00000, 0x00000000ffd00000|100%| O|  |TAMS 0x00000000ffc00000| PB 0x00000000ffc00000| Untracked 
|1533|0x00000000ffd00000, 0x00000000ffe00000, 0x00000000ffe00000|100%| O|  |TAMS 0x00000000ffd00000| PB 0x00000000ffd00000| Untracked 
|1534|0x00000000ffe00000, 0x00000000fff00000, 0x00000000fff00000|100%| O|  |TAMS 0x00000000ffe00000| PB 0x00000000ffe00000| Untracked 
|1535|0x00000000fff00000, 0x0000000100000000, 0x0000000100000000|100%| O|  |TAMS 0x00000000fff00000| PB 0x00000000fff00000| Untracked 

Card table byte_map: [0x000001ff307f0000,0x000001ff30af0000] _byte_map_base: 0x000001ff302f0000

Marking Bits: (CMBitMap*) 0x000001ff1b52d310
 Bits: [0x000001ff30af0000, 0x000001ff322f0000)

Polling page: 0x000001ff1b250000

Metaspace:

Usage:
  Non-class:     87.70 MB used.
      Class:     13.90 MB used.
       Both:    101.60 MB used.

Virtual space:
  Non-class space:      128.00 MB reserved,      89.00 MB ( 70%) committed,  2 nodes.
      Class space:        1.00 GB reserved,      15.12 MB (  1%) committed,  1 nodes.
             Both:        1.12 GB reserved,     104.12 MB (  9%) committed. 

Chunk freelists:
   Non-Class:  6.83 MB
       Class:  900.00 KB
        Both:  7.71 MB

MaxMetaspaceSize: unlimited
CompressedClassSpaceSize: 1.00 GB
Initial GC threshold: 21.00 MB
Current GC threshold: 172.50 MB
CDS: on
 - commit_granule_bytes: 65536.
 - commit_granule_words: 8192.
 - virtual_space_node_default_size: 8388608.
 - enlarge_chunks_in_place: 1.
 - use_allocation_guard: 0.


Internal statistics:

num_allocs_failed_limit: 9.
num_arena_births: 4262.
num_arena_deaths: 0.
num_vsnodes_births: 3.
num_vsnodes_deaths: 0.
num_space_committed: 1664.
num_space_uncommitted: 0.
num_chunks_returned_to_freelist: 9.
num_chunks_taken_from_freelist: 9215.
num_chunk_merges: 9.
num_chunk_splits: 6036.
num_chunks_enlarged: 3792.
num_inconsistent_stats: 0.

CodeHeap 'non-profiled nmethods': size=119168Kb used=10285Kb max_used=10285Kb free=108882Kb
 bounds [0x000001ff27940000, 0x000001ff28350000, 0x000001ff2eda0000]
CodeHeap 'profiled nmethods': size=119104Kb used=25905Kb max_used=25905Kb free=93198Kb
 bounds [0x000001ff1fda0000, 0x000001ff216f0000, 0x000001ff271f0000]
CodeHeap 'non-nmethods': size=7488Kb used=4434Kb max_used=4523Kb free=3053Kb
 bounds [0x000001ff271f0000, 0x000001ff27670000, 0x000001ff27940000]
CodeCache: size=245760Kb, used=40624Kb, max_used=40713Kb, free=205133Kb
 total_blobs=14849, nmethods=13848, adapters=901, full_count=0
Compilation: enabled, stopped_count=0, restarted_count=0

Compilation events (20 events):
Event: 15.643 Thread 0x000001ff0428a3d0 16562       3       com.android.build.gradle.internal.dependency.SourceSetManager$createConfigurationsForSourceSet$2::<init> (10 bytes)
Event: 15.643 Thread 0x000001ff35be5a70 16566       4       java.lang.invoke.LambdaForm$MH/0x000001ff37039400::invoke (25 bytes)
Event: 15.643 Thread 0x000001ff35d84cd0 nmethod 16561 0x000001ff216d0610 code [0x000001ff216d07c0, 0x000001ff216d0aa0]
Event: 15.643 Thread 0x000001ff0428a3d0 nmethod 16562 0x000001ff216d0b90 code [0x000001ff216d0d40, 0x000001ff216d0f08]
Event: 15.643 Thread 0x000001ff35d84cd0 16565       3       com.google.common.base.CaseFormat::convert (159 bytes)
Event: 15.643 Thread 0x000001ff0428a3d0 16563       3       com.android.build.gradle.internal.api.LazyAndroidSourceSet::<init> (45 bytes)
Event: 15.643 Thread 0x000001ff35c046d0 nmethod 16559 0x000001ff216d1010 code [0x000001ff216d12e0, 0x000001ff216d1ff0]
Event: 15.643 Thread 0x000001ff35c046d0 16564       3       com.android.build.gradle.internal.api.LazyAndroidSourceSet$sourceSet$1::<init> (11 bytes)
Event: 15.643 Thread 0x000001ff35c046d0 nmethod 16564 0x000001ff216d2490 code [0x000001ff216d2640, 0x000001ff216d2868]
Event: 15.643 Thread 0x000001ff0428a3d0 nmethod 16563 0x000001ff216d2990 code [0x000001ff216d2c60, 0x000001ff216d3a08]
Event: 15.643 Thread 0x000001ff35c046d0 16567       3       com.android.build.gradle.internal.api.LazyAndroidSourceSet$sourceSet$1::invoke (5 bytes)
Event: 15.643 Thread 0x000001ff0428a3d0 16568       3       com.android.build.gradle.internal.api.LazyAndroidSourceSet$sourceSet$1::invoke (29 bytes)
Event: 15.644 Thread 0x000001ff35d84cd0 nmethod 16565 0x000001ff216d3e90 code [0x000001ff216d4240, 0x000001ff216d58b0]
Event: 15.644 Thread 0x000001ff35c046d0 nmethod 16567 0x000001ff216d6210 code [0x000001ff216d6440, 0x000001ff216d6c00]
Event: 15.644 Thread 0x000001ff0428a3d0 nmethod 16568 0x000001ff216d6f10 code [0x000001ff216d7140, 0x000001ff216d78a0]
Event: 15.644 Thread 0x000001ff35c046d0 16569       3       com.android.build.gradle.internal.dsl.AndroidSourceSetFactory::create (6 bytes)
Event: 15.644 Thread 0x000001ff35c046d0 nmethod 16569 0x000001ff216d7b90 code [0x000001ff216d7d40, 0x000001ff216d7e98]
Event: 15.644 Thread 0x000001ff35be5a70 nmethod 16566 0x000001ff2834ad10 code [0x000001ff2834aec0, 0x000001ff2834aff0]
Event: 15.644 Thread 0x000001ff35be5a70 16570       4       java.lang.ThreadLocal$ThreadLocalMap::getEntryAfterMiss (59 bytes)
Event: 15.645 Thread 0x000001ff35be5a70 nmethod 16570 0x000001ff2834b110 code [0x000001ff2834b2a0, 0x000001ff2834b438]

GC Heap History (20 events):
Event: 10.454 GC heap before
{Heap before GC invocations=32 (full 0):
 garbage-first heap   total 167936K, used 154926K [0x00000000a0000000, 0x0000000100000000)
  region size 1024K, 53 young (54272K), 2 survivors (2048K)
 Metaspace       used 86405K, committed 88704K, reserved 1179648K
  class space    used 12174K, committed 13248K, reserved 1048576K
}
Event: 10.456 GC heap after
{Heap after GC invocations=33 (full 0):
 garbage-first heap   total 167936K, used 104832K [0x00000000a0000000, 0x0000000100000000)
  region size 1024K, 5 young (5120K), 5 survivors (5120K)
 Metaspace       used 86405K, committed 88704K, reserved 1179648K
  class space    used 12174K, committed 13248K, reserved 1048576K
}
Event: 10.660 GC heap before
{Heap before GC invocations=33 (full 0):
 garbage-first heap   total 167936K, used 156032K [0x00000000a0000000, 0x0000000100000000)
  region size 1024K, 55 young (56320K), 5 survivors (5120K)
 Metaspace       used 89817K, committed 92160K, reserved 1179648K
  class space    used 12685K, committed 13824K, reserved 1048576K
}
Event: 10.663 GC heap after
{Heap after GC invocations=34 (full 0):
 garbage-first heap   total 167936K, used 105895K [0x00000000a0000000, 0x0000000100000000)
  region size 1024K, 5 young (5120K), 5 survivors (5120K)
 Metaspace       used 89817K, committed 92160K, reserved 1179648K
  class space    used 12685K, committed 13824K, reserved 1048576K
}
Event: 11.181 GC heap before
{Heap before GC invocations=34 (full 0):
 garbage-first heap   total 167936K, used 157095K [0x00000000a0000000, 0x0000000100000000)
  region size 1024K, 55 young (56320K), 5 survivors (5120K)
 Metaspace       used 92490K, committed 94848K, reserved 1179648K
  class space    used 13076K, committed 14208K, reserved 1048576K
}
Event: 11.184 GC heap after
{Heap after GC invocations=35 (full 0):
 garbage-first heap   total 167936K, used 109228K [0x00000000a0000000, 0x0000000100000000)
  region size 1024K, 6 young (6144K), 6 survivors (6144K)
 Metaspace       used 92490K, committed 94848K, reserved 1179648K
  class space    used 13076K, committed 14208K, reserved 1048576K
}
Event: 12.123 GC heap before
{Heap before GC invocations=36 (full 0):
 garbage-first heap   total 184320K, used 157356K [0x00000000a0000000, 0x0000000100000000)
  region size 1024K, 53 young (54272K), 6 survivors (6144K)
 Metaspace       used 93025K, committed 95488K, reserved 1179648K
  class space    used 13139K, committed 14336K, reserved 1048576K
}
Event: 12.127 GC heap after
{Heap after GC invocations=37 (full 0):
 garbage-first heap   total 184320K, used 115512K [0x00000000a0000000, 0x0000000100000000)
  region size 1024K, 7 young (7168K), 7 survivors (7168K)
 Metaspace       used 93025K, committed 95488K, reserved 1179648K
  class space    used 13139K, committed 14336K, reserved 1048576K
}
Event: 12.572 GC heap before
{Heap before GC invocations=37 (full 0):
 garbage-first heap   total 184320K, used 167736K [0x00000000a0000000, 0x0000000100000000)
  region size 1024K, 59 young (60416K), 7 survivors (7168K)
 Metaspace       used 94834K, committed 97216K, reserved 1179648K
  class space    used 13316K, committed 14464K, reserved 1048576K
}
Event: 12.578 GC heap after
{Heap after GC invocations=38 (full 0):
 garbage-first heap   total 187392K, used 123974K [0x00000000a0000000, 0x0000000100000000)
  region size 1024K, 8 young (8192K), 8 survivors (8192K)
 Metaspace       used 94834K, committed 97216K, reserved 1179648K
  class space    used 13316K, committed 14464K, reserved 1048576K
}
Event: 12.597 GC heap before
{Heap before GC invocations=38 (full 0):
 garbage-first heap   total 187392K, used 126022K [0x00000000a0000000, 0x0000000100000000)
  region size 1024K, 12 young (12288K), 8 survivors (8192K)
 Metaspace       used 95109K, committed 97600K, reserved 1179648K
  class space    used 13340K, committed 14528K, reserved 1048576K
}
Event: 12.599 GC heap after
{Heap after GC invocations=39 (full 0):
 garbage-first heap   total 187392K, used 125148K [0x00000000a0000000, 0x0000000100000000)
  region size 1024K, 1 young (1024K), 1 survivors (1024K)
 Metaspace       used 95109K, committed 97600K, reserved 1179648K
  class space    used 13340K, committed 14528K, reserved 1048576K
}
Event: 12.848 GC heap before
{Heap before GC invocations=40 (full 0):
 garbage-first heap   total 219136K, used 176348K [0x00000000a0000000, 0x0000000100000000)
  region size 1024K, 47 young (48128K), 1 survivors (1024K)
 Metaspace       used 99724K, committed 102208K, reserved 1179648K
  class space    used 13859K, committed 15040K, reserved 1048576K
}
Event: 12.850 GC heap after
{Heap after GC invocations=41 (full 0):
 garbage-first heap   total 219136K, used 126412K [0x00000000a0000000, 0x0000000100000000)
  region size 1024K, 3 young (3072K), 3 survivors (3072K)
 Metaspace       used 99724K, committed 102208K, reserved 1179648K
  class space    used 13859K, committed 15040K, reserved 1048576K
}
Event: 13.945 GC heap before
{Heap before GC invocations=41 (full 0):
 garbage-first heap   total 219136K, used 198092K [0x00000000a0000000, 0x0000000100000000)
  region size 1024K, 74 young (75776K), 3 survivors (3072K)
 Metaspace       used 103230K, committed 105728K, reserved 1179648K
  class space    used 14168K, committed 15424K, reserved 1048576K
}
Event: 13.948 GC heap after
{Heap after GC invocations=42 (full 0):
 garbage-first heap   total 219136K, used 133253K [0x00000000a0000000, 0x0000000100000000)
  region size 1024K, 10 young (10240K), 10 survivors (10240K)
 Metaspace       used 103230K, committed 105728K, reserved 1179648K
  class space    used 14168K, committed 15424K, reserved 1048576K
}
Event: 14.269 GC heap before
{Heap before GC invocations=42 (full 0):
 garbage-first heap   total 219136K, used 198789K [0x00000000a0000000, 0x0000000100000000)
  region size 1024K, 74 young (75776K), 10 survivors (10240K)
 Metaspace       used 103444K, committed 105984K, reserved 1179648K
  class space    used 14169K, committed 15424K, reserved 1048576K
}
Event: 14.274 GC heap after
{Heap after GC invocations=43 (full 0):
 garbage-first heap   total 220160K, used 143100K [0x00000000a0000000, 0x0000000100000000)
  region size 1024K, 10 young (10240K), 10 survivors (10240K)
 Metaspace       used 103444K, committed 105984K, reserved 1179648K
  class space    used 14169K, committed 15424K, reserved 1048576K
}
Event: 14.560 GC heap before
{Heap before GC invocations=44 (full 0):
 garbage-first heap   total 240640K, used 199420K [0x00000000a0000000, 0x0000000100000000)
  region size 1024K, 65 young (66560K), 10 survivors (10240K)
 Metaspace       used 103571K, committed 106112K, reserved 1179648K
  class space    used 14173K, committed 15424K, reserved 1048576K
}
Event: 14.564 GC heap after
{Heap after GC invocations=45 (full 0):
 garbage-first heap   total 240640K, used 151621K [0x00000000a0000000, 0x0000000100000000)
  region size 1024K, 8 young (8192K), 8 survivors (8192K)
 Metaspace       used 103571K, committed 106112K, reserved 1179648K
  class space    used 14173K, committed 15424K, reserved 1048576K
}

Dll operation events (14 events):
Event: 0.005 Loaded shared library C:\Users\LEGION\.antigravity-ide\extensions\redhat.java-1.54.0-win32-x64\jre\21.0.10-win32-x86_64\bin\java.dll
Event: 0.035 Loaded shared library C:\Users\LEGION\.antigravity-ide\extensions\redhat.java-1.54.0-win32-x64\jre\21.0.10-win32-x86_64\bin\zip.dll
Event: 0.044 Loaded shared library C:\Users\LEGION\.antigravity-ide\extensions\redhat.java-1.54.0-win32-x64\jre\21.0.10-win32-x86_64\bin\instrument.dll
Event: 0.047 Loaded shared library C:\Users\LEGION\.antigravity-ide\extensions\redhat.java-1.54.0-win32-x64\jre\21.0.10-win32-x86_64\bin\net.dll
Event: 0.048 Loaded shared library C:\Users\LEGION\.antigravity-ide\extensions\redhat.java-1.54.0-win32-x64\jre\21.0.10-win32-x86_64\bin\nio.dll
Event: 0.049 Loaded shared library C:\Users\LEGION\.antigravity-ide\extensions\redhat.java-1.54.0-win32-x64\jre\21.0.10-win32-x86_64\bin\zip.dll
Event: 0.171 Loaded shared library C:\Users\LEGION\.antigravity-ide\extensions\redhat.java-1.54.0-win32-x64\jre\21.0.10-win32-x86_64\bin\jimage.dll
Event: 0.234 Loaded shared library C:\Users\LEGION\.antigravity-ide\extensions\redhat.java-1.54.0-win32-x64\jre\21.0.10-win32-x86_64\bin\verify.dll
Event: 0.283 Loaded shared library C:\Users\LEGION\.gradle\native\1def1411415f61bf3af743bc5b6707747c0891f09f0c88961ee8f79bc544acac\windows-amd64\native-platform.dll
Event: 0.288 Loaded shared library C:\Users\LEGION\.gradle\native\0.2.7\x86_64-windows-gnu\gradle-fileevents.dll
Event: 0.753 Loaded shared library C:\Users\LEGION\.antigravity-ide\extensions\redhat.java-1.54.0-win32-x64\jre\21.0.10-win32-x86_64\bin\management.dll
Event: 0.755 Loaded shared library C:\Users\LEGION\.antigravity-ide\extensions\redhat.java-1.54.0-win32-x64\jre\21.0.10-win32-x86_64\bin\management_ext.dll
Event: 0.820 Loaded shared library C:\Users\LEGION\.antigravity-ide\extensions\redhat.java-1.54.0-win32-x64\jre\21.0.10-win32-x86_64\bin\extnet.dll
Event: 0.943 Loaded shared library C:\Users\LEGION\.antigravity-ide\extensions\redhat.java-1.54.0-win32-x64\jre\21.0.10-win32-x86_64\bin\sunmscapi.dll

Deoptimization events (20 events):
Event: 15.189 Thread 0x000001ff7cc37f00 Uncommon trap: trap_request=0xffffffc6 fr.pc=0x000001ff28058b9c relative=0x0000000000000e9c
Event: 15.189 Thread 0x000001ff7cc37f00 Uncommon trap: reason=bimorphic_or_optimized_type_check action=maybe_recompile pc=0x000001ff28058b9c method=com.google.common.cache.LocalCache$LocalManualCache$1.load(Ljava/lang/Object;)Ljava/lang/Object; @ 4 c2
Event: 15.189 Thread 0x000001ff7cc37f00 DEOPT PACKING pc=0x000001ff28058b9c sp=0x000000a7ba8fab00
Event: 15.189 Thread 0x000001ff7cc37f00 DEOPT UNPACKING pc=0x000001ff27244422 sp=0x000000a7ba8faa88 mode 2
Event: 15.226 Thread 0x000001ff7cc37f00 Uncommon trap: trap_request=0xffffffd6 fr.pc=0x000001ff2820d2e8 relative=0x00000000000003a8
Event: 15.226 Thread 0x000001ff7cc37f00 Uncommon trap: reason=array_check action=maybe_recompile pc=0x000001ff2820d2e8 method=java.util.LinkedHashMap.keysToArray([Ljava/lang/Object;Z)[Ljava/lang/Object; @ 67 c2
Event: 15.226 Thread 0x000001ff7cc37f00 DEOPT PACKING pc=0x000001ff2820d2e8 sp=0x000000a7ba8f79e0
Event: 15.226 Thread 0x000001ff7cc37f00 DEOPT UNPACKING pc=0x000001ff27244422 sp=0x000000a7ba8f7980 mode 2
Event: 15.364 Thread 0x000001ff7cc37f00 Uncommon trap: trap_request=0xffffffd6 fr.pc=0x000001ff282ede14 relative=0x0000000000002354
Event: 15.364 Thread 0x000001ff7cc37f00 Uncommon trap: reason=array_check action=maybe_recompile pc=0x000001ff282ede14 method=org.gradle.internal.service.DefaultServiceRegistry$FactoryService.bind()V @ 131 c2
Event: 15.364 Thread 0x000001ff7cc37f00 DEOPT PACKING pc=0x000001ff282ede14 sp=0x000000a7ba8f9f90
Event: 15.364 Thread 0x000001ff7cc37f00 DEOPT UNPACKING pc=0x000001ff27244422 sp=0x000000a7ba8f9f70 mode 2
Event: 15.365 Thread 0x000001ff7cc37f00 Uncommon trap: trap_request=0xffffffd6 fr.pc=0x000001ff282ede14 relative=0x0000000000002354
Event: 15.365 Thread 0x000001ff7cc37f00 Uncommon trap: reason=array_check action=maybe_recompile pc=0x000001ff282ede14 method=org.gradle.internal.service.DefaultServiceRegistry$FactoryService.bind()V @ 131 c2
Event: 15.365 Thread 0x000001ff7cc37f00 DEOPT PACKING pc=0x000001ff282ede14 sp=0x000000a7ba8fa190
Event: 15.365 Thread 0x000001ff7cc37f00 DEOPT UNPACKING pc=0x000001ff27244422 sp=0x000000a7ba8fa170 mode 2
Event: 15.390 Thread 0x000001ff7cc37f00 DEOPT PACKING pc=0x000001ff20fa5953 sp=0x000000a7ba8f9090
Event: 15.391 Thread 0x000001ff7cc37f00 DEOPT UNPACKING pc=0x000001ff27244bc2 sp=0x000000a7ba8f85e0 mode 0
Event: 15.392 Thread 0x000001ff7cc37f00 DEOPT PACKING pc=0x000001ff2058e10a sp=0x000000a7ba8f7f20
Event: 15.392 Thread 0x000001ff7cc37f00 DEOPT UNPACKING pc=0x000001ff27244bc2 sp=0x000000a7ba8f7400 mode 0

Classes loaded (20 events):
Event: 12.708 Loading class java/util/HashSetCustomizer
Event: 12.708 Loading class java/util/HashSetCustomizer done
Event: 12.708 Loading class java/util/HashSetCustomizer
Event: 12.708 Loading class java/util/HashSetCustomizer done
Event: 12.708 Loading class java/util/LinkedHashSetCustomizer
Event: 12.708 Loading class java/util/LinkedHashSetCustomizer done
Event: 12.708 Loading class java/util/LinkedHashSetCustomizer
Event: 12.708 Loading class java/util/LinkedHashSetCustomizer done
Event: 12.751 Loading class java/lang/AbstractMethodError
Event: 12.751 Loading class java/lang/AbstractMethodError done
Event: 12.758 Loading class java/time/Instant$1
Event: 12.758 Loading class java/time/Instant$1 done
Event: 12.762 Loading class sun/reflect/misc/MethodUtil
Event: 12.762 Loading class sun/reflect/misc/MethodUtil done
Event: 12.762 Loading class sun/reflect/misc/MethodUtil$1
Event: 12.762 Loading class sun/reflect/misc/MethodUtil$1 done
Event: 12.843 Loading class java/util/concurrent/CompletableFuture$AsyncRun
Event: 12.843 Loading class java/util/concurrent/CompletableFuture$AsyncRun done
Event: 13.720 Loading class jdk/internal/math/FormattedFPDecimal
Event: 13.720 Loading class jdk/internal/math/FormattedFPDecimal done

Classes unloaded (0 events):
No events

Classes redefined (0 events):
No events

Internal exceptions (20 events):
Event: 15.456 Thread 0x000001ff7cc37f00 Exception <a 'java/lang/ClassNotFoundException'{0x00000000ab5ec920}: build_eqvzbmkiv3yifgctk8a8p2mcz$_run_closure1$_closure5BeanInfo> (0x00000000ab5ec920) 
thrown [s\src\hotspot\share\classfile\systemDictionary.cpp, line 312]
Event: 15.456 Thread 0x000001ff7cc37f00 Exception <a 'java/lang/ClassNotFoundException'{0x00000000ab5f76a8}: build_eqvzbmkiv3yifgctk8a8p2mcz$_run_closure1$_closure5Customizer> (0x00000000ab5f76a8) 
thrown [s\src\hotspot\share\classfile\systemDictionary.cpp, line 312]
Event: 15.457 Thread 0x000001ff7cc37f00 Exception <a 'java/lang/ClassNotFoundException'{0x00000000ab41f5d8}: build_eqvzbmkiv3yifgctk8a8p2mcz$_run_closure1BeanInfo> (0x00000000ab41f5d8) 
thrown [s\src\hotspot\share\classfile\systemDictionary.cpp, line 312]
Event: 15.457 Thread 0x000001ff7cc37f00 Exception <a 'java/lang/ClassNotFoundException'{0x00000000ab42a7c0}: build_eqvzbmkiv3yifgctk8a8p2mcz$_run_closure1Customizer> (0x00000000ab42a7c0) 
thrown [s\src\hotspot\share\classfile\systemDictionary.cpp, line 312]
Event: 15.497 Thread 0x000001ff7cc37f00 Exception <a 'java/lang/ClassNotFoundException'{0x00000000ab4efde0}: capacitor_build_r2qd1tf7uapluox7qna05r9aBeanInfo> (0x00000000ab4efde0) 
thrown [s\src\hotspot\share\classfile\systemDictionary.cpp, line 312]
Event: 15.497 Thread 0x000001ff7cc37f00 Exception <a 'java/lang/ClassNotFoundException'{0x00000000ab4f8ec0}: capacitor_build_r2qd1tf7uapluox7qna05r9aCustomizer> (0x00000000ab4f8ec0) 
thrown [s\src\hotspot\share\classfile\systemDictionary.cpp, line 312]
Event: 15.522 Thread 0x000001ff7cc37f00 Exception <a 'java/lang/ClassNotFoundException'{0x00000000ab3c67d0}: cordova_variables_en3pesquy4vci4qyq0qb8yy93BeanInfo> (0x00000000ab3c67d0) 
thrown [s\src\hotspot\share\classfile\systemDictionary.cpp, line 312]
Event: 15.522 Thread 0x000001ff7cc37f00 Exception <a 'java/lang/ClassNotFoundException'{0x00000000ab3ce7a8}: cordova_variables_en3pesquy4vci4qyq0qb8yy93Customizer> (0x00000000ab3ce7a8) 
thrown [s\src\hotspot\share\classfile\systemDictionary.cpp, line 312]
Event: 15.538 Thread 0x000001ff7cc37f00 Exception <a 'java/io/FileNotFoundException'{0x00000000ab201600}> (0x00000000ab201600) 
thrown [s\src\hotspot\share\prims\jni.cpp, line 520]
Event: 15.538 Thread 0x000001ff7cc37f00 Exception <a 'java/lang/NoClassDefFoundError'{0x00000000ab20cf80}: org/jetbrains/kotlin/gradle/plugin/KotlinBaseApiPlugin> (0x00000000ab20cf80) 
thrown [s\src\hotspot\share\oops\constantPool.cpp, line 873]
Event: 15.539 Thread 0x000001ff7cc37f00 Exception <a 'java/lang/NoClassDefFoundError'{0x00000000ab223688}: org/jetbrains/kotlin/gradle/plugin/KotlinBasePluginWrapper> (0x00000000ab223688) 
thrown [s\src\hotspot\share\oops\constantPool.cpp, line 873]
Event: 15.540 Thread 0x000001ff7cc37f00 Exception <a 'java/lang/NoClassDefFoundError'{0x00000000ab2414c8}: org/jetbrains/kotlin/gradle/plugin/KotlinBasePluginWrapper> (0x00000000ab2414c8) 
thrown [s\src\hotspot\share\oops\constantPool.cpp, line 873]
Event: 15.540 Thread 0x000001ff7cc37f00 Exception <a 'java/lang/NoClassDefFoundError'{0x00000000ab2571d0}: org/jetbrains/kotlin/gradle/plugin/KotlinBasePluginWrapper> (0x00000000ab2571d0) 
thrown [s\src\hotspot\share\oops\constantPool.cpp, line 873]
Event: 15.541 Thread 0x000001ff7cc37f00 Exception <a 'java/lang/NoClassDefFoundError'{0x00000000ab26ec40}: org/jetbrains/kotlin/gradle/plugin/KotlinBasePluginWrapper> (0x00000000ab26ec40) 
thrown [s\src\hotspot\share\oops\constantPool.cpp, line 873]
Event: 15.541 Thread 0x000001ff7cc37f00 Exception <a 'java/lang/NoClassDefFoundError'{0x00000000ab28c640}: org/jetbrains/kotlin/gradle/plugin/KotlinBasePluginWrapper> (0x00000000ab28c640) 
thrown [s\src\hotspot\share\oops\constantPool.cpp, line 873]
Event: 15.554 Thread 0x000001ff7cc37f00 Exception <a 'java/lang/NoClassDefFoundError'{0x00000000aaf2b5a8}: org/jetbrains/kotlin/gradle/plugin/KotlinBasePluginWrapper> (0x00000000aaf2b5a8) 
thrown [s\src\hotspot\share\oops\constantPool.cpp, line 873]
Event: 15.570 Thread 0x000001ff7cc37f00 Exception <a 'java/lang/ClassNotFoundException'{0x00000000aafe23d0}: build_21p89w012v4ogypxvk073t5czBeanInfo> (0x00000000aafe23d0) 
thrown [s\src\hotspot\share\classfile\systemDictionary.cpp, line 312]
Event: 15.570 Thread 0x000001ff7cc37f00 Exception <a 'java/lang/ClassNotFoundException'{0x00000000aafe91a8}: build_21p89w012v4ogypxvk073t5czCustomizer> (0x00000000aafe91a8) 
thrown [s\src\hotspot\share\classfile\systemDictionary.cpp, line 312]
Event: 15.622 Thread 0x000001ff7cc37f00 Exception <a 'java/lang/ClassNotFoundException'{0x00000000aa6d94d0}: build_21p89w012v4ogypxvk073t5czBeanInfo> (0x00000000aa6d94d0) 
thrown [s\src\hotspot\share\classfile\systemDictionary.cpp, line 312]
Event: 15.622 Thread 0x000001ff7cc37f00 Exception <a 'java/lang/ClassNotFoundException'{0x00000000aa6e0240}: build_21p89w012v4ogypxvk073t5czCustomizer> (0x00000000aa6e0240) 
thrown [s\src\hotspot\share\classfile\systemDictionary.cpp, line 312]

ZGC Phase Switch (0 events):
No events

VM Operations (20 events):
Event: 12.930 Executing non-safepoint VM operation: HandshakeAllThreads (Deoptimize)
Event: 12.930 Executing non-safepoint VM operation: HandshakeAllThreads (Deoptimize) done
Event: 13.865 Executing safepoint VM operation: ICBufferFull
Event: 13.865 Executing safepoint VM operation: ICBufferFull done
Event: 13.945 Executing safepoint VM operation: G1CollectForAllocation (G1 Evacuation Pause)
Event: 13.948 Executing safepoint VM operation: G1CollectForAllocation (G1 Evacuation Pause) done
Event: 14.132 Executing safepoint VM operation: ICBufferFull
Event: 14.132 Executing safepoint VM operation: ICBufferFull done
Event: 14.269 Executing safepoint VM operation: G1CollectForAllocation (G1 Evacuation Pause)
Event: 14.274 Executing safepoint VM operation: G1CollectForAllocation (G1 Evacuation Pause) done
Event: 14.306 Executing safepoint VM operation: G1PauseRemark
Event: 14.314 Executing safepoint VM operation: G1PauseRemark done
Event: 14.326 Executing safepoint VM operation: G1PauseCleanup
Event: 14.327 Executing safepoint VM operation: G1PauseCleanup done
Event: 14.542 Executing safepoint VM operation: ICBufferFull
Event: 14.542 Executing safepoint VM operation: ICBufferFull done
Event: 14.559 Executing safepoint VM operation: G1CollectForAllocation (G1 Evacuation Pause)
Event: 14.564 Executing safepoint VM operation: G1CollectForAllocation (G1 Evacuation Pause) done
Event: 15.530 Executing safepoint VM operation: ICBufferFull
Event: 15.530 Executing safepoint VM operation: ICBufferFull done

Memory protections (0 events):
No events

Nmethod flushes (20 events):
Event: 14.312 Thread 0x000001ff35810050 flushing  nmethod 0x000001ff2094eb10
Event: 14.312 Thread 0x000001ff35810050 flushing  nmethod 0x000001ff2094f410
Event: 14.312 Thread 0x000001ff35810050 flushing  nmethod 0x000001ff20956690
Event: 14.312 Thread 0x000001ff35810050 flushing  nmethod 0x000001ff20957310
Event: 14.312 Thread 0x000001ff35810050 flushing  nmethod 0x000001ff20d2e010
Event: 14.312 Thread 0x000001ff35810050 flushing  nmethod 0x000001ff20d2f090
Event: 14.312 Thread 0x000001ff35810050 flushing  nmethod 0x000001ff21356110
Event: 14.312 Thread 0x000001ff35810050 flushing  nmethod 0x000001ff2139ea90
Event: 14.312 Thread 0x000001ff35810050 flushing  nmethod 0x000001ff28160a90
Event: 14.312 Thread 0x000001ff35810050 flushing  nmethod 0x000001ff2817b610
Event: 14.312 Thread 0x000001ff35810050 flushing  nmethod 0x000001ff1fea9290
Event: 14.312 Thread 0x000001ff35810050 flushing  nmethod 0x000001ff2016e490
Event: 14.312 Thread 0x000001ff35810050 flushing  nmethod 0x000001ff20867590
Event: 14.312 Thread 0x000001ff35810050 flushing  nmethod 0x000001ff20909390
Event: 14.312 Thread 0x000001ff35810050 flushing  nmethod 0x000001ff20d27e10
Event: 14.312 Thread 0x000001ff35810050 flushing  nmethod 0x000001ff20d6e490
Event: 14.312 Thread 0x000001ff35810050 flushing  nmethod 0x000001ff20d71f90
Event: 14.312 Thread 0x000001ff35810050 flushing  nmethod 0x000001ff20d75e10
Event: 14.312 Thread 0x000001ff35810050 flushing  nmethod 0x000001ff20d77a90
Event: 14.312 Thread 0x000001ff35810050 flushing  nmethod 0x000001ff20de4f10

Events (20 events):
Event: 15.609 Thread 0x000001ff7cc37f00 Thread added: 0x000001ff7d6bbb00
Event: 15.609 Thread 0x000001ff7cc37f00 Thread added: 0x000001ff7d6bf610
Event: 15.609 Thread 0x000001ff7cc37f00 Thread added: 0x000001ff7d6bfca0
Event: 15.609 Thread 0x000001ff7cc37f00 Thread added: 0x000001ff03c71960
Event: 15.609 Thread 0x000001ff7cc37f00 Thread added: 0x000001ff03c71ff0
Event: 15.609 Thread 0x000001ff7cc37f00 Thread added: 0x000001ff03c705b0
Event: 15.609 Thread 0x000001ff7cc37f00 Thread added: 0x000001ff03c6eb70
Event: 15.609 Thread 0x000001ff7cc37f00 Thread added: 0x000001ff03c72680
Event: 15.609 Thread 0x000001ff7cc37f00 Thread added: 0x000001ff03c70c40
Event: 15.609 Thread 0x000001ff7cc37f00 Thread added: 0x000001ff03c6f200
Event: 15.609 Thread 0x000001ff7cc37f00 Thread added: 0x000001ff03c72d10
Event: 15.610 Thread 0x000001ff7cc37f00 Thread added: 0x000001ff03c6f890
Event: 15.610 Thread 0x000001ff7cc37f00 Thread added: 0x000001ff03c76190
Event: 15.610 Thread 0x000001ff7cc37f00 Thread added: 0x000001ff03c733a0
Event: 15.610 Thread 0x000001ff7cc37f00 Thread added: 0x000001ff03c75470
Event: 15.610 Thread 0x000001ff7cc37f00 Thread added: 0x000001ff03c74de0
Event: 15.610 Thread 0x000001ff7cc37f00 Thread added: 0x000001ff03c76820
Event: 15.610 Thread 0x000001ff7cc37f00 Thread added: 0x000001ff03c73a30
Event: 15.610 Thread 0x000001ff7cc37f00 Thread added: 0x000001ff03c77540
Event: 15.610 Thread 0x000001ff7cc37f00 Thread added: 0x000001ff03c76eb0


Dynamic libraries:
0x00007ff71bab0000 - 0x00007ff71babe000 	C:\Users\LEGION\.antigravity-ide\extensions\redhat.java-1.54.0-win32-x64\jre\21.0.10-win32-x86_64\bin\java.exe
0x00007ffef5d60000 - 0x00007ffef5fc7000 	C:\Windows\SYSTEM32\ntdll.dll
0x00007ffef4f20000 - 0x00007ffef4fe9000 	C:\Windows\System32\KERNEL32.DLL
0x00007ffef2950000 - 0x00007ffef2d47000 	C:\Windows\System32\KERNELBASE.dll
0x00007ffef2e30000 - 0x00007ffef2f7b000 	C:\Windows\System32\ucrtbase.dll
0x00007ffed7a60000 - 0x00007ffed7a78000 	C:\Users\LEGION\.antigravity-ide\extensions\redhat.java-1.54.0-win32-x64\jre\21.0.10-win32-x86_64\bin\jli.dll
0x00007ffeda270000 - 0x00007ffeda28e000 	C:\Users\LEGION\.antigravity-ide\extensions\redhat.java-1.54.0-win32-x64\jre\21.0.10-win32-x86_64\bin\VCRUNTIME140.dll
0x00007ffef5440000 - 0x00007ffef5606000 	C:\Windows\System32\USER32.dll
0x00007ffef2d50000 - 0x00007ffef2d77000 	C:\Windows\System32\win32u.dll
0x00007ffedad30000 - 0x00007ffedafc2000 	C:\Windows\WinSxS\amd64_microsoft.windows.common-controls_6595b64144ccf1df_6.0.26100.8457_none_3e0b2faee331e92d\COMCTL32.dll
0x00007ffef5410000 - 0x00007ffef543b000 	C:\Windows\System32\GDI32.dll
0x00007ffef2790000 - 0x00007ffef28bc000 	C:\Windows\System32\gdi32full.dll
0x00007ffef4500000 - 0x00007ffef45a9000 	C:\Windows\System32\msvcrt.dll
0x00007ffef3a30000 - 0x00007ffef3ad3000 	C:\Windows\System32\msvcp_win.dll
0x00007ffef4af0000 - 0x00007ffef4b22000 	C:\Windows\System32\IMM32.DLL
0x00007ffeeb1f0000 - 0x00007ffeeb1fc000 	C:\Users\LEGION\.antigravity-ide\extensions\redhat.java-1.54.0-win32-x64\jre\21.0.10-win32-x86_64\bin\vcruntime140_1.dll
0x00007ffeab890000 - 0x00007ffeab91d000 	C:\Users\LEGION\.antigravity-ide\extensions\redhat.java-1.54.0-win32-x64\jre\21.0.10-win32-x86_64\bin\msvcp140.dll
0x00007ffe20170000 - 0x00007ffe20f11000 	C:\Users\LEGION\.antigravity-ide\extensions\redhat.java-1.54.0-win32-x64\jre\21.0.10-win32-x86_64\bin\server\jvm.dll
0x00007ffef5690000 - 0x00007ffef5746000 	C:\Windows\System32\ADVAPI32.dll
0x00007ffef45b0000 - 0x00007ffef4657000 	C:\Windows\System32\sechost.dll
0x00007ffef4ff0000 - 0x00007ffef5108000 	C:\Windows\System32\RPCRT4.dll
0x00007ffef5bc0000 - 0x00007ffef5c40000 	C:\Windows\System32\WS2_32.dll
0x00007ffeefbd0000 - 0x00007ffeefc06000 	C:\Windows\SYSTEM32\WINMM.dll
0x00007ffef1360000 - 0x00007ffef13be000 	C:\Windows\SYSTEM32\POWRPROF.dll
0x00007ffee9ae0000 - 0x00007ffee9aeb000 	C:\Windows\SYSTEM32\VERSION.dll
0x00007ffef1340000 - 0x00007ffef1354000 	C:\Windows\SYSTEM32\UMPDC.dll
0x00007ffef1620000 - 0x00007ffef163b000 	C:\Windows\SYSTEM32\kernel.appcore.dll
0x00007ffeeaec0000 - 0x00007ffeeaeca000 	C:\Users\LEGION\.antigravity-ide\extensions\redhat.java-1.54.0-win32-x64\jre\21.0.10-win32-x86_64\bin\jimage.dll
0x00007ffef0080000 - 0x00007ffef02c2000 	C:\Windows\SYSTEM32\DBGHELP.DLL
0x00007ffef5750000 - 0x00007ffef5ad3000 	C:\Windows\System32\combase.dll
0x00007ffef5ae0000 - 0x00007ffef5bb9000 	C:\Windows\System32\OLEAUT32.dll
0x00007ffec5250000 - 0x00007ffec528b000 	C:\Windows\SYSTEM32\dbgcore.DLL
0x00007ffef2d80000 - 0x00007ffef2e28000 	C:\Windows\System32\bcryptPrimitives.dll
0x00007ffee9eb0000 - 0x00007ffee9ebf000 	C:\Users\LEGION\.antigravity-ide\extensions\redhat.java-1.54.0-win32-x64\jre\21.0.10-win32-x86_64\bin\instrument.dll
0x00007ffee2700000 - 0x00007ffee2720000 	C:\Users\LEGION\.antigravity-ide\extensions\redhat.java-1.54.0-win32-x64\jre\21.0.10-win32-x86_64\bin\java.dll
0x00007ffef3b70000 - 0x00007ffef42de000 	C:\Windows\System32\SHELL32.dll
0x00007ffef31c0000 - 0x00007ffef3a2c000 	C:\Windows\System32\windows.storage.dll
0x00007ffef5310000 - 0x00007ffef5406000 	C:\Windows\System32\SHCORE.dll
0x00007ffef5c50000 - 0x00007ffef5cb6000 	C:\Windows\System32\shlwapi.dll
0x00007ffef26b0000 - 0x00007ffef26d9000 	C:\Windows\SYSTEM32\profapi.dll
0x00007ffed2c40000 - 0x00007ffed2c58000 	C:\Users\LEGION\.antigravity-ide\extensions\redhat.java-1.54.0-win32-x64\jre\21.0.10-win32-x86_64\bin\zip.dll
0x00007ffee90c0000 - 0x00007ffee90d0000 	C:\Users\LEGION\.antigravity-ide\extensions\redhat.java-1.54.0-win32-x64\jre\21.0.10-win32-x86_64\bin\net.dll
0x00007ffeeb940000 - 0x00007ffeeba69000 	C:\Windows\SYSTEM32\WINHTTP.dll
0x00007ffef1bb0000 - 0x00007ffef1c1c000 	C:\Windows\system32\mswsock.dll
0x00007ffecc130000 - 0x00007ffecc146000 	C:\Users\LEGION\.antigravity-ide\extensions\redhat.java-1.54.0-win32-x64\jre\21.0.10-win32-x86_64\bin\nio.dll
0x00007ffee9000000 - 0x00007ffee9010000 	C:\Users\LEGION\.antigravity-ide\extensions\redhat.java-1.54.0-win32-x64\jre\21.0.10-win32-x86_64\bin\verify.dll
0x00007ffeca0f0000 - 0x00007ffeca117000 	C:\Users\LEGION\.gradle\native\1def1411415f61bf3af743bc5b6707747c0891f09f0c88961ee8f79bc544acac\windows-amd64\native-platform.dll
0x00007ffe11140000 - 0x00007ffe111b8000 	C:\Users\LEGION\.gradle\native\0.2.7\x86_64-windows-gnu\gradle-fileevents.dll
0x00007ffee9ea0000 - 0x00007ffee9eaa000 	C:\Users\LEGION\.antigravity-ide\extensions\redhat.java-1.54.0-win32-x64\jre\21.0.10-win32-x86_64\bin\management.dll
0x00007ffee9e90000 - 0x00007ffee9e9c000 	C:\Users\LEGION\.antigravity-ide\extensions\redhat.java-1.54.0-win32-x64\jre\21.0.10-win32-x86_64\bin\management_ext.dll
0x00007ffef3ae0000 - 0x00007ffef3ae8000 	C:\Windows\System32\PSAPI.DLL
0x00007ffef0f70000 - 0x00007ffef0fa2000 	C:\Windows\SYSTEM32\IPHLPAPI.DLL
0x00007ffef5180000 - 0x00007ffef518a000 	C:\Windows\System32\NSI.dll
0x00007ffee58c0000 - 0x00007ffee58c9000 	C:\Users\LEGION\.antigravity-ide\extensions\redhat.java-1.54.0-win32-x64\jre\21.0.10-win32-x86_64\bin\extnet.dll
0x00007ffef1ea0000 - 0x00007ffef1ebb000 	C:\Windows\SYSTEM32\CRYPTSP.dll
0x00007ffef1580000 - 0x00007ffef15b9000 	C:\Windows\system32\rsaenh.dll
0x00007ffef1c60000 - 0x00007ffef1c93000 	C:\Windows\SYSTEM32\USERENV.dll
0x00007ffef2680000 - 0x00007ffef26aa000 	C:\Windows\SYSTEM32\bcrypt.dll
0x00007ffef1e90000 - 0x00007ffef1e9c000 	C:\Windows\SYSTEM32\CRYPTBASE.dll
0x00007ffee8fd0000 - 0x00007ffee8fde000 	C:\Users\LEGION\.antigravity-ide\extensions\redhat.java-1.54.0-win32-x64\jre\21.0.10-win32-x86_64\bin\sunmscapi.dll
0x00007ffef3040000 - 0x00007ffef31b8000 	C:\Windows\System32\CRYPT32.dll
0x00007ffef20b0000 - 0x00007ffef20e0000 	C:\Windows\SYSTEM32\ncrypt.dll
0x00007ffef2060000 - 0x00007ffef209f000 	C:\Windows\SYSTEM32\NTASN1.dll
0x00007ffea32c0000 - 0x00007ffea32c8000 	C:\Windows\system32\wshunix.dll

JVMTI agents:
C:\Users\LEGION\.gradle\wrapper\dists\gradle-8.14.3-all\10utluxaxniiv4wxiphsi49nj\gradle-8.14.3\lib\agents\gradle-instrumentation-agent-8.14.3.jar path:C:\Users\LEGION\.antigravity-ide\extensions\redhat.java-1.54.0-win32-x64\jre\21.0.10-win32-x86_64\bin\instrument.dll, loaded, initialized, instrumentlib options:none

dbghelp: loaded successfully - version: 4.0.5 - missing functions: none
symbol engine: initialized successfully - sym options: 0x614 - pdb path: .;C:\Users\LEGION\.antigravity-ide\extensions\redhat.java-1.54.0-win32-x64\jre\21.0.10-win32-x86_64\bin;C:\Windows\SYSTEM32;C:\Windows\WinSxS\amd64_microsoft.windows.common-controls_6595b64144ccf1df_6.0.26100.8457_none_3e0b2faee331e92d;C:\Users\LEGION\.antigravity-ide\extensions\redhat.java-1.54.0-win32-x64\jre\21.0.10-win32-x86_64\bin\server;C:\Users\LEGION\.gradle\native\1def1411415f61bf3af743bc5b6707747c0891f09f0c88961ee8f79bc544acac\windows-amd64;C:\Users\LEGION\.gradle\native\0.2.7\x86_64-windows-gnu

VM Arguments:
jvm_args: --add-opens=java.base/java.lang=ALL-UNNAMED --add-opens=java.base/java.lang.invoke=ALL-UNNAMED --add-opens=java.base/java.util=ALL-UNNAMED --add-opens=java.prefs/java.util.prefs=ALL-UNNAMED --add-exports=jdk.compiler/com.sun.tools.javac.api=ALL-UNNAMED --add-exports=jdk.compiler/com.sun.tools.javac.util=ALL-UNNAMED --add-opens=java.base/java.util=ALL-UNNAMED --add-opens=java.prefs/java.util.prefs=ALL-UNNAMED --add-opens=java.base/java.nio.charset=ALL-UNNAMED --add-opens=java.base/java.net=ALL-UNNAMED --add-opens=java.base/java.util.concurrent.atomic=ALL-UNNAMED --add-opens=java.xml/javax.xml.namespace=ALL-UNNAMED -Xmx1536m -Dfile.encoding=UTF-8 -Duser.country=US -Duser.language=en -Duser.variant -javaagent:C:\Users\LEGION\.gradle\wrapper\dists\gradle-8.14.3-all\10utluxaxniiv4wxiphsi49nj\gradle-8.14.3\lib\agents\gradle-instrumentation-agent-8.14.3.jar 
java_command: org.gradle.launcher.daemon.bootstrap.GradleDaemon 8.14.3
java_class_path (initial): C:\Users\LEGION\.gradle\wrapper\dists\gradle-8.14.3-all\10utluxaxniiv4wxiphsi49nj\gradle-8.14.3\lib\gradle-daemon-main-8.14.3.jar
Launcher Type: SUN_STANDARD

[Global flags]
     intx CICompilerCount                          = 12                                        {product} {ergonomic}
     uint ConcGCThreads                            = 5                                         {product} {ergonomic}
     uint G1ConcRefinementThreads                  = 20                                        {product} {ergonomic}
   size_t G1HeapRegionSize                         = 1048576                                   {product} {ergonomic}
    uintx GCDrainStackTargetSize                   = 64                                        {product} {ergonomic}
   size_t InitialHeapSize                          = 264241152                                 {product} {ergonomic}
   size_t MarkStackSize                            = 4194304                                   {product} {ergonomic}
   size_t MaxHeapSize                              = 1610612736                                {product} {command line}
   size_t MaxNewSize                               = 965738496                                 {product} {ergonomic}
   size_t MinHeapDeltaBytes                        = 1048576                                   {product} {ergonomic}
   size_t MinHeapSize                              = 8388608                                   {product} {ergonomic}
    uintx NonNMethodCodeHeapSize                   = 7602480                                {pd product} {ergonomic}
    uintx NonProfiledCodeHeapSize                  = 122027880                              {pd product} {ergonomic}
    uintx ProfiledCodeHeapSize                     = 122027880                              {pd product} {ergonomic}
    uintx ReservedCodeCacheSize                    = 251658240                              {pd product} {ergonomic}
     bool SegmentedCodeCache                       = true                                      {product} {ergonomic}
   size_t SoftMaxHeapSize                          = 1610612736                             {manageable} {ergonomic}
     bool UseCompressedOops                        = true                           {product lp64_product} {ergonomic}
     bool UseG1GC                                  = true                                      {product} {ergonomic}
     bool UseLargePagesIndividualAllocation        = false                                  {pd product} {ergonomic}

Logging:
Log output configuration:
 #0: stdout all=warning uptime,level,tags foldmultilines=false
 #1: stderr all=off uptime,level,tags foldmultilines=false

Release file:
JAVA_VERSION="21.0.10" 
MODULES="java.base java.compiler java.datatransfer java.xml java.prefs java.desktop java.instrument java.logging java.management java.security.sasl java.naming java.rmi java.management.rmi java.net.http java.scripting java.security.jgss java.transaction.xa java.sql java.sql.rowset java.xml.crypto java.se java.smartcardio jdk.accessibility jdk.internal.jvmstat jdk.attach jdk.charsets jdk.internal.opt jdk.zipfs jdk.compiler jdk.crypto.ec jdk.crypto.cryptoki jdk.crypto.mscapi jdk.dynalink jdk.internal.ed jdk.editpad jdk.hotspot.agent jdk.httpserver jdk.internal.le jdk.internal.vm.ci jdk.internal.vm.compiler jdk.internal.vm.compiler.management jdk.jartool jdk.javadoc jdk.jcmd jdk.management jdk.management.agent jdk.jconsole jdk.jdeps jdk.jdwp.agent jdk.jdi jdk.jfr jdk.jshell jdk.jsobject jdk.jstatd jdk.localedata jdk.management.jfr jdk.naming.dns jdk.naming.rmi jdk.net jdk.nio.mapmode jdk.random jdk.sctp jdk.security.auth jdk.security.jgss jdk.unsupported jdk.unsupported.desktop jdk.xml.dom" 

Environment Variables:
PATH=C:\Program Files\Common Files\Oracle\Java\javapath;C:\Windows\system32;C:\Windows;C:\Windows\System32\Wbem;C:\Windows\System32\WindowsPowerShell\v1.0\;C:\Windows\System32\OpenSSH\;C:\Program Files\NVIDIA Corporation\NVIDIA app\NvDLISR;C:\Program Files (x86)\NVIDIA Corporation\PhysX\Common;C:\laragon\bin\php\php-8.3.30-nts-Win32-vs16-x64;C:\ProgramData\ComposerSetup\bin;C:\Program Files\dotnet\;C:\Program Files\nodejs\;C:\Program Files\Cloudflare\Cloudflare WARP\;C:\Program Files\Git\cmd;C:\Users\LEGION\.local\bin;C:\Users\LEGION\AppData\Local\Microsoft\WindowsApps;C:\Users\LEGION\AppData\Roaming\Composer\vendor\bin;C:\Users\LEGION\AppData\Local\Programs\Microsoft VS Code\bin;C:\Users\LEGION\AppData\Local\Programs\Antigravity\bin;C:\Users\LEGION\AppData\Roaming\npm;C:\Users\LEGION\AppData\Local\Microsoft\WinGet\Packages\GitHub.cli_Microsoft.Winget.Source_8wekyb3d8bbwe\bin;C:\Users\LEGION\AppData\Local\Programs\Antigravity IDE\bin
USERNAME=LEGION
OS=Windows_NT
PROCESSOR_IDENTIFIER=Intel64 Family 6 Model 183 Stepping 1, GenuineIntel
TMP=C:\Users\LEGION\AppData\Local\Temp
TEMP=C:\Users\LEGION\AppData\Local\Temp




Periodic native trim disabled

---------------  S Y S T E M  ---------------

OS:
 Windows 11 , 64 bit Build 26100 (10.0.26100.8328)
OS uptime: 2 days 10:23 hours
Hyper-V role detected

CPU: total 28 (initial active 28) (14 cores per cpu, 2 threads per core) family 6 model 183 stepping 1 microcode 0x123, cx8, cmov, fxsr, ht, mmx, 3dnowpref, sse, sse2, sse3, ssse3, sse4.1, sse4.2, popcnt, lzcnt, tsc, tscinvbit, avx, avx2, aes, erms, clmul, bmi1, bmi2, adx, sha, fma, vzeroupper, clflush, clflushopt, clwb, hv, serialize, rdtscp, rdpid, fsrm, f16c, cet_ibt, cet_ss
Processor Information for the first 28 processors :
  Max Mhz: 2100, Current Mhz: 2100, Mhz Limit: 2100

Memory: 4k page, system-wide physical 16107M (1839M free)
TotalPageFile size 38483M (AvailPageFile size 4M)
current process WorkingSet (physical memory assigned to process): 568M, peak: 594M
current process commit charge ("private bytes"): 638M, peak: 667M

vm_info: OpenJDK 64-Bit Server VM (21.0.10+7-LTS) for windows-amd64 JRE (21.0.10+7-LTS), built on 2026-01-20T00:00:00Z by "admin" with MS VC++ 17.12 (VS2022)

END.
